frame,time,track_id,confidence,pixel_x,pixel_y,court_x,court_y,inside_court
2,0.04,0,0.9463236331939696,497.4402160644531,436.9690551757813,15.356175,9.159191,True
2,0.04,1,0.9189064502716064,1012.1344909667969,604.6966552734375,20.980978,14.110223,True
2,0.04,2,0.8478860259056091,702.8103637695312,625.6204223632812,17.481428,14.445071,True
2,0.04,3,0.852696418762207,1022.0966796875,497.5400695800781,21.613432,11.34838,True
2,0.04,4,0.7601686120033264,705.8326721191406,433.2141723632813,18.022991,9.221877,True
3,0.08,0,0.947838008403778,497.17149353027344,436.9475708007813,15.352741,9.158291,True
3,0.08,1,0.9204006791114808,1014.8515319824219,605.2023315429688,21.008617,14.123899,True
3,0.08,2,0.8631079196929932,693.2245483398438,626.9915771484375,17.371382,14.472707,True
3,0.08,3,0.8509907126426697,1023.3721313476562,499.7696533203125,21.61678,11.410893,True
3,0.08,4,0.7982004880905151,707.1495056152344,436.2097473144531,18.030647,9.31524,True
3,0.08,5,0.7688648104667664,663.6357116699219,488.4192810058594,17.348627,10.829698,True
3,0.08,6,0.6301683187484741,598.5598754882812,449.3349304199219,16.626421,9.6251135,True
4,0.12,0,0.9494698643684388,496.866943359375,437.23876953125,15.348497,9.16709,True
4,0.12,1,0.918609619140625,1017.1742248535156,606.3375854492188,21.029053,14.1525,True
4,0.12,2,0.9100767374038696,693.4799194335938,627.1154174804688,17.373955,14.4758,True
4,0.12,3,0.8605919480323792,1025.0009460449219,501.7803955078125,21.625402,11.467442,True
4,0.12,4,0.8132511377334595,709.7157287597656,441.8387451171875,18.046099,9.489658,True
4,0.12,5,0.619342565536499,642.5460815429688,463.1338195800781,17.148552,10.075544,True
4,0.12,6,0.5267825126647949,630.8582458496094,553.331298828125,16.812967,12.589704,True
5,0.16,0,0.9478628635406494,498.90087890625,438.18206787109375,15.373603,9.198176,True
5,0.16,1,0.9134089350700378,1019.1355590820312,608.0928344726562,21.042686,14.1957445,True
5,0.16,2,0.8643928170204163,697.6599426269531,627.9009399414062,17.418797,14.49676,True
5,0.16,3,0.8544154167175293,1026.2156372070312,508.385986328125,21.605255,11.64923,True
5,0.16,4,0.8213076591491699,709.66796875,443.5827331542969,18.04028,9.5427065,True
5,0.16,5,0.6336739659309387,643.6803283691406,461.3988342285156,17.166767,10.02484,True
5,0.16,7,0.7702696919441223,760.1110229492188,602.17431640625,18.18324,13.908774,True
5,0.16,6,0.5154847502708435,632.7355041503906,555.2369995117188,16.831224,12.641006,True
6,0.2,0,0.9415388107299804,501.4816589355469,436.4511413574219,15.408776,9.146559,True
6,0.2,1,0.9015134572982788,1020.9892883300781,606.0488891601562,21.072308,14.147638,True
6,0.2,2,0.932279884815216,700.7947692871094,623.486572265625,17.463829,14.392923,True
6,0.2,3,0.8685523271560669,1030.3496704101562,502.9166870117188,21.682165,11.502433,True
6,0.2,4,0.840468168258667,717.0011901855469,440.2484436035156,18.14252,9.447253,True
6,0.2,6,0.7335651516914368,635.0345153808594,555.1019897460938,16.858467,12.638932,True
6,0.2,7,0.8155807256698608,793.2230224609375,575.453857421875,18.637383,13.261851,True
6,0.2,5,0.5757588744163513,643.419189453125,458.9264831542969,17.169329,9.95087,True
7,0.24,0,0.9478809237480164,498.6175842285156,434.81634521484375,15.373758,9.0931,True
7,0.24,1,0.9058422446250916,1023.1774291992188,605.0853881835938,21.100752,14.125641,True
7,0.24,2,0.9250940680503844,702.322998046875,622.701904296875,17.482712,14.374931,True
7,0.24,3,0.8641992807388306,1031.6213684082031,501.3316955566406,21.705416,11.459753,True
7,0.24,4,0.8430542349815369,717.2510681152344,448.4712219238281,18.12057,9.697063,True
7,0.24,5,0.7722680568695068,639.6550598144531,452.5191345214844,17.137238,9.755428,True
7,0.24,6,0.768290102481842,638.501953125,552.5419921875,16.904354,12.573835,True
7,0.24,7,0.8725350499153137,796.1912536621094,572.6036987304688,18.680222,13.191303,True
8,0.28,0,0.954414129257202,494.6290588378906,434.0435180664063,15.32319,9.065487,True
8,0.28,1,0.9142916798591614,1025.0482177734375,604.0567016601562,21.126032,14.101874,True
8,0.28,2,0.913951814174652,705.4804382324219,620.5596923828125,17.522993,14.325185,True
8,0.28,3,0.8581390380859375,1034.3353881835938,504.0021057128906,21.723131,11.5350065,True
8,0.28,4,0.8621866703033447,721.2019348144531,435.02880859375,18.2116,9.290873,True
8,0.28,5,0.8136060833930969,638.6992797851562,448.4383239746094,17.134802,9.631193,True
8,0.28,6,0.7407470345497131,639.4984130859375,551.3665771484375,16.918467,12.543496,True
8,0.28,7,0.910405158996582,806.12451171875,568.8984375,18.805742,13.102931,True
9,0.32,0,0.9458869695663452,488.4194030761719,433.3723754882813,15.243758,9.039079,True
9,0.32,1,0.9177053570747375,1027.2146606445312,602.83349609375,21.155487,14.073547,True
9,0.32,2,0.8608354330062866,708.5562133789062,619.2268676757812,17.560543,14.294776,True
9,0.32,3,0.8331252336502075,1035.4183959960938,510.9830932617188,21.69909,11.726261,True
9,0.32,4,0.8490123748779297,725.2803955078125,438.71673583984375,18.251411,9.40741,True
9,0.32,5,0.8386812210083008,645.0750732421875,446.3841247558594,17.220047,9.574093,True
9,0.32,6,0.6811200380325317,640.3474426269531,550.7160034179688,16.929787,12.526876,True
9,0.32,7,0.8233408331871033,822.8111572265625,568.2904052734375,18.998821,13.097575,True
10,0.36,0,0.9407818913459778,483.0274963378906,432.91943359375,15.174557,9.0201845,True
10,0.36,1,0.9247432947158812,1029.2799377441406,601.8844604492188,21.182604,14.051756,True
10,0.36,2,0.9115944504737854,716.4548645019531,617.46826171875,17.653189,14.256679,True
10,0.36,3,0.8450239896774292,1036.9408569335938,510.8575744628906,21.717487,11.723898,True
10,0.36,4,0.8550394177436829,724.0462646484375,449.3484191894531,18.202799,9.729097,True
10,0.36,5,0.8635895848274231,651.7572326660156,464.2015380859375,17.260744,10.114589,True
10,0.36,6,0.7184743285179138,649.1773681640625,549.177734375,17.036856,12.491952,True
10,0.36,7,0.8846662640571594,837.4826049804688,563.2159423828125,19.18423,12.976666,True
11,0.4,0,0.9349626898765564,478.4886932373047,430.81744384765625,15.117878,8.950222,True
11,0.4,1,0.9282982349395752,1033.4451904296875,598.3469848632812,21.244944,13.968369,True
11,0.4,2,0.9127767086029052,736.905517578125,614.7189331054688,17.889084,14.201438,True
11,0.4,3,0.8388810753822327,1037.4125366210938,505.4110412597656,21.751686,11.575743,True
11,0.4,4,0.8848195672035217,736.5159301757812,441.8128356933594,18.382648,9.511266,True
11,0.4,5,0.8628115653991699,664.3364868164062,463.51806640625,17.418928,10.104349,True
11,0.4,6,0.8086581230163574,649.2221069335938,549.9593505859375,17.035717,12.512634,True
11,0.4,7,0.8989630341529846,862.7326354980469,567.1912231445312,19.458939,13.093843,True
12,0.44,0,0.9347491264343262,477.8446502685547,428.548583984375,15.111687,8.878194,True
12,0.44,1,0.9326903820037842,1035.7403564453125,596.8988647460938,21.277052,13.934464,True
12,0.44,2,0.90546977519989,752.3486328125,612.6673583984375,18.067425,14.160255,True
12,0.44,3,0.8346688151359558,1039.5176086425781,507.0212707519531,21.767761,11.621212,True
12,0.44,4,0.8871616125106812,744.2919311523438,442.57513427734375,18.477602,9.540922,True
12,0.44,5,0.8793993592262268,669.7329711914062,457.2563781738281,17.502176,9.922214,True
12,0.44,6,0.7469850182533264,646.3412475585938,551.8919067382812,16.997778,12.561756,True
12,0.44,7,0.9036553502082824,872.0966186523438,564.04248046875,19.577482,13.019123,True
13,0.48,0,0.9435229897499084,475.3760986328125,428.0690002441406,15.080106,8.860875,True
13,0.48,1,0.9301329851150512,1037.3980712890625,594.5265502929688,21.306522,13.877623,True
13,0.48,2,0.888931393623352,768.9701843261719,609.7512817382812,18.261616,14.098683,True
13,0.48,3,0.8216477036476135,1040.0832824707031,493.7283020019531,21.84542,11.255514,True
13,0.48,4,0.8729491829872131,752.1327514648438,437.75787353515625,18.592009,9.400696,True
13,0.48,5,0.8489137291908264,677.5203552246094,454.90728759765625,17.60561,9.858185,True
13,0.48,6,0.618517279624939,648.4071044921875,551.8361206054688,17.022156,12.561617,True
13,0.48,7,0.8987047672271729,883.9158020019531,562.0879516601562,19.71993,12.976316,True
14,0.52,0,0.9468040466308594,473.2717590332031,430.0225524902344,15.051021,8.92062,True
14,0.52,1,0.9334225654602052,1039.8329467773438,592.809326171875,21.341574,13.837072,True
14,0.52,2,0.8556811213493347,781.40625,607.7874755859375,18.406563,14.057828,True
14,0.52,3,0.8430345058441162,1040.34423828125,488.929443359375,21.874468,11.121935,True
14,0.52,4,0.8739393353462219,765.257568359375,441.1676330566406,18.744797,9.515621,True
14,0.52,5,0.8771599531173706,684.3066101074219,456.7845764160156,17.68527,9.919897,True
14,0.52,6,0.6596055030822754,646.9625854492188,544.9511108398438,17.019762,12.378446,True
14,0.52,7,0.8954818248748779,892.8949890136719,564.6815795898438,19.812458,13.04819,True
15,0.56,0,0.9360913038253784,470.58103942871094,435.1942138671875,15.011602,9.08054,True
15,0.56,1,0.9312137365341188,1041.7837219238281,592.3228759765625,21.365473,13.8262825,True
15,0.56,2,0.8775944709777832,790.0358581542969,605.7921142578125,18.509144,14.014026,True
15,0.56,3,0.8420723080635071,1040.7839965820312,487.617431640625,21.886797,11.085533,True
15,0.56,4,0.873617947101593,772.6058959960938,437.6238708496094,18.849293,9.413819,True
15,0.56,5,0.8165674209594727,686.9244079589844,458.1257934570313,17.714241,9.962066,True
15,0.56,6,0.7309678792953491,703.1398620605469,520.72119140625,17.743736,11.762682,True
15,0.56,7,0.9031749963760376,905.8309020996094,565.7857666015625,19.955496,13.084249,True
16,0.6,0,0.9473081827163696,457.9283142089844,443.3379211425781,14.841915,9.322876,True
16,0.6,1,0.9421566724777222,1045.6998291015625,589.8032836914062,21.42088,13.766808,True
16,0.6,2,0.8769761919975281,809.29931640625,598.3703002929688,18.748066,13.843144,True
16,0.6,3,0.828741192817688,1040.0633544921875,487.0827941894531,21.881184,11.070026,True
16,0.6,4,0.8869674205780029,790.0958251953125,422.3633728027344,19.125605,8.958069,True
16,0.6,5,0.8132380843162537,703.3309020996094,435.6970520019531,17.98396,9.296237,True
16,0.6,6,0.751251757144928,703.4578552246094,519.4974365234375,17.750761,11.729389,True
16,0.6,7,0.8941066861152649,926.5654907226562,560.6405639648438,20.212479,12.96546,True
17,0.64,0,0.9496009945869446,453.41656494140625,444.7417602539063,14.782889,9.362412,True
17,0.64,1,0.937808096408844,1048.6109924316406,588.0191650390625,21.461739,13.72467,True
17,0.64,2,0.8725935220718384,821.5962219238281,591.978271484375,18.906916,13.69244,True
17,0.64,3,0.822689414024353,1040.0323486328125,479.8196411132813,21.920528,10.865386,True
17,0.64,4,0.8908785581588745,796.7357482910156,426.0992431640625,19.19518,9.079902,True
17,0.64,5,0.8351271152496338,708.3250732421875,433.2330932617188,18.05446,9.22459,True
17,0.64,6,0.8330878615379333,710.0809631347656,511.801025390625,17.850649,11.522033,True
17,0.64,7,0.9161136150360109,938.1594848632812,565.2003173828125,20.325384,13.089,True
17,0.64,8,0.8899762034416199,47.70124816894531,494.7037658691406,9.616972,10.540574,True
18,0.68,0,0.9418237209320068,450.93601989746094,445.7964782714844,14.750284,9.392848,True
18,0.68,1,0.9432475566864014,1050.2294921875,586.5145874023438,21.486977,13.688591,True
18,0.68,2,0.890382707118988,824.0599060058594,596.6921997070312,18.919373,13.810238,True
18,0.68,3,0.820232093334198,1040.1133117675781,477.0704345703125,21.936625,10.787471,True
18,0.68,4,0.9034790396690368,806.6136779785156,427.9730529785156,19.312294,9.146354,True
18,0.68,5,0.8207806944847107,713.4951171875,435.8347473144531,18.111868,9.309102,True
18,0.68,6,0.7970661520957947,716.4697265625,506.8041687011719,17.941133,11.387815,True
18,0.68,7,0.9126886129379272,948.29345703125,566.6687622070312,20.434137,13.132479,True
18,0.68,8,0.882296085357666,54.918336868286126,494.8553771972656,9.710398,10.550697,True
18,0.68,9,0.7866056561470032,660.3391418457031,495.3966674804688,17.291615,11.026255,True
19,0.72,0,0.9424819946289062,451.59027099609375,445.2497863769531,14.759065,9.37654,True
19,0.72,1,0.944370687007904,1050.4777221679688,584.0938720703125,21.501493,13.629056,True
19,0.72,2,0.908135950565338,827.7862548828125,594.580322265625,18.968166,13.760312,True
19,0.72,3,0.8250795602798462,1041.37109375,463.7185668945313,22.026045,10.405575,True
19,0.72,4,0.9052479863166808,814.2827453613281,426.4185180664063,19.414894,9.104894,True
19,0.72,5,0.8015391826629639,713.9398803710938,420.4142150878906,18.165182,8.830404,True
19,0.72,6,0.8009912967681885,722.1257934570312,492.7522277832031,18.049389,10.9968195,True
19,0.72,7,0.9184796810150146,955.1271057128906,573.874267578125,20.480684,13.3186655,True
19,0.72,8,0.8692166209220886,64.43292236328125,493.1258850097656,9.828086,10.507016,True
19,0.72,9,0.8271840810775757,664.3900146484375,488.45648193359375,17.35776,10.83133,True
20,0.76,0,0.9306769371032716,452.6990203857422,445.0079650878906,14.77348,9.37002,True
20,0.76,1,0.9309285283088684,1053.0231323242188,581.2018432617188,21.54393,13.558994,True
20,0.76,2,0.9130995273590088,832.6499938964844,592.8694458007812,19.028559,13.720837,True
20,0.76,3,0.8271589279174805,1040.4891662597656,462.6844482421875,22.021267,10.374951,True
20,0.76,4,0.9103832244873048,824.7965393066406,423.1973571777344,19.56026,9.014134,True
20,0.76,5,0.8302363753318787,717.8396606445312,418.4296569824219,18.221199,8.771432,True
20,0.76,6,0.8390533924102783,727.1298217773438,490.0920715332031,18.117886,10.924905,True
20,0.76,7,0.9104048013687134,961.4389038085938,575.0731201171875,20.546677,13.352531,True
20,0.76,8,0.8476402163505554,75.26313018798828,491.2251586914063,9.96245,10.459226,True
20,0.76,9,0.8142067193984985,663.5281372070312,476.445556640625,17.37665,10.483673,True
21,0.8,0,0.9285695552825928,457.05047607421875,438.4040222167969,14.834287,9.168977,True
21,0.8,1,0.9291723370552064,1061.0004577636719,574.2630004882812,21.667244,13.391007,True
21,0.8,2,0.9371174573898317,840.0741577148438,586.1779174804688,19.134773,13.559024,True
21,0.8,3,0.8346753120422363,1040.0484924316406,464.5992431640625,22.005217,10.430025,True
21,0.8,4,0.9185844659805298,838.6144409179688,429.2452087402344,19.70881,9.212913,True
21,0.8,5,0.7989919185638428,724.7130432128906,432.0400085449219,18.265347,9.20178,True
21,0.8,6,0.8014017343521118,737.2704467773438,490.2626647949219,18.240461,10.937292,True
21,0.8,7,0.9229273796081544,966.9329833984376,567.51416015625,20.641518,13.165181,True
21,0.8,8,0.9178641438484192,94.07538223266602,496.6515502929688,10.218272,10.634102,True
21,0.8,9,0.8302208781242371,669.3067321777344,469.5748901367188,17.46526,10.287114,True
22,0.84,0,0.932617723941803,459.97642517089844,437.1958312988281,14.872979,9.133845,True
22,0.84,1,0.9251294136047364,1068.7835083007812,570.9943237304688,21.770721,13.313786,True
22,0.84,2,0.9442789554595948,848.4090576171875,579.9518432617188,19.250532,13.408161,True
22,0.84,3,0.8144096732139587,1038.1292114257812,464.9075012207031,21.98045,10.43746,True
22,0.84,4,0.9085285067558287,843.8374328613281,432.7907409667969,19.759281,9.326108,True
22,0.84,5,0.7863085269927979,726.7601623535156,425.4234924316406,18.312418,8.998334,True
22,0.84,6,0.8814640641212463,738.2029113769531,507.7680969238281,18.199282,11.430124,True
22,0.84,7,0.9210444688796996,971.9957275390626,564.6932983398438,20.711254,13.096651,True
22,0.84,8,0.9253444075584412,98.64736557006836,508.85833740234375,10.3065405,10.993251,True
22,0.84,9,0.8263459801673889,668.8159790039062,472.3126220703125,17.452248,10.367061,True
23,0.88,0,0.9282743334770204,462.5175476074219,435.864013671875,14.906853,9.094465,True
23,0.88,1,0.9251061081886292,1082.3242797851562,570.5597534179688,21.924372,13.310913,True
23,0.88,2,0.9479503631591796,856.5931396484375,574.9158325195312,19.361174,13.286196,True
23,0.88,3,0.8308267593383789,1037.9207763671875,464.8157348632813,21.97846,10.434648,True
23,0.88,4,0.909818470478058,849.3335571289062,429.08795166015625,19.843697,9.217208,True
23,0.88,5,0.8112903833389282,736.3366088867188,418.64068603515625,18.456451,8.794419,True
23,0.88,6,0.8718743324279785,743.854736328125,507.852294921875,18.266777,11.436481,True
23,0.88,7,0.8938945531845093,979.2079162597656,563.386474609375,20.798773,13.06779,True
23,0.88,8,0.9298422336578368,110.58121109008789,514.0357666015625,10.46992,11.151126,True
23,0.88,9,0.8332982659339905,670.4052734375,474.5176696777344,17.466286,10.4327755,True
24,0.92,0,0.92941552400589,464.6650390625,433.531494140625,14.936512,9.023325,True
24,0.92,1,0.913294553756714,1092.75439453125,568.2953491210938,22.052792,13.260272,True
24,0.92,2,0.9450368285179138,864.8378295898438,571.8966064453125,19.465797,13.214746,True
24,0.92,3,0.8283942937850952,1037.06201171875,465.32952880859375,21.965282,10.448832,True
24,0.92,4,0.9029040336608888,852.7695617675781,433.35205078125,19.868397,9.350804,True
24,0.92,5,0.8078713417053223,741.1636352539062,415.218017578125,18.529547,8.690835,True
24,0.92,6,0.9024983048439026,745.1441955566406,511.11419677734375,18.272406,11.527775,True
24,0.92,7,0.8839707374572754,988.8826599121094,560.7522583007812,20.920353,13.006547,True
24,0.92,8,0.9216978549957277,117.75854110717773,515.6190185546875,10.564138,11.20175,True
24,0.92,9,0.8089044690132141,675.0985107421875,472.39361572265625,17.529648,10.374331,True
25,0.96,0,0.9262815117836,468.89930725097656,433.68896484375,14.991166,9.03196,True
25,0.96,1,0.9000792503356934,1096.1267700195312,563.4039916992188,22.11641,13.139006,True
25,0.96,2,0.945022463798523,869.738525390625,571.0089721679688,19.524805,13.19519,True
25,0.96,3,0.7938804030418396,1033.5469055175781,461.8822326660156,21.942272,10.346324,True
25,0.96,4,0.8985787034034729,857.4898681640625,438.7760925292969,19.903938,9.519815,True
25,0.96,5,0.7777585387229919,749.4185485839844,408.4734802246094,18.658426,8.484229,True
25,0.96,6,0.8904433846473694,748.2379150390625,503.39007568359375,18.332909,11.315343,True
25,0.96,7,0.8578290343284607,997.3262023925781,556.0574340820312,21.037876,12.891569,True
25,0.96,8,0.9121976494789124,126.01414489746094,519.2718505859375,10.676103,11.3119335,True
25,0.96,9,0.6080688238143921,680.0416870117188,469.1398010253906,17.599232,10.282755,True
26,1.0,0,0.9275612831115724,474.85597229003906,431.1236572265625,15.070545,8.956659,True
26,1.0,1,0.9172813892364502,1109.4853515625,553.5570678710938,22.319693,12.896726,True
26,1.0,2,0.9293982982635498,888.1593933105469,565.21240234375,19.756414,13.058853,True
26,1.0,3,0.8546999096870422,1029.345703125,472.8953247070313,21.8311,10.660384,True
26,1.0,4,0.8921587467193604,875.1083374023438,428.6425476074219,20.1679,9.225457,True
26,1.0,5,0.7747178077697754,757.1395874023438,404.9081726074219,18.770142,8.377324,True
26,1.0,6,0.8817326426506042,752.1901245117188,500.4211120605469,18.389582,11.235114,True
26,1.0,7,0.8777168989181519,1018.7917785644531,554.4468383789062,21.289297,12.863499,True
26,1.0,8,0.8985774517059326,154.54380416870117,523.9530029296875,11.043274,11.465158,True
26,1.0,9,0.6561763882637024,702.3408508300781,469.090576171875,17.874945,10.298804,True
27,1.04,0,0.9364338517189026,479.38592529296875,429.0618286132813,15.131184,8.89574,True
27,1.04,1,0.9109615087509156,1114.1104125976562,549.6207885742188,22.393536,12.79865,True
27,1.04,2,0.9234655499458312,898.8176574707031,561.05810546875,19.89419,12.959082,True
27,1.04,3,0.8950674533843994,1024.082275390625,469.5653076171875,21.786276,10.560942,True
27,1.04,4,0.8801840543746948,877.4935913085938,408.97607421875,20.287817,8.615126,True
27,1.04,5,0.7125706076622009,759.4358215332031,403.647216796875,18.804186,8.339005,True
27,1.04,6,0.8421631455421448,750.947509765625,510.3054504394531,18.344242,11.509503,True
27,1.04,7,0.8659627437591553,1024.7183837890625,554.0610961914062,21.358437,12.857262,True
27,1.04,8,0.9023063778877258,168.9716033935547,522.3580322265625,11.220758,11.430577,True
27,1.04,9,0.8083320260047913,708.8351440429688,459.0997619628906,17.984049,10.008706,True
28,1.08,0,0.9425902962684632,482.3900146484375,425.476806640625,15.173686,8.785114,True
28,1.08,1,0.9051888585090636,1117.7868041992188,545.9697875976562,22.455395,12.706887,True
28,1.08,2,0.9152162671089172,910.5057983398438,557.2977905273438,20.042772,12.8696575,True
28,1.08,3,0.893060564994812,1023.241943359375,465.6838073730469,21.79737,10.4484625,True
28,1.08,4,0.9043217301368712,889.1754760742188,413.5677490234375,20.41386,8.769929,True
28,1.08,5,0.7854567766189575,771.1949768066406,398.8984680175781,18.97297,8.197017,True
28,1.08,6,0.7360297441482544,764.9116516113281,501.2485046386719,18.539927,11.267473,True
28,1.08,7,0.8811387419700623,1033.3604125976562,555.9198608398438,21.447315,12.910292,True
28,1.08,8,0.9260008335113524,182.3170394897461,519.2535400390625,11.382381,11.352471,True
28,1.08,9,0.7657839059829712,713.4580993652344,455.6903076171875,18.051575,9.9107685,True
29,1.12,0,0.9495006799697876,486.0054626464844,422.6694946289063,15.223554,8.699241,True
29,1.12,1,0.9111768007278442,1122.2938842773438,545.067626953125,22.511456,12.686412,True
29,1.12,2,0.9127424359321594,919.9002075195312,553.3410034179688,20.166464,12.773369,True
29,1.12,3,0.8910595178604126,1022.6160278320312,461.1424560546875,21.814735,10.316368,True
29,1.12,4,0.9112539887428284,892.2856750488281,410.8612060546875,20.465925,8.687688,True
29,1.12,5,0.7562608122825623,776.6719665527344,398.1754760742188,19.046242,8.178735,True
29,1.12,6,0.724098265171051,772.996826171875,501.4535217285156,18.63635,11.279033,True
29,1.12,7,0.8891186714172363,1038.9804992675781,557.6495971679688,21.502386,12.958005,True
29,1.12,8,0.9206258058547974,194.59546661376953,514.5416870117188,11.528637,11.227612,True
29,1.12,9,0.7587283253669739,726.2002563476562,451.0308227539063,18.224474,9.781487,True
30,1.16,0,0.9492663741111756,490.9974060058594,421.0850524902344,15.290228,8.653286,True
30,1.16,1,0.9096667170524596,1125.9766235351562,541.999755859375,22.570496,12.609301,True
30,1.16,2,0.9145389795303344,924.3499755859375,550.4235229492188,20.22959,12.700543,True
30,1.16,3,0.8811042904853821,1018.6403503417969,459.6354370117188,21.775057,10.269416,True
30,1.16,4,0.9093759059906006,892.4007568359375,407.307373046875,20.48436,8.575707,True
30,1.16,5,0.7693660855293274,781.1299743652344,396.116943359375,19.111574,8.116298,True
30,1.16,6,0.7941914200782776,779.4963073730469,496.3092956542969,18.731464,11.139441,True
30,1.16,7,0.8786217570304871,1044.130859375,556.970947265625,21.564007,12.943822,True
30,1.16,8,0.9240576028823853,202.7700653076172,512.1871948242188,11.627607,11.166476,True
30,1.16,9,0.7775434255599976,729.4443664550781,444.2280578613281,18.286306,9.578753,True
31,1.2,0,0.9394517540931702,502.7983856201172,417.1940002441406,15.448501,8.539661,True
31,1.2,1,0.9054107666015624,1136.3035278320312,537.0308227539062,22.716145,12.486599,True
31,1.2,2,0.9150307774543762,933.5624694824219,542.7698974609375,20.367868,12.506735,True
31,1.2,3,0.8689643144607544,1013.2048950195312,455.229736328125,21.733452,10.13637,True
31,1.2,4,0.901637077331543,897.7664184570312,413.84326171875,20.520771,8.786121,True
31,1.2,5,0.728115439414978,783.3255004882812,389.9939270019531,19.163734,7.919222,True
31,1.2,6,0.7972554564476013,788.9375,479.1559143066406,18.90434,10.658199,True
31,1.2,7,0.9081804752349854,1051.4956665039062,556.0897216796875,21.651716,12.925812,True
31,1.2,8,0.9300605654716492,212.77679443359375,512.9590454101562,11.754218,11.195886,True
31,1.2,9,0.809302568435669,746.8310546875,443.1560363769531,18.507471,9.560671,True
32,1.24,0,0.9482483863830566,509.09632873535156,413.18365478515625,15.535703,8.4166565,True
32,1.24,1,0.9086384177207948,1141.009765625,532.35888671875,22.796856,12.367373,True
32,1.24,2,0.905921757221222,937.31298828125,539.2230224609375,20.426392,12.415978,True
32,1.24,3,0.8754191994667053,1011.0368041992188,449.8691101074219,21.736507,9.976851,True
32,1.24,4,0.8984653353691101,900.5709838867188,410.3061828613281,20.573158,8.677569,True
32,1.24,5,0.7504149675369263,787.9535827636719,387.0162353515625,19.235443,7.8261366,True
32,1.24,6,0.7860736846923828,799.830810546875,467.9916687011719,19.077127,10.342796,True
32,1.24,7,0.9183464646339417,1056.0927124023438,554.1698608398438,21.71346,12.879473,True
32,1.24,8,0.9269607067108154,219.5632095336914,514.8770141601562,11.841806,11.255477,True
32,1.24,9,0.8878976106643677,753.6329345703125,434.3489990234375,18.622454,9.297519,True
33,1.28,0,0.931634783744812,519.4381866455078,410.0084228515625,15.675206,8.323742,True
33,1.28,1,0.8817905783653259,1143.6190795898438,527.9461059570312,22.85255,12.25294,True
33,1.28,2,0.9113749861717224,942.4534606933594,538.0069580078125,20.49103,12.387275,True
33,1.28,3,0.8900406956672668,1009.2314758300781,445.9844055175781,21.73588,9.860304,True
33,1.28,4,0.8961312770843506,903.2425537109375,402.0067443847656,20.647482,8.417279,True
33,1.28,5,0.7250669598579407,800.3566589355469,386.3993225097656,19.398706,7.8176665,True
33,1.28,6,0.8382324576377869,802.20458984375,478.31494140625,19.068668,10.644056,True
33,1.28,7,0.9189643263816832,1062.5868530273438,550.7055053710938,21.804785,12.79449,True
33,1.28,8,0.9279150366783142,223.35435485839844,515.6529541015625,11.890228,11.280295,True
33,1.28,9,0.8707996606826782,754.7513427734375,430.6435852050781,18.649246,9.184378,True
34,1.32,0,0.9372997879981996,524.6966094970703,407.7194519042969,15.747292,8.25452,True
34,1.32,1,0.8727149963378906,1146.4554443359375,523.8566284179688,22.909227,12.146601,True
34,1.32,2,0.9146188497543336,951.66845703125,535.363525390625,20.609152,12.323489,True
34,1.32,3,0.8928742408752441,1007.2691040039062,448.8810729980469,21.696098,9.944624,True
34,1.32,4,0.904364287853241,908.0130615234375,396.6983642578125,20.734457,8.252002,True
34,1.32,5,0.7310972809791565,808.5716247558594,382.8716125488281,19.519852,7.7095256,True
34,1.32,6,0.783459484577179,811.3632202148438,471.11279296875,19.206623,10.442692,True
34,1.32,7,0.9328544735908508,1064.9366455078125,548.858642578125,21.840996,12.748353,True
34,1.32,8,0.9422475695610046,224.94981384277344,516.9110107421875,11.911784,11.317143,True
34,1.32,9,0.8782824277877808,763.9389038085938,426.2751159667969,18.780529,9.057046,True
35,1.36,0,0.932906210422516,530.3667144775391,406.0344848632813,15.824088,8.205111,True
35,1.36,1,0.8728436827659607,1147.0883178710938,518.6949462890625,22.947344,12.009636,True
35,1.36,2,0.9199366569519044,958.6849365234375,533.5252075195312,20.698513,12.2794285,True
35,1.36,3,0.8954856991767883,1005.5068359375,453.6352844238281,21.648825,10.083471,True
35,1.36,4,0.8920678496360779,913.24462890625,391.6841430664063,20.826452,8.095459,True
35,1.36,5,0.7524442076683044,811.728515625,379.660888671875,19.5744,7.6065326,True
35,1.36,6,0.8033875226974487,818.1689453125,473.6481628417969,19.280107,10.521482,True
35,1.36,7,0.930943727493286,1066.2421875,549.4654541015625,21.852654,12.76482,True
35,1.36,8,0.9391632676124572,228.7707977294922,519.4132690429688,11.962608,11.390698,True
35,1.36,9,0.8534716367721558,774.09521484375,426.1018981933594,18.909494,9.060447,True
36,1.4,0,0.9157277941703796,540.7323303222656,400.3869018554688,15.968941,8.030693,True
36,1.4,1,0.8597726821899414,1142.3981323242188,511.3720703125,22.937393,11.809939,True
36,1.4,2,0.9090635180473328,967.4079284667969,528.8795776367188,20.820704,12.161768,True
36,1.4,3,0.8819586038589478,1002.5791015625,448.1359252929688,21.643064,9.918799,True
36,1.4,4,0.8746218085289001,918.453369140625,399.87005615234375,20.851166,8.3629675,True
36,1.4,5,0.7245842814445496,830.6452941894531,375.8945007324219,19.836872,7.4999037,True
36,1.4,6,0.8307174444198608,828.0193176269531,473.9489135742188,19.398848,10.537735,True
36,1.4,7,0.9140539169311525,1076.92138671875,544.9379272460938,21.997652,12.65449,True
36,1.4,8,0.9374505281448364,241.7407989501953,514.5806274414062,12.118578,11.263296,True
36,1.4,9,0.8073276877403259,787.916259765625,422.5440368652344,19.097359,8.961802,True
37,1.44,0,0.9082273840904236,545.7664947509766,402.0837707519531,16.03238,8.090861,True
37,1.44,1,0.863187313079834,1146.4286499023438,506.1279602050781,23.015759,11.670782,True
37,1.44,2,0.8814024925231934,979.9700317382812,525.8992919921875,20.98025,12.090598,True
37,1.44,3,0.8730250597000122,999.0067138671875,443.38287353515625,21.625315,9.77458,True
37,1.44,4,0.8702239990234375,920.3268432617188,403.1036071777344,20.858515,8.467569,True
37,1.44,5,0.6659030318260193,840.12451171875,372.3142700195313,19.97646,7.3898735,True
37,1.44,6,0.8459551334381104,838.1417846679688,473.9219665527344,19.522024,10.5447035,True
37,1.44,7,0.8984667658805847,1085.4891967773438,541.5992431640625,22.112919,12.573222,True
37,1.44,8,0.9313037991523744,244.7305908203125,510.8871765136719,12.151752,11.160349,True
37,1.44,9,0.8542963862419128,794.1560363769531,425.55364990234375,19.164742,9.060764,True
38,1.48,0,0.9116342067718506,552.0366516113281,401.2598876953125,16.11611,8.069842,True
38,1.48,1,0.8475556373596191,1154.5411376953125,498.7658996582031,23.155165,11.47559,True
38,1.48,2,0.8760610818862915,993.9720458984375,524.9973754882812,21.146898,12.075826,True
38,1.48,3,0.8318139314651489,997.3097839355469,449.5209655761719,21.571417,9.955593,True
38,1.48,4,0.850256621837616,923.2115478515625,406.6365051269531,20.877079,8.582027,True
38,1.48,5,0.7308424115180969,843.9607238769531,364.0928649902344,20.064415,7.117535,True
38,1.48,6,0.8465457558631897,844.5262145996094,464.4622497558594,19.63745,10.274473,True
38,1.48,7,0.9103191494941713,1094.5449829101562,538.8292846679688,22.231043,12.506821,True
38,1.48,8,0.916604459285736,249.81735229492188,508.09674072265625,12.212366,11.084345,True
38,1.48,9,0.8675301671028137,799.4443664550781,423.7928466796875,19.238228,9.0106735,True
39,1.52,0,0.9310006499290466,554.2297973632812,401.640380859375,16.144258,8.084317,True
39,1.52,1,0.870449423789978,1163.4373168945312,491.58642578125,23.303825,11.28423,True
39,1.52,2,0.90188467502594,1000.3488159179688,521.3328857421875,21.238714,11.981921,True
39,1.52,3,0.7886649370193481,996.3020324707031,473.1388244628906,21.434343,10.642418,True
39,1.52,4,0.8411861062049866,925.6713256835938,406.9222717285156,20.906672,8.5932455,True
39,1.52,5,0.731190025806427,844.906005859375,365.4888000488281,20.07032,7.1655884,True
39,1.52,6,0.8446354866027832,851.345458984375,456.90234375,19.751816,10.05745,True
39,1.52,7,0.9037004709243774,1107.462158203125,535.3438720703125,22.397509,12.423985,True
39,1.52,8,0.916645884513855,254.40760803222656,507.9021606445313,12.269673,11.082184,True
39,1.52,9,0.863288402557373,796.9752502441406,442.3505554199219,19.136578,9.577874,True
40,1.56,0,0.9304445385932922,554.5283508300781,400.3349304199219,16.150425,8.041959,True
40,1.56,1,0.8633245825767517,1165.512939453125,488.0805969238281,23.350382,11.188546,True
40,1.56,2,0.8984668850898743,1001.9692687988281,524.3981323242188,21.242487,12.06514,True
40,1.56,3,0.7751113176345825,1001.4843444824219,430.9607849121094,21.723999,9.402778,True
40,1.56,4,0.8219507932662964,929.3854370117188,410.6393737792969,20.934551,8.713545,True
40,1.56,5,0.7206276655197144,851.727294921875,359.2679443359375,20.189045,6.9617653,True
40,1.56,6,0.8845688700675964,853.7563171386719,460.6021423339844,19.766108,10.168464,True
40,1.56,7,0.8862286806106567,1120.5143432617188,533.21240234375,22.558361,12.37652,True
40,1.56,8,0.9114441871643066,257.93853759765625,509.8489685058594,12.315878,11.1404705,True
40,1.56,9,0.8716943860054016,799.4948425292969,422.0198364257813,19.245737,8.955544,True
41,1.6,0,0.9228902459144592,552.7884216308594,395.7147521972656,16.135479,7.888748,True
41,1.6,1,0.8590256571769714,1174.581298828125,476.7899475097656,23.529797,10.879202,True
41,1.6,2,0.9375574588775636,1008.5873413085938,527.7172241210938,21.302765,12.158078,True
41,1.6,3,0.8832861185073853,996.0823974609375,435.8779296875,21.630419,9.547059,True
41,1.6,4,0.8119305372238159,928.7232360839844,407.3016357421875,20.943235,8.607935,True
41,1.6,5,0.7616533041000366,865.8802185058594,347.42413330078125,20.43336,6.5700507,True
41,1.6,6,0.8966776132583618,858.6979675292969,459.898681640625,19.829535,10.151669,True
41,1.6,7,0.9056001901626588,1128.3984985351562,538.580810546875,22.617441,12.52196,True
41,1.6,8,0.8926483988761902,256.8696594238281,509.9905090332031,12.302653,11.143722,True
41,1.6,9,0.9072750806808472,807.1475830078125,420.6274108886719,19.34791,8.918798,True
42,1.64,0,0.9035367965698242,552.9841613769531,393.5065002441406,16.141867,7.8161244,True
42,1.64,1,0.8702092170715332,1176.7357788085938,471.5968017578125,23.58939,10.733915,True
42,1.64,2,0.9448416829109192,1012.3703002929688,528.1934204101562,21.344114,12.173247,True
42,1.64,3,0.8631262183189392,995.6219177246094,434.1992492675781,21.633951,9.495994,True
42,1.64,4,0.8403854966163635,929.8542785644531,406.5029296875,20.96159,8.583738,True
42,1.64,5,0.7334533929824829,875.6379699707031,343.7923278808594,20.580956,6.4543066,True
42,1.64,6,0.8964731693267822,855.8883666992188,457.8156433105469,19.80378,10.088045,True
42,1.64,7,0.9105422496795654,1138.6422729492188,539.3264770507812,22.729416,12.547895,True
42,1.64,8,0.8952695727348328,256.89874267578125,509.22113037109375,12.30223,11.121765,True
42,1.64,9,0.8994438052177429,810.0184020996094,418.2703247070313,19.39359,8.847646,True
43,1.68,0,0.8917081356048584,552.3239440917969,391.12994384765625,16.137243,7.7368665,True
43,1.68,1,0.7930993437767029,1178.730224609375,467.3723754882813,23.64103,10.615179,True
43,1.68,2,0.945453405380249,1017.4620971679688,527.0776977539062,21.408468,12.146931,True
43,1.68,3,0.8471721410751343,996.0795593261719,433.6392517089844,21.642653,9.47944,True
43,1.68,4,0.8235506415367126,932.8192138671875,405.5060424804688,21.00413,8.554891,True
43,1.68,5,0.7530463337898254,881.3766479492188,342.0205383300781,20.666187,6.398677,True
43,1.68,6,0.9082306623458862,856.306884765625,453.8553466796875,19.825447,9.971149,True
43,1.68,7,0.9162355065345764,1143.1546630859375,538.5796508789062,22.78493,12.531336,True
43,1.68,8,0.895286500453949,259.65643310546875,508.3379211425781,12.335852,11.098554,True
43,1.68,9,0.8812890648841858,815.7804565429688,418.4952087402344,19.465593,8.859735,True
44,1.72,0,0.8407467007637024,555.0703735351562,390.4293823242188,16.174807,7.716279,True
44,1.72,1,0.7784740924835205,1180.3648681640625,464.7288513183594,23.678072,10.540835,True
44,1.72,2,0.942732274532318,1024.1019287109375,526.5368041992188,21.48787,12.136928,True
44,1.72,3,0.86089026927948,1001.9149780273438,432.62060546875,21.720089,9.453461,True
44,1.72,4,0.825867235660553,930.4635009765625,405.7431335449219,20.973177,8.56028,True
44,1.72,5,0.6499550938606262,880.6953430175781,342.6465759277344,20.653915,6.4197545,True
44,1.72,6,0.8818854093551636,862.3919677734375,449.7518615722656,19.917694,9.853927,True
44,1.72,7,0.934364140033722,1151.5357666015625,537.6087646484375,22.88567,12.511398,True
44,1.72,8,0.9113555550575256,265.5766906738281,509.7003479003906,12.411235,11.141872,True
44,1.72,9,0.8463026881217957,825.0667419433594,415.7974548339844,19.594149,8.783376,True
45,1.76,0,0.8977674245834351,557.2943725585938,387.79193115234375,16.208931,7.6307774,True
45,1.76,1,0.7926786541938782,1182.6995849609375,461.1828918457031,23.729647,10.440818,True
45,1.76,2,0.93888658285141,1030.6156005859375,524.2249145507812,21.574863,12.07961,True
45,1.76,3,0.8715132474899292,1002.21044921875,430.0969848632813,21.737751,9.37715,True
45,1.76,4,0.815887451171875,930.4947509765625,402.7151794433594,20.989159,8.464394,True
45,1.76,5,0.6318318843841553,886.638916015625,335.5131530761719,20.770123,6.176556,True
45,1.76,6,0.8959115743637085,865.6050415039062,447.34423828125,19.96763,9.784577,True
45,1.76,7,0.9387017488479614,1160.4370727539062,536.399658203125,22.99378,12.485571,True
45,1.76,8,0.9122166037559508,272.71800994873047,510.58935546875,12.501257,11.172499,True
45,1.76,9,0.8846461772918701,832.7278747558594,404.8320617675781,19.737627,8.443493,True
46,1.8,0,0.8872821927070618,563.3794708251953,384.6705627441406,16.29534,7.532548,True
46,1.8,1,0.8434534072875977,1185.8643798828125,466.5261535644531,23.731113,10.596398,True
46,1.8,2,0.9274725317955016,1054.5765991210938,519.7114868164062,21.875454,11.974861,True
46,1.8,3,0.8947548866271973,1001.2118530273438,424.3438415527344,21.75755,9.200758,True
46,1.8,4,0.7700017690658569,931.4106750488281,402.6629028320313,21.001013,8.463558,True
46,1.8,5,0.6826947927474976,903.6199340820312,360.0790100097656,20.86524,7.041386,True
46,1.8,6,0.8139829635620117,886.2399291992188,440.5525207519531,20.25259,9.597359,True
46,1.8,7,0.9316356778144836,1178.7423095703125,533.7708129882812,23.21725,12.428675,True
46,1.8,8,0.9046975374221802,277.3905944824219,509.4009704589844,12.558572,11.142057,True
46,1.8,9,0.7182751297950745,854.3824157714844,408.6789245605469,19.996275,8.5851,True
47,1.84,0,0.8793343901634216,566.9000244140625,381.3111267089844,16.34843,7.42341,True
47,1.84,1,0.8671480417251587,1184.57568359375,460.184326171875,23.758694,10.413503,True
47,1.84,2,0.9078052639961244,1064.1625061035156,516.5143432617188,22.003553,11.895422,True
47,1.84,3,0.8952063322067261,1001.6348876953125,419.921142578125,21.787664,9.065195,True
47,1.84,4,0.7605308890342712,928.0849304199219,408.2252502441406,20.930475,8.63648,True
47,1.84,5,0.7865177392959595,887.5103149414062,391.6083068847656,20.49783,8.0691395,True
47,1.84,6,0.8486452698707581,882.1984252929688,436.1432800292969,20.2224,9.460512,True
47,1.84,7,0.9111056327819824,1186.3619995117188,532.1864624023438,23.31342,12.392135,True
47,1.84,8,0.910815417766571,278.9107971191406,508.2660827636719,12.57661,11.110773,True
48,1.88,0,0.8026804327964783,573.8161010742188,385.9282836914063,16.431406,7.5846972,True
48,1.88,1,0.8671306371688843,1185.8934936523438,458.8126525878906,23.783678,10.374961,True
48,1.88,2,0.9335106611251832,1066.7680358886719,513.584716796875,22.049664,11.818188,True
48,1.88,3,0.9001538753509521,1003.388427734375,412.7294006347656,21.85033,8.843882,True
48,1.88,5,0.8031074404716492,898.4891357421875,389.7572326660156,20.647476,8.019409,True
48,1.88,6,0.8460752964019775,902.6660766601562,432.8574523925781,20.491732,9.377683,True
48,1.88,7,0.8185356855392456,1213.069091796875,529.4524536132812,23.633505,12.337742,True
48,1.88,8,0.8908650279045105,276.5009002685547,505.9730529785156,12.544526,11.0433445,True
49,1.92,0,0.7690783143043518,581.5907592773438,382.5950927734375,16.54117,7.4808784,True
49,1.92,1,0.8467526435852051,1186.0736083984375,461.2287902832031,23.7694,10.444717,True
49,1.92,2,0.9369536638259888,1069.5235900878906,511.4156494140625,22.093508,11.761389,True
49,1.92,3,0.8966923356056213,1012.301025390625,409.5882873535156,21.979696,8.753683,True
49,1.92,4,0.7532129287719727,930.3482055664062,411.9903869628906,20.939781,8.756761,True
49,1.92,5,0.611635148525238,920.3136596679688,365.1943054199219,21.055779,7.230334,True
49,1.92,6,0.7712340354919434,896.5465698242188,430.9967346191406,20.424374,9.315744,True
49,1.92,7,0.8539100885391235,1219.4945678710938,526.6029663085938,23.724707,12.267048,True
49,1.92,8,0.8775546550750732,274.1276397705078,503.6083984375,12.512731,10.973655,True
50,1.96,1,0.8451476097106934,1186.943603515625,455.1466674804688,23.821205,10.269705,True
50,1.96,2,0.9365805983543396,1074.0277709960938,507.9717102050781,22.164864,11.670988,True
50,1.96,3,0.902722179889679,1015.9559631347656,405.1816101074219,22.051199,8.618739,True
50,1.96,4,0.7961267828941345,926.8960571289062,414.0860290527344,20.8858,8.819288,True
50,1.96,5,0.7296872138977051,905.64453125,357.00213623046875,20.907911,6.9390583,True
50,1.96,6,0.7942118644714355,904.1102294921875,427.6268615722656,20.534445,9.218934,True
50,1.96,7,0.8946583867073059,1217.3156127929688,523.9528198242188,23.717068,12.195755,True
50,1.96,8,0.8647730350494385,272.9154357910156,501.8027648925781,12.4959135,10.920729,True
50,1.96,0,0.5843020081520081,588.5854797363281,441.2461242675781,16.515846,9.369511,True
51,2.0,0,0.6159595847129822,612.797119140625,391.4147338867188,16.934341,7.8041883,True
51,2.0,1,0.7957522869110107,1189.7997436523438,447.5179138183594,23.907928,10.049536,True
51,2.0,2,0.9256409406661988,1085.380126953125,500.9703979492188,22.336477,11.487583,True
51,2.0,3,0.8675616383552551,1022.939697265625,399.1886901855469,22.174427,8.435742,True
51,2.0,4,0.7879619002342224,923.7625732421875,426.2378234863281,20.786007,9.193005,True
51,2.0,5,0.814289391040802,909.1053771972656,373.7106018066406,20.865547,7.5034194,True
51,2.0,7,0.9252704977989196,1223.1671142578125,522.5806274414062,23.792538,12.163329,True
51,2.0,8,0.8716713786125183,268.7299118041992,497.4165954589844,12.439241,10.790643,True
52,2.04,0,0.8467007279396057,618.7713928222656,374.9352416992188,17.0523,7.259845,True
52,2.04,1,0.7894186973571777,1196.2725830078125,441.2106018066406,24.029722,9.869093,True
52,2.04,2,0.9317468404769896,1091.0368041992188,500.0544738769531,22.407753,11.466407,True
52,2.04,3,0.8934144973754883,1021.1062316894531,395.6056518554688,22.172867,8.320185,True
52,2.04,4,0.7883906364440918,922.2640991210938,425.7566833496094,20.769712,9.176944,True
52,2.04,5,0.6888900995254517,912.4964904785156,354.7594909667969,21.009632,6.869638,True
52,2.04,7,0.8967419862747192,1225.8045043945312,522.60498046875,23.82238,12.165707,True
52,2.04,8,0.9098654389381408,264.9278106689453,496.8786926269531,12.390794,10.772124,True
53,2.08,0,0.8396534323692322,622.4323425292969,379.7767639160156,17.089132,7.426426,True
53,2.08,1,0.8022492527961731,1202.78564453125,438.7770080566406,24.125298,9.802313,True
53,2.08,2,0.929387629032135,1096.145263671875,499.9485778808594,22.467997,11.467086,True
53,2.08,3,0.9011027812957764,1021.3523254394531,393.0330200195313,22.19147,8.238263,True
53,2.08,4,0.8501118421554565,918.21435546875,426.97076416015625,20.71332,9.210788,True
53,2.08,5,0.6633223295211792,922.3873901367188,343.07476806640625,21.203552,6.4781203,True
53,2.08,7,0.7833366990089417,1228.6961059570312,511.344482421875,23.929644,11.867679,True
53,2.08,8,0.8874508738517761,260.5356750488281,495.8311767578125,12.334332,10.738306,True
53,2.08,9,0.6275337934494019,953.4395751953125,322.7885437011719,21.733574,5.797944,True
54,2.12,0,0.8691707849502563,621.6669006347656,379.1633605957031,17.080482,7.4050937,True
54,2.12,1,0.7940881848335266,1199.512939453125,440.8022155761719,24.071552,9.85962,True
54,2.12,2,0.911635160446167,1102.4257202148438,498.5655212402344,22.549337,11.433494,True
54,2.12,3,0.910670518875122,1017.8370971679688,390.4400329589844,22.16269,8.151926,True
54,2.12,4,0.90848046541214,912.2476196289062,426.8416748046875,20.63962,9.201748,True
54,2.12,6,0.6078736782073975,942.2256469726562,378.78216552734375,21.265604,7.702563,True
54,2.12,7,0.6889879703521729,1233.5047607421875,499.14788818359375,24.066938,11.541118,True
54,2.12,8,0.8936479687690735,259.15904235839844,494.1144409179688,12.315192,10.687221,True
54,2.12,9,0.7550636529922485,964.4659423828125,325.8800964355469,21.861912,5.9198484,True
55,2.16,0,0.9036586284637452,620.6308288574219,379.0318908691406,17.067068,7.399662,True
55,2.16,1,0.8545555472373962,1199.4619750976562,429.4501647949219,24.151987,9.521403,True
55,2.16,2,0.9070837497711182,1112.949951171875,496.8704223632813,22.682182,11.394261,True
55,2.16,3,0.9079960584640504,1014.4288330078125,388.3280029296875,22.132252,8.08084,True
55,2.16,4,0.8940666317939758,913.7979125976562,426.7964782714844,20.659155,9.201679,True
55,2.16,8,0.8814857602119446,250.54563903808594,491.9964904785156,12.203915,10.618676,True
55,2.16,9,0.7508656978607178,969.2240905761719,309.35009765625,22.028353,5.331534,True
55,2.16,6,0.5856804251670837,937.4649047851562,409.7309875488281,21.04085,8.692164,True
56,2.2,0,0.9091346263885498,627.4117431640625,381.0018615722656,17.152044,7.472341,True
56,2.2,1,0.8662707209587097,1200.3778076171875,422.7384033203125,24.21165,9.319707,True
56,2.2,2,0.8951793909072876,1134.5548095703125,493.96875,22.951916,11.329531,True
56,2.2,3,0.90871262550354,1017.1704406738281,375.0682067871094,22.247866,7.6520653,True
56,2.2,4,0.8575539588928223,896.7887268066406,425.2888793945313,20.454145,9.14079,True
56,2.2,6,0.8925525546073914,924.5895385742188,425.5964050292969,20.799475,9.174,True
56,2.2,8,0.8858634829521179,245.53548431396484,491.1816101074219,12.139476,10.590921,True
56,2.2,9,0.8073628544807434,973.3359375,312.1891174316406,22.065746,5.4391146,True
57,2.24,0,0.9319247603416444,629.9295654296875,382.8678588867188,17.180681,7.5371466,True
57,2.24,1,0.8598212599754333,1200.2130126953125,416.6334838867188,24.254215,9.133767,True
57,2.24,2,0.8833712339401245,1138.372314453125,493.25433349609375,23.00087,11.312507,True
57,2.24,3,0.8957506418228149,1018.9201965332031,372.2383117675781,22.287748,7.560616,True
57,2.24,4,0.8672618269920349,892.2223815917969,422.1910705566406,20.41158,9.041196,True
57,2.24,6,0.8750481605529785,923.3191528320312,425.8163146972656,20.782562,9.179676,True
57,2.24,8,0.8902729749679565,242.5834197998047,490.8111267089844,12.101587,10.577765,True
57,2.24,9,0.7984246015548706,977.1495056152344,333.68310546875,21.982368,6.2083893,True
58,2.28,0,0.9300788640975952,635.2276000976562,380.1670837402344,17.257553,7.4520416,True
58,2.28,1,0.8610337376594543,1201.8192138671875,426.95745849609375,24.198545,9.448383,True
58,2.28,2,0.8846603035926819,1143.2188720703125,491.4757080078125,23.068459,11.266756,True
58,2.28,3,0.8282172083854675,1026.8581848144531,359.5682067871094,22.469608,7.146799,True
58,2.28,4,0.7214001417160034,889.8393249511719,420.3298034667969,20.390429,8.981439,True
58,2.28,5,0.739726722240448,973.9163208007812,351.2873229980469,21.833075,6.8134923,True
58,2.28,6,0.874390721321106,912.8475036621094,424.0009460449219,20.660856,9.114842,True
58,2.28,8,0.8842716217041016,240.28671264648438,491.1558532714844,12.072847,10.586098,True
58,2.28,9,0.7714986205101013,983.7760925292969,345.39569091796875,21.997696,6.62176,True
59,2.32,0,0.9191172122955322,641.4997863769531,378.5017395019531,17.344873,7.4023685,True
59,2.32,1,0.8899208903312683,1204.9556884765625,420.4762573242188,24.283875,9.254895,True
59,2.32,2,0.8900843262672424,1138.0969848632812,492.1563415527344,23.0044,11.281946,True
59,2.32,3,0.7948324084281921,1029.3770751953125,359.8219299316406,22.500517,7.1578064,True
59,2.32,4,0.8755528330802917,882.2345581054688,416.8374328613281,20.311155,8.866109,True
59,2.32,5,0.7676159143447876,978.8186645507812,352.5984191894531,21.889215,6.8631353,True
59,2.32,6,0.8558059930801392,919.0064392089844,424.5588684082031,20.73499,9.137308,True
59,2.32,8,0.8839572668075562,239.76444244384766,491.8094482421875,12.067003,10.604858,True
60,2.36,0,0.910334050655365,650.5529174804688,378.3430480957031,17.465084,7.405933,True
60,2.36,1,0.8906717300415039,1208.7692260742188,419.9287414550781,24.334333,9.241459,True
60,2.36,2,0.8981311917304993,1142.06640625,492.4205627441406,23.04915,11.292084,True
60,2.36,3,0.8253927230834961,1027.4146423339844,359.3659973144531,22.478088,7.14056,True
60,2.36,4,0.8866842985153198,878.619140625,415.3983459472656,20.27229,8.817972,True
60,2.36,5,0.7550920248031616,984.6747436523438,356.9277648925781,21.939425,7.0158787,True
60,2.36,6,0.8927772045135498,912.9238891601562,424.7447509765625,20.6582,9.137831,True
60,2.36,8,0.9000273942947388,234.07635498046875,492.2160339355469,11.995333,10.612371,True
61,2.4,0,0.9064446687698364,658.9199829101562,390.3159484863281,17.542505,7.8119483,True
61,2.4,1,0.9098711609840392,1217.6106567382812,411.2234497070313,24.507105,8.98273,True
61,2.4,2,0.8103497624397278,1171.3584594726562,490.79248046875,23.401276,11.267912,True
61,2.4,3,0.8064356446266174,1028.7978210449219,355.65350341796875,22.519814,7.016929,True
61,2.4,4,0.911958634853363,874.028564453125,416.6964111328125,20.208502,8.8545265,True
61,2.4,5,0.8273493051528931,997.2639770507812,355.7977600097656,22.109879,6.990264,True
61,2.4,6,0.8314594626426697,937.2086486816406,422.3464660644531,20.973034,9.084703,True
61,2.4,8,0.8950372934341431,227.50643157958984,491.5541076660156,11.911073,10.587873,True
62,2.44,0,0.9133731126785278,662.4313049316406,380.2486267089844,17.616713,7.4813533,True
62,2.44,1,0.9131709337234496,1217.8356323242188,414.9782409667969,24.481647,9.098124,True
62,2.44,2,0.8140742182731628,1175.2989501953125,491.6715393066406,23.441566,11.295023,True
62,2.44,3,0.807881772518158,1031.3899536132812,352.88134765625,22.571344,6.925748,True
62,2.44,4,0.916355311870575,870.9574279785156,416.9224853515625,20.168793,8.8589,True
62,2.44,5,0.8450647592544556,1000.6632080078125,355.9748840332031,22.152935,6.999658,True
62,2.44,6,0.8223639130592346,938.9491882324219,419.966552734375,21.00687,9.012648,True
62,2.44,8,0.8974341750144958,223.16160583496094,491.4244689941406,11.855695,10.580698,True
63,2.48,0,0.9143997430801392,665.460205078125,379.21380615234375,17.659618,7.449709,True
63,2.48,1,0.917934238910675,1216.398681640625,425.9768371582031,24.382446,9.430917,True
63,2.48,2,0.8379647731781006,1182.886962890625,493.3641052246094,23.51898,11.347108,True
63,2.48,3,0.7815448641777039,1032.1690063476562,348.3507995605469,22.611006,6.772461,True
63,2.48,4,0.922417938709259,868.8861083984375,417.5499877929688,20.139864,8.87668,True
63,2.48,5,0.8487329483032227,1004.0140686035156,353.2698974609375,22.21327,6.911383,True
63,2.48,6,0.8414117693901062,940.8985595703125,419.0931701660156,21.03569,8.98728,True
63,2.48,8,0.8942003846168518,222.27893829345703,490.3009033203125,11.842951,10.547002,True
64,2.52,0,0.9114220142364502,669.3328857421875,378.7698974609375,17.712008,7.438641,True
64,2.52,1,0.8974019885063171,1214.5986328125,417.3460998535156,24.424479,9.167721,True
64,2.52,2,0.7825407385826111,1201.6597290039062,492.1200866699219,23.74538,11.326116,True
64,2.52,3,0.7420452237129211,1056.2727661132812,345.2389221191406,22.945456,6.690683,True
64,2.52,4,0.9168746471405028,865.9839477539062,415.7744445800781,20.111296,8.818648,True
64,2.52,5,0.8201566934585571,1008.9186096191406,354.4980163574219,22.269333,6.957953,True
64,2.52,6,0.8454428315162659,943.4812316894531,416.8902893066406,21.079319,8.921149,True
64,2.52,8,0.8967196345329285,217.8519058227539,489.8042297363281,11.785932,10.528943,True
65,2.56,0,0.9378277063369752,677.0863037109375,378.9699096679688,17.813702,7.4529166,True
65,2.56,1,0.8963682651519775,1211.01171875,415.4590759277344,24.394753,9.107031,True
65,2.56,2,0.8325203061103821,1205.7423706054688,492.0979309082031,23.792965,11.328398,True
65,2.56,3,0.7474045753479004,1050.171142578125,347.4003601074219,22.851479,6.758327,True
65,2.56,4,0.9179236888885498,860.898681640625,417.4194030761719,20.039822,8.865619,True
65,2.56,5,0.7835683226585388,1006.6276550292969,356.4397888183594,22.22746,7.021334,True
65,2.56,6,0.8413885831832886,945.25390625,413.60101318359375,21.118582,8.820225,True
65,2.56,8,0.8976792693138123,214.47677612304688,489.1112365722656,11.741969,10.5059,True
66,2.6,0,0.8726459741592407,688.8404235839844,391.8413391113281,17.929302,7.8904843,True
66,2.6,1,0.8551283478736877,1205.3731079101562,417.5021057128906,24.310816,9.164671,True
66,2.6,2,0.7645030617713928,1217.111572265625,492.42138671875,23.922794,11.345356,True
66,2.6,3,0.656823992729187,1072.134033203125,362.15533447265625,23.035608,7.277921,True
66,2.6,4,0.9239269495010376,852.1176147460938,425.2439880371094,19.895102,9.101102,True
66,2.6,5,0.8114261627197266,1021.128173828125,359.97711181640625,22.392977,7.154856,True
66,2.6,6,0.867124617099762,951.3818969726562,413.8488159179688,21.194078,8.8333235,True
66,2.6,8,0.9234532713890076,212.0374526977539,490.5589599609375,11.712988,10.546619,True
66,2.6,9,0.6764480471611023,1034.739013671875,342.7194519042969,22.681597,6.5821524,True
67,2.64,0,0.8913486003875732,692.95361328125,417.9223327636719,17.904573,8.733377,True
67,2.64,1,0.8347326517105103,1203.05615234375,410.5738525390625,24.333693,8.950213,True
67,2.64,2,0.7396289706230164,1216.4102783203125,490.297119140625,23.928976,11.286291,True
67,2.64,3,0.7053005695343018,1078.732177734375,368.68499755859375,23.07585,7.500931,True
67,2.64,4,0.926641881465912,847.4398193359375,428.6404724121094,19.821898,9.201832,True
67,2.64,5,0.8249516487121582,1019.5163879394531,349.677001953125,22.437714,6.8048434,True
67,2.64,6,0.8788180351257324,954.5620727539062,414.4828186035156,21.230558,8.855874,True
67,2.64,8,0.9228929877281188,208.6777114868164,490.5276184082031,11.670165,10.543082,True
68,2.68,0,0.8900750279426575,701.1780700683594,387.451171875,18.104021,7.757853,True
68,2.68,1,0.8537089228630066,1208.5507202148438,407.7375793457031,24.422247,8.867386,True
68,2.68,2,0.8010691404342651,1217.4246826171875,489.6784057617188,23.944944,11.269923,True
68,2.68,3,0.8168860077857971,1081.7236938476562,367.3448181152344,23.123165,7.4595437,True
68,2.68,4,0.924327552318573,843.3639526367188,432.34869384765625,19.755224,9.31218,True
68,2.68,5,0.7125083804130554,1024.1288452148438,341.3335876464844,22.55196,6.523458,True
68,2.68,6,0.9177225232124328,960.2333068847656,414.6004638671875,21.3009,8.86449,True
68,2.68,8,0.920217990875244,206.32946014404297,490.0786437988281,11.639585,10.528038,True
69,2.72,0,0.8673872351646423,709.8553466796875,417.1859130859375,18.123075,8.725142,True
69,2.72,1,0.8186278939247131,1210.2005615234375,401.7550964355469,24.4876,8.682999,True
69,2.72,2,0.9224029183387756,1218.5984497070312,486.6978454589844,23.978811,11.188245,True
69,2.72,3,0.8197941184043884,1079.8522338867188,367.0479431152344,23.101269,7.4479165,True
69,2.72,4,0.9233339428901672,839.053955078125,435.7143859863281,19.687372,9.411361,True
69,2.72,6,0.9270631670951844,963.6919250488281,416.0289001464844,21.336512,8.911945,True
69,2.72,8,0.924791932106018,205.36256408691406,489.68011474609375,11.626662,10.515546,True
69,2.72,9,0.7517217397689819,1053.6199951171875,336.2445678710937,22.972286,6.378055,True
70,2.76,0,0.8976117372512817,722.267822265625,386.4421081542969,18.382854,7.7447295,True
70,2.76,1,0.8129158616065979,1214.5291137695312,399.6121520996094,24.557262,8.619879,True
70,2.76,2,0.922465205192566,1224.8986206054688,480.1351623535156,24.097277,11.009986,True
70,2.76,3,0.743391752243042,1069.3796997070312,376.5906982421875,22.903795,7.7515287,True
70,2.76,4,0.9194761514663696,835.7737121582031,436.0280456542969,19.645166,9.418168,True
70,2.76,6,0.935047686100006,965.2204895019531,416.1456298828125,21.35498,8.916902,True
70,2.76,8,0.9268236756324768,204.18040466308594,489.1808166503906,11.610834,10.499907,True
70,2.76,9,0.5037077069282532,1067.5796508789062,342.3782043457031,23.112307,6.6042023,True
71,2.8,0,0.9036429524421692,732.1213684082031,387.40869140625,18.508106,7.7859693,True
71,2.8,1,0.8585715293884277,1217.4615478515625,404.9315185546875,24.552872,8.788185,True
71,2.8,2,0.8946111798286438,1230.3848876953125,475.5240783691406,24.193512,10.884637,True
71,2.8,3,0.6974029541015625,1081.3212890625,374.1212158203125,23.072113,7.682113,True
71,2.8,4,0.8977676630020142,829.5467529296875,437.2659301757813,19.562456,9.450648,True
71,2.8,6,0.9402050375938416,967.78564453125,416.2137756347656,21.38665,8.921247,True
71,2.8,8,0.8944153785705566,202.02352905273438,490.51116943359375,11.585376,10.537414,True
71,2.8,9,0.6810128092765808,1094.4454345703125,353.2572631835937,23.384216,7.0016184,True
72,2.84,0,0.9177647233009338,734.3205261230469,387.2444152832031,18.537338,7.7826586,True
72,2.84,1,0.8631870746612549,1217.9353637695312,405.1666870117188,24.556906,8.795896,True
72,2.84,2,0.9000747203826904,1235.8394165039062,475.5986022949219,24.256874,10.890744,True
72,2.84,3,0.6483999490737915,1086.583251953125,372.3572082519531,23.151007,7.629307,True
72,2.84,4,0.8711255192756653,826.8092346191406,436.8351135253906,19.530056,9.435242,True
72,2.84,6,0.943920373916626,964.5126342773438,415.6458740234375,21.348816,8.900753,True
72,2.84,8,0.8924300670623779,198.20378875732422,482.9889526367188,11.524798,10.311806,True
72,2.84,9,0.8243280649185181,1094.5753173828125,355.6746520996094,23.368824,7.083127,True
73,2.88,0,0.9250015616416932,740.3271484375,386.0309753417969,18.619888,7.748429,True
73,2.88,1,0.856724739074707,1216.994873046875,401.6936340332031,24.57178,8.687052,True
73,2.88,2,0.8259345889091492,1250.207763671875,475.2167053222656,24.427734,10.890564,True
73,2.88,4,0.8665457367897034,823.0191650390625,436.0485534667969,19.485914,9.408092,True
73,2.88,6,0.9429290294647216,962.291259765625,412.70025634765625,21.336817,8.807026,True
73,2.88,8,0.8927267789840698,197.06057739257812,481.830322265625,11.508292,10.276395,True
73,2.88,9,0.8735049962997437,1093.3787841796875,365.902587890625,23.281996,7.4231005,True
74,2.92,0,0.9322310090065002,747.6165771484375,388.0332336425781,18.707684,7.821236,True
74,2.92,1,0.840580403804779,1216.7379150390625,401.6067199707031,24.569277,8.684115,True
74,2.92,2,0.7339971661567688,1253.9689331054688,473.4245300292969,24.48459,10.842894,True
74,2.92,3,0.8499266505241394,1094.6786499023438,365.9739074707031,23.29811,7.42672,True
74,2.92,4,0.8471958637237549,824.5369567871094,436.1143493652344,19.5046,9.411372,True
74,2.92,6,0.9337325096130372,962.2128295898438,410.5115356445313,21.347588,8.738501,True
74,2.92,8,0.9091362357139589,196.8881378173828,480.0354919433594,11.503197,10.222697,True
74,2.92,9,0.8282526135444641,1098.090576171875,356.2500915527344,23.409977,7.1059384,True
75,2.96,0,0.9275898933410645,754.4144287109375,396.09222412109375,18.766796,8.090668,True
75,2.96,1,0.8938283920288086,1220.9396362304688,398.0237731933594,24.648548,8.575822,True
75,2.96,3,0.6489948034286499,1104.1876220703125,368.3374633789063,23.402939,7.513968,True
75,2.96,4,0.8530895709991455,822.9533386230469,435.8033447265625,19.486074,9.4005575,True
75,2.96,6,0.9271610379219056,965.6936645507812,410.4269409179688,21.391697,8.738917,True
75,2.96,8,0.9260413646697998,198.51297760009766,479.3133239746094,11.522912,10.202411,True
75,2.96,9,0.8304007649421692,1099.697265625,362.079833984375,23.38949,7.3023605,True
75,2.96,2,0.5074298977851868,1261.6002197265625,472.9324035644531,24.577463,10.834658,True
76,3.0,0,0.9167790412902832,762.7619323730469,391.04345703125,18.893353,7.93414,True
76,3.0,1,0.8618062138557434,1220.5708618164062,397.5337219238281,24.647768,8.560134,True
76,3.0,3,0.8343073129653931,1121.3984375,367.7826232910156,23.626015,7.512231,True
76,3.0,4,0.8608660101890564,817.5914916992188,435.221923828125,19.421396,9.378301,True
76,3.0,6,0.9007816314697266,977.7958679199219,408.9995422363281,21.551239,8.704854,True
76,3.0,8,0.9407317042350768,201.04354858398438,475.9607849121094,11.5501375,10.103957,True
76,3.0,9,0.7920731902122498,1117.8400268554688,336.4640197753906,23.809292,6.4524646,True
77,3.04,0,0.904097318649292,770.2285766601562,391.3636474609375,18.988888,7.951616,True
77,3.04,1,0.863189160823822,1217.800537109375,398.0683898925781,24.609451,8.57444,True
77,3.04,4,0.8486573696136475,816.4544677734375,435.0924987792969,19.407694,9.37339,True
77,3.04,6,0.8979389667510986,982.2537841796876,405.6241455078125,21.625938,8.602714,True
77,3.04,8,0.9466978311538696,201.3190155029297,475.2710876464844,11.552595,10.08345,True
77,3.04,9,0.8504354953765869,1125.2841186523438,337.7000427246094,23.896832,6.502781,True
77,3.04,3,0.5971439480781555,1153.0084228515625,385.8962707519531,23.894535,8.130378,True
78,3.08,0,0.859120786190033,780.2664184570312,389.41021728515625,19.126396,7.897262,True
78,3.08,1,0.8765910267829895,1219.9141235351562,397.3314514160156,24.641216,8.553208,True
78,3.08,3,0.6163350939750671,1162.659912109375,365.5490112304688,24.166851,7.478311,True
78,3.08,4,0.8448622226715088,815.0820922851562,435.744384765625,19.387966,9.392143,True
78,3.08,6,0.9025639295578004,987.01025390625,403.055419921875,21.700165,8.525903,True
78,3.08,8,0.9447765946388244,200.35674285888672,474.5772399902344,11.539098,10.061795,True
78,3.08,9,0.8280889987945557,1136.2650756835938,346.5716857910156,23.972227,6.8173647,True
79,3.12,0,0.8365819454193115,788.8854370117188,389.8430786132813,19.236292,7.919531,True
79,3.12,1,0.8799378871917725,1221.0364379882812,396.3712158203125,24.662483,8.524066,True
79,3.12,4,0.8451271057128906,813.37744140625,435.8872375488281,19.366096,9.395071,True
79,3.12,6,0.8896479606628418,988.9139709472656,400.3247985839844,21.739616,8.44114,True
79,3.12,8,0.942003071308136,199.0309295654297,473.8710632324219,11.520877,10.039451,True
79,3.12,9,0.8515203595161438,1145.563720703125,355.2767028808594,24.02627,7.1202683,True
80,3.16,0,0.8488646745681763,798.1581726074219,390.96234130859375,19.351698,7.964759,True
80,3.16,1,0.8964718580245972,1221.6369018554688,395.21783447265625,24.678822,8.488347,True
80,3.16,4,0.8263132572174072,811.7468872070312,434.5411682128906,19.350983,9.352571,True
80,3.16,6,0.9036031365394592,995.345947265625,398.0298461914063,21.833841,8.374031,True
80,3.16,8,0.9381412863731384,197.54861450195312,473.3683166503906,11.500946,10.023089,True
80,3.16,9,0.8695988655090332,1154.025146484375,360.6411437988281,24.094028,7.3075376,True
81,3.2,0,0.8325821161270142,801.5723266601562,388.4117126464844,19.40621,7.8847165,True
81,3.2,1,0.8962918519973755,1222.8294677734375,394.2876892089844,24.700779,8.460133,True
81,3.2,4,0.7375551462173462,800.4397583007812,434.71038818359375,19.208773,9.3482065,True
81,3.2,6,0.912866234779358,1006.9910583496094,394.65380859375,22.00048,8.276972,True
81,3.2,8,0.9301435947418212,198.38531494140625,474.1492919921875,11.512998,10.04731,True
81,3.2,9,0.8588614463806152,1163.500244140625,358.8663024902344,24.228296,7.257772,True
82,3.24,0,0.7883339524269104,816.0653686523438,383.1795349121094,19.615772,7.7268233,True
82,3.24,1,0.8761254549026489,1225.5808715820312,392.9046020507813,24.745588,8.418993,True
82,3.24,4,0.8200764656066895,798.3521118164062,434.4379577636719,19.183659,9.338105,True
82,3.24,6,0.9402062892913818,1011.964599609375,395.5254211425781,22.058094,8.309321,True
82,3.24,8,0.9322057366371156,202.32972717285156,473.3167114257813,11.562543,10.02542,True
82,3.24,9,0.8481389880180359,1167.033203125,358.56756591796875,24.275633,7.251284,True
82,3.24,10,0.8005490899085999,318.88844299316406,432.0532836914063,13.035784,8.848181,True
83,3.28,0,0.8737657070159912,818.3936157226562,384.8603820800781,19.638777,7.784293,True
83,3.28,1,0.8507866859436035,1227.0028076171875,394.811767578125,24.748322,8.480357,True
83,3.28,4,0.8057387471199036,800.6495666503906,434.77294921875,19.21116,9.350298,True
83,3.28,6,0.9396724104881288,1014.069091796875,396.9586791992188,22.076115,8.356896,True
83,3.28,8,0.9326212406158448,205.37158966064453,472.3550415039063,11.600284,9.998882,True
83,3.28,9,0.8491451144218445,1168.352783203125,358.0992431640625,24.296057,7.2369804,True
83,3.28,10,0.793589174747467,308.4468536376953,431.3235778808594,12.898052,8.815705,True
84,3.32,0,0.8840485215187073,829.2485046386719,387.7274169921875,19.766762,7.888458,True
84,3.32,1,0.8805005550384521,1231.8378295898438,394.1612548828125,24.813179,8.464198,True
84,3.32,4,0.7894347906112671,800.2033996582031,433.8184814453125,19.209219,9.320697,True
84,3.32,6,0.9360509514808656,1016.3713989257812,395.3693542480469,22.1146,8.30835,True
84,3.32,8,0.9192911386489868,209.68492126464844,472.1284790039063,11.655586,9.995557,True
84,3.32,9,0.8592328429222107,1170.8110961914062,353.0912780761719,24.366156,7.0719852,True
84,3.32,10,0.7907454967498779,301.9339141845703,431.9924926757813,12.812795,8.831158,True
85,3.36,0,0.8774727582931519,841.6551208496094,389.5273132324219,19.918795,7.958817,True
85,3.36,1,0.8659902215003967,1236.3934936523438,395.4611206054688,24.859262,8.50914,True
85,3.36,4,0.8171842694282532,800.16357421875,434.2646484375,19.207016,9.33433,True
85,3.36,6,0.9311622381210328,1016.5856323242188,396.9566345214844,22.107826,8.35911,True
85,3.36,8,0.9077022075653076,215.8808364868164,471.7049560546875,11.734875,9.98782,True
85,3.36,9,0.8240439295768738,1176.0552368164062,350.2336120605469,24.455614,6.98114,True
85,3.36,10,0.7208923697471619,291.63282775878906,431.6374816894531,12.6768675,8.810684,True
86,3.4,0,0.9022215604782104,845.5405578613281,387.3075866699219,19.978796,7.890102,True
86,3.4,1,0.8907394409179688,1239.849853515625,389.9275207519531,24.945751,8.3377285,True
86,3.4,4,0.8714537024497986,794.6368408203125,433.185546875,19.141825,9.296579,True
86,3.4,6,0.9263593554496764,1013.6994323730469,395.70904541015625,22.078882,8.316754,True
86,3.4,8,0.8636006116867065,222.25812530517578,471.47894287109375,11.816778,9.986194,True
86,3.4,9,0.8425720930099487,1179.6658935546875,348.4079284667969,24.51628,6.9231863,True
86,3.4,10,0.7746875286102295,273.0109634399414,432.78515625,12.432387,8.830571,True
87,3.44,0,0.8858073353767395,849.3202209472656,387.0910034179688,20.028498,7.8865914,True
87,3.44,1,0.8477019667625427,1237.2635498046875,382.5158386230469,24.972782,8.099481,True
87,3.44,4,0.8481549024581909,794.7720336914062,433.2062072753906,19.143442,9.297327,True
87,3.44,6,0.9337899684906006,1010.8953857421875,396.1441650390625,22.040943,8.328077,True
87,3.44,8,0.8863474130630493,223.84910583496094,471.14300537109375,11.836822,9.977346,True
87,3.44,9,0.8321930170059204,1187.8614501953125,350.2906494140625,24.60636,6.9948273,True
87,3.44,10,0.8309577107429504,266.0418243408203,431.9408874511719,12.339542,8.797478,True
88,3.48,0,0.8917765021324158,858.7203979492188,387.6757507324219,20.146904,7.9145184,True
88,3.48,1,0.8729987144470215,1236.5044555664062,382.7701416015625,24.96129,8.10692,True
88,3.48,4,0.8714158535003662,788.878173828125,432.6773376464844,19.071457,9.276094,True
88,3.48,6,0.93501615524292,1013.5521850585938,395.2610778808594,22.079689,8.302333,True
88,3.48,8,0.8756304383277893,226.04042053222656,470.05804443359375,11.863591,9.946345,True
88,3.48,9,0.8426481485366821,1193.0903930664062,351.19268798828125,24.666054,7.0303545,True
88,3.48,10,0.8154931664466858,262.5596618652344,433.2414855957031,12.294956,8.835762,True
89,3.52,0,0.902844786643982,861.2207641601562,386.4581604003906,20.184744,7.877144,True
89,3.52,1,0.8736414313316345,1235.1434326171875,380.9199523925781,24.959146,8.046401,True
89,3.52,4,0.8635633587837219,785.4981994628906,433.06243896484375,19.027584,9.28505,True
89,3.52,6,0.9175185561180116,1014.636962890625,394.8517150878906,22.095812,8.290256,True
89,3.52,8,0.8930951356887817,228.34219360351562,470.3895568847656,11.8937235,9.958249,True
89,3.52,9,0.8407125473022461,1199.5975341796875,354.7616577148437,24.720566,7.1563325,True
89,3.52,10,0.7603740692138672,254.60760498046875,436.2407531738281,12.193429,8.923893,True
90,3.56,0,0.9211925864219666,861.6754760742188,386.0514526367188,20.192495,7.8642883,True
90,3.56,1,0.8733876347541809,1236.3531494140625,391.9744567871094,24.886232,8.399296,True
90,3.56,4,0.8813807368278503,782.5390014648438,432.3657836914063,18.992981,9.261136,True
90,3.56,6,0.8771013617515564,1018.797607421875,394.5154724121094,22.150309,8.283309,True
90,3.56,8,0.897277295589447,230.20565795898438,470.54010009765625,11.917947,9.96432,True
90,3.56,9,0.8244651556015015,1203.2574462890625,361.3829345703125,24.71423,7.379961,True
90,3.56,10,0.7906742691993713,251.9581604003906,442.6240539550781,12.166009,9.122878,True
91,3.6,0,0.9448836445808412,872.0933227539062,383.6573486328125,20.338047,7.7958107,True
91,3.6,1,0.8552520275115967,1244.9390869140625,395.3532409667969,24.965584,8.513353,True
91,3.6,4,0.8950029015541077,778.2977294921875,431.4125061035156,18.943144,9.228199,True
91,3.6,6,0.8834211826324463,1025.1785278320312,394.4502868652344,22.231169,8.287038,True
91,3.6,8,0.8873356580734253,231.39530181884766,469.832763671875,11.93235,9.943911,True
91,3.6,9,0.8535372018814087,1209.3954467773438,371.9795227050781,24.707752,7.7334967,True
91,3.6,10,0.6854100227355957,241.7849578857422,442.63189697265625,12.03245,9.114246,True
92,3.64,0,0.94650000333786,878.0659484863281,383.3045349121094,20.416729,7.789914,True
92,3.64,1,0.8394826054573059,1250.0855102539062,395.6142883300781,25.02698,8.526123,True
92,3.64,4,0.8910186290740967,777.5295104980469,431.1575927734375,18.934406,9.219693,True
92,3.64,6,0.8962460160255432,1025.4948120117188,394.4503784179688,22.235157,8.287329,True
92,3.64,8,0.9025481343269348,232.2183685302734,469.28076171875,11.942242,9.927884,True
92,3.64,9,0.8558834791183472,1207.9815673828125,369.273193359375,24.711334,7.643887,True
92,3.64,10,0.7513747811317444,238.0135955810547,440.4081726074219,11.979998,9.040959,True
93,3.68,0,0.9436445832252502,883.1706237792969,383.8558654785156,20.479816,7.8128057,True
93,3.68,1,0.8020451664924622,1251.8416748046875,393.4588317871094,25.065874,8.4599495,True
93,3.68,4,0.8952598571777344,771.4541625976562,430.7694091796875,18.85933,9.202544,True
93,3.68,6,0.9083623290061952,1026.3151245117188,394.2810668945313,22.246525,8.282671,True
93,3.68,8,0.9121329188346864,230.1420440673828,469.6785888671875,11.915985,9.938222,True
93,3.68,9,0.8668519854545593,1208.1235961914062,362.3082580566406,24.768517,7.4152417,True
93,3.68,10,0.7813804149627686,232.43202209472656,435.8854064941406,11.90034,8.89295,True
94,3.72,0,0.949026107788086,883.7629699707031,385.3424682617188,20.480202,7.8619666,True
94,3.72,1,0.834991455078125,1250.7066650390625,393.8995056152344,25.048336,8.472802,True
94,3.72,4,0.9095590114593506,767.9816589355469,430.8689270019531,18.815237,9.202645,True
94,3.72,6,0.893822193145752,1027.5592651367188,393.42718505859375,22.267405,8.256533,True
94,3.72,8,0.8886251449584961,233.1148452758789,467.69091796875,11.951736,9.88045,True
94,3.72,9,0.8748235106468201,1210.1845092773438,361.9092712402344,24.797817,7.404058,True
94,3.72,10,0.6971771121025085,226.308464050293,434.7762451171875,11.817824,8.852254,True
95,3.76,0,0.9404699206352234,887.5726318359375,385.7319030761719,20.527287,7.8782697,True
95,3.76,1,0.8587609529495239,1252.6309814453125,392.7136840820313,25.081594,8.437192,True
95,3.76,4,0.9075543880462646,765.3411865234375,430.876220703125,18.781944,9.200614,True
95,3.76,6,0.8907831311225891,1026.418701171875,394.3200073242188,22.247593,8.284009,True
95,3.76,8,0.8794771432876587,235.58969116210938,464.6658325195313,11.979809,9.790549,True
95,3.76,9,0.8864969611167908,1208.5703735351562,360.28192138671875,24.790405,7.348679,True
95,3.76,10,0.753875732421875,223.26556396484375,433.7486572265625,11.776056,8.816823,True
96,3.8,0,0.911635160446167,895.4359436035156,386.860107421875,20.62272,7.922436,True
96,3.8,1,0.8043354153633118,1253.529052734375,392.3483276367188,25.095623,8.426482,True
96,3.8,4,0.9058711528778076,757.5386047363281,429.82666015625,18.687235,9.161534,True
96,3.8,6,0.8999053239822388,1039.3667907714844,392.7975769042969,22.420147,8.247184,True
96,3.8,8,0.8288782835006714,243.1890716552734,462.1932678222656,12.075078,9.721439,True
96,3.8,9,0.8634082078933716,1213.6630859375,362.85009765625,24.834307,7.438465,True
97,3.84,0,0.9020782709121704,899.4335327148438,387.7538146972656,20.669552,7.9552584,True
97,3.84,1,0.830394446849823,1256.387451171875,394.5821228027344,25.112946,8.499321,True
97,3.84,4,0.913850724697113,754.3642578125,429.376953125,18.648722,9.144909,True
97,3.84,6,0.9057556390762328,1041.7114868164062,393.3375854492188,22.446339,8.266573,True
97,3.84,8,0.8341191411018372,244.71979522705078,460.3905029296875,12.092725,9.667578,True
97,3.84,9,0.8666417002677917,1211.2512817382812,359.5375671386719,24.830397,7.326626,True
98,3.88,0,0.8870283961296082,904.420166015625,388.05023193359375,20.731977,7.9695563,True
98,3.88,1,0.8451204299926758,1256.6103515625,396.92333984375,25.096905,8.57294,True
98,3.88,4,0.9084134697914124,750.3584899902344,429.1594543457031,18.598877,9.134739,True
98,3.88,6,0.9093284010887146,1038.1339111328125,392.3845520019531,22.407162,8.232853,True
98,3.88,8,0.8080538511276245,248.99427032470703,458.43658447265625,12.145847,9.611249,True
98,3.88,9,0.8635851740837097,1211.8943481445312,357.8927917480469,24.851826,7.2726793,True
98,3.88,10,0.7319494485855103,202.35865020751953,444.4185180664063,11.5164995,9.135964,True
99,3.92,0,0.8893221616744995,906.6075134277344,386.7483520507813,20.766584,7.9292808,True
99,3.92,1,0.8380090594291687,1255.1683959960938,397.5033264160156,25.074514,8.589816,True
99,3.92,4,0.9065250158309937,746.3569641113281,428.7999877929688,18.549528,9.12017,True
99,3.92,6,0.9123463034629822,1034.3820190429688,390.8434753417969,22.369343,8.180069,True
99,3.92,8,0.8408451080322266,249.49974822998047,456.9046936035156,12.150618,9.564595,True
99,3.92,9,0.8435406684875488,1201.5272216796875,356.0578918457031,24.734766,7.201479,True
99,3.92,10,0.6804131269454956,193.9691390991211,448.3001098632813,11.412633,9.250332,True
100,3.96,0,0.8648293018341064,906.8918762207031,393.3072509765625,20.73716,8.141947,True
100,3.96,1,0.8322646617889404,1255.998779296875,397.8796997070313,25.081724,8.602321,True
100,3.96,4,0.898626446723938,742.0126342773438,429.355712890625,18.492746,9.133639,True
100,3.96,6,0.906648337841034,1028.3516540527344,391.0077209472656,22.29217,8.179804,True
100,3.96,8,0.8695380091667175,253.81394958496094,456.6546325683594,12.206373,9.560537,True
100,3.96,9,0.8847870230674744,1196.4456176757812,359.0275573730469,24.646465,7.2952986,True
100,3.96,10,0.753301739692688,185.79061889648438,448.9254150390625,11.306224,9.262806,True
101,4.0,0,0.8523970246315002,905.8367309570312,388.2615051269531,20.749058,7.9777417,True
101,4.0,1,0.846007764339447,1253.6024780273438,398.0174255371094,25.05114,8.60451,True
101,4.0,4,0.9099562168121338,732.7581787109375,428.9432067871094,18.377048,9.112899,True
101,4.0,6,0.8959352970123291,1022.9692077636719,390.6797180175781,22.226145,8.164339,True
101,4.0,8,0.8970527052879333,255.95590209960938,457.0853271484375,12.23467,9.575587,True
101,4.0,9,0.8341002464294434,1215.7120361328125,359.5169372558594,24.887144,7.330277,True
101,4.0,10,0.704365611076355,173.06807708740234,454.0872192382813,11.148676,9.412663,True
102,4.04,0,0.847180187702179,907.8663024902344,383.9858703613281,20.796768,7.8404026,True
102,4.04,1,0.8259463310241699,1246.0592651367188,397.98187255859375,24.958569,8.596735,True
102,4.04,4,0.9087774157524108,727.7918090820312,428.7581176757813,18.314774,9.102881,True
102,4.04,6,0.8794714212417603,1021.8902587890625,387.949951171875,22.229082,8.075558,True
102,4.04,8,0.9059707522392272,253.82312774658203,455.959228515625,12.205706,9.539139,True
102,4.04,9,0.7789482474327087,1213.439208984375,358.5480041503906,24.866146,7.295939,True
102,4.04,10,0.7845715284347534,167.02284240722656,456.1315002441406,11.073361,9.4709015,True
103,4.08,0,0.8912294507026672,909.3453369140625,384.9497680664063,20.810844,7.8732605,True
103,4.08,1,0.8634748458862305,1246.2154541015625,398.042236328125,24.960012,8.598762,True
103,4.08,4,0.9124114513397216,724.323486328125,428.4894409179688,18.2717,9.091556,True
103,4.08,6,0.893683910369873,1021.4847412109375,388.91510009765625,22.218079,8.106262,True
103,4.08,8,0.9119545221328736,251.16064453125,454.7888793945313,12.169748,9.500811,True
103,4.08,9,0.8558157682418823,1207.8184204101562,356.7911071777344,24.808916,7.2320647,True
103,4.08,10,0.6188259720802307,160.49522399902344,455.5656433105469,10.986674,9.447806,True
104,4.12,0,0.9059662818908693,909.8143005371094,379.5544738769531,20.844519,7.697036,True
104,4.12,1,0.8686906695365906,1243.4759521484375,397.4233703613281,24.93116,8.57697,True
104,4.12,4,0.9110689163208008,716.5833129882812,428.6504821777344,18.173092,9.089872,True
104,4.12,6,0.8906639814376831,1019.2588806152344,388.7248229980469,22.19105,8.0980835,True
104,4.12,8,0.9036923050880432,248.8972625732422,454.0075988769531,12.139378,9.474771,True
104,4.12,9,0.8478661775588989,1205.2288818359375,361.2095336914063,24.74061,7.376136,True
104,4.12,10,0.5238258242607117,154.8605613708496,456.378173828125,10.914429,9.468193,True
105,4.16,0,0.9157236218452454,912.5748291015625,389.09906005859375,20.831059,8.011202,True
105,4.16,1,0.8901323080062866,1241.39990234375,396.66943359375,24.91152,8.551508,True
105,4.16,4,0.919730305671692,712.9174194335938,428.9283447265625,18.125751,9.095332,True
105,4.16,6,0.8879805207252502,1017.6261596679688,387.9111022949219,22.175287,8.070361,True
105,4.16,8,0.9090662598609924,247.48258972167963,453.6975708007813,12.120588,9.463989,True
105,4.16,9,0.8460953235626221,1204.9915161132812,361.6316833496094,24.734232,7.3898635,True
105,4.16,10,0.5409484505653381,150.35858917236328,457.5077819824219,10.857747,9.499343,True
106,4.2,0,0.9207025170326232,911.3719482421875,391.1509704589844,20.805244,8.076498,True
106,4.2,1,0.8599628210067749,1234.4886474609375,394.3405456542969,24.844536,8.472208,True
106,4.2,4,0.9104143381118774,701.7752075195312,428.5806884765625,17.985428,9.074911,True
106,4.2,6,0.8829074501991272,1014.93505859375,386.0531311035156,22.152386,8.007888,True
106,4.2,8,0.8710674047470093,248.29290771484375,453.9977416992188,12.131497,9.473953,True
106,4.2,9,0.8143158555030823,1202.8939819335938,366.4814758300781,24.669197,7.547597,True
107,4.24,0,0.9211885333061218,911.5723266601562,388.9584655761719,20.81895,8.00571,True
107,4.24,1,0.8457992076873779,1232.9534912109375,393.6262817382813,24.831167,8.448346,True
107,4.24,4,0.9089422225952148,696.9175109863281,427.8630676269531,17.925848,9.048394,True
107,4.24,6,0.8998860120773315,1015.6788635253906,385.2498474121094,22.166687,7.9825974,True
107,4.24,8,0.8344828486442566,249.75304412841794,451.0817260742188,12.147083,9.384921,True
107,4.24,9,0.7608268857002258,1202.9635620117188,385.536865234375,24.521595,8.164639,True
108,4.28,0,0.8934291005134583,909.5406188964844,389.9058532714844,20.788149,8.034515,True
108,4.28,1,0.8791346549987793,1231.6035766601562,392.4804382324219,24.823463,8.411007,True
108,4.28,4,0.9040146470069884,689.7758483886719,428.2691345214844,17.833887,9.05484,True
108,4.28,6,0.9162703156471252,1014.8901977539062,383.874755859375,22.164995,7.9373136,True
108,4.28,8,0.7979280352592468,250.0404815673828,450.9881286621094,12.1507225,9.382263,True
108,4.28,9,0.7780008912086487,1217.6538696289062,390.5061645507813,24.66598,8.336037,True
109,4.32,0,0.8818113803863525,905.4305114746094,387.6261596679688,20.74706,7.956723,True
109,4.32,1,0.7457717657089233,1245.2438354492188,389.2450866699219,25.01802,8.320983,True
109,4.32,4,0.9112881422042848,684.3282165527344,428.9111022949219,17.762793,9.070089,True
109,4.32,6,0.921808421611786,1013.4301147460938,382.7988586425781,22.152943,7.901027,True
109,4.32,8,0.7836930155754089,247.31239318847656,445.613037109375,12.108651,9.212494,True
109,4.32,9,0.8172782063484192,1220.398681640625,390.5407104492188,24.699772,8.339607,True
110,4.36,0,0.9080359935760498,899.20654296875,386.6339416503906,20.672234,7.918612,True
110,4.36,1,0.7798104286193848,1247.8209228515625,387.8417053222656,25.061216,8.278819,True
110,4.36,4,0.9152458310127258,678.3441162109375,429.2093505859375,17.685858,9.074185,True
110,4.36,6,0.9298928380012512,1011.1703491210938,382.8333740234375,22.123978,7.9000306,True
110,4.36,8,0.8266380429267883,243.1721649169922,447.0442810058594,12.056186,9.253629,True
110,4.36,9,0.8241779804229736,1219.98779296875,388.7976989746094,24.708242,8.283963,True
111,4.4,0,0.884426474571228,893.3828125,385.931884765625,20.60096,7.8902626,True
111,4.4,1,0.8064725995063782,1244.0594482421875,386.9802856445313,25.02148,8.248054,True
111,4.4,4,0.9114689826965332,665.1615905761719,428.6746826171875,17.519499,9.046126,True
111,4.4,6,0.9332489371299744,1002.0015869140625,380.0227661132813,22.024004,7.799881,True
111,4.4,8,0.7918751835823059,242.19744873046875,441.0081481933594,12.035814,9.063535,True
111,4.4,9,0.6882044076919556,1209.8286743164062,383.4086608886719,24.623682,8.102875,True
112,4.44,0,0.8846452832221985,894.137939453125,383.2572937011719,20.62394,7.8035984,True
112,4.44,1,0.7923203110694885,1242.197998046875,387.1334838867188,24.997152,8.251233,True
112,4.44,4,0.9085866212844848,659.3334045410156,428.0751037597656,17.446787,9.02238,True
112,4.44,6,0.9296076893806458,998.8390197753906,379.9963989257813,21.98379,7.796033,True
112,4.44,8,0.7976409196853638,241.97940826416016,446.3912963867188,12.039747,9.232204,True
112,4.44,9,0.7121635675430298,1206.7907104492188,384.8297119140625,24.574774,8.145548,True
112,4.44,11,0.7073948979377747,1177.174072265625,374.2402648925781,24.284601,7.776676,True
113,4.48,0,0.8882249593734741,891.4110412597656,385.974853515625,20.575417,7.8898087,True
113,4.48,1,0.7605822086334229,1242.5370483398438,385.0673828125,25.017925,8.185788,True
113,4.48,4,0.9040607810020448,652.5787048339844,427.2230529785156,17.362791,8.989909,True
113,4.48,6,0.9409191012382508,994.4045104980469,381.1204833984375,21.920525,7.8285236,True
113,4.48,8,0.7497707605361938,242.14857482910156,451.6264953613281,12.048519,9.395322,True
113,4.48,9,0.7121120691299438,1200.5436401367188,385.0436401367188,24.495195,8.146667,True
113,4.48,11,0.7245606780052185,1177.908447265625,381.4800720214844,24.239168,8.011548,True
114,4.52,0,0.8857496380805969,890.6162719726562,389.3310852050781,20.548721,7.9982443,True
114,4.52,1,0.8116132616996765,1239.9478759765625,386.6710205078125,24.97292,8.234488,True
114,4.52,4,0.8994609117507935,647.5599060058594,425.6831359863281,17.302553,8.937365,True
114,4.52,6,0.9395442605018616,989.7228393554688,380.8844604492188,21.862143,7.81641,True
114,4.52,8,0.8092053532600403,240.10060119628906,447.6562194824219,12.0167465,9.270074,True
114,4.52,9,0.6341662406921387,1200.5392456054688,377.0212097167969,24.557032,7.8887515,True
114,4.52,11,0.7872465252876282,1187.05322265625,382.3031005859375,24.347504,8.046457,True
115,4.56,0,0.8917805552482605,888.1466064453125,391.1761169433594,20.508076,8.055744,True
115,4.56,1,0.8345538973808289,1237.5950927734375,389.3048706054688,24.922754,8.315973,True
115,4.56,4,0.9023002982139589,641.6793823242188,424.692138671875,17.229765,8.901149,True
115,4.56,6,0.92731773853302,986.0509643554688,381.1114807128906,21.81392,7.8203526,True
115,4.56,8,0.8493813872337341,247.13980102539062,450.0794372558594,12.111781,9.351567,True
115,4.56,9,0.778325080871582,1158.1533813476562,318.94305419921875,24.47215,5.8832054,True
115,4.56,11,0.8095099925994873,1183.2182006835938,384.5421752929688,24.282612,8.114739,True
116,4.6,0,0.8845697045326233,884.9811706542969,397.0965881347656,20.439032,8.243678,True
116,4.6,1,0.8184716105461121,1230.0287475585938,391.2125549316406,24.81392,8.369541,True
116,4.6,4,0.8820832967758179,632.7701110839844,421.6028442382813,17.123001,8.796134,True
116,4.6,6,0.9285870790481568,972.3367919921875,383.3782958984375,21.625725,7.8813095,True
116,4.6,8,0.8763976097106934,242.90894317626953,449.9832763671875,12.056401,9.344953,True
116,4.6,9,0.774656355381012,1131.6433715820312,303.5773010253906,24.244936,5.3042755,True
116,4.6,11,0.7958376407623291,1171.6406860351562,381.2192687988281,24.162521,7.9973497,True
117,4.64,0,0.860826849937439,885.9190979003906,396.1741638183594,20.455427,8.214909,True
117,4.64,1,0.8325252532958984,1225.5548095703125,391.5001525878906,24.756227,8.37461,True
117,4.64,4,0.9010586142539978,625.8971862792969,419.5335388183594,17.039522,8.724675,True
117,4.64,6,0.9280421137809752,967.9496154785156,382.6412048339844,21.57385,7.8531747,True
117,4.64,8,0.8441500067710876,241.9395751953125,446.0079345703125,12.038743,9.220188,True
117,4.64,9,0.7342237830162048,1111.3902587890625,287.5606689453125,24.10132,4.6930857,True
117,4.64,11,0.8103393912315369,1163.59375,383.1485900878906,24.047289,8.051972,True
118,4.68,0,0.8432342410087585,885.1962280273438,397.8272705078125,20.438272,8.26732,True
118,4.68,1,0.8301601409912109,1223.8004760742188,391.377197265625,24.735443,8.369144,True
118,4.68,4,0.9070077538490297,620.6731262207031,416.25592041015625,16.979776,8.616041,True
118,4.68,6,0.9342871904373168,962.7964782714844,382.6256713867188,21.508055,7.847815,True
118,4.68,8,0.789605438709259,241.4478530883789,445.0417785644531,12.031077,9.189533,True
118,4.68,9,0.8131524324417114,1094.8858642578125,283.351806640625,23.911366,4.5165367,True
118,4.68,11,0.8049036860466003,1159.5419921875,386.035400390625,23.97534,8.140825,True
118,4.68,12,0.7517891526222229,1148.7525634765625,330.1036682128906,24.260565,6.264375,True
119,4.72,0,0.870313286781311,883.2958068847656,399.1552734375,20.40771,8.308131,True
119,4.72,1,0.8112287521362305,1218.2577514648438,390.3616638183594,24.674597,8.332004,True
119,4.72,4,0.9019649624824524,615.868896484375,410.8804626464844,16.929907,8.440068,True
119,4.72,6,0.9290654063224792,957.9827880859376,383.067138671875,21.444027,7.8576736,True
119,4.72,8,0.8292415738105774,237.0618209838867,451.2981872558594,11.981693,9.380789,True
119,4.72,9,0.8224644064903259,1085.2855224609375,279.2857360839844,23.812778,4.3521667,True
119,4.72,11,0.7908821702003479,1154.6080322265625,385.8948059082031,23.914583,8.131799,True
119,4.72,12,0.782389760017395,1128.2371215820312,324.86749267578125,24.033035,6.05978,True
120,4.76,0,0.8819866180419922,883.1916198730469,398.3828125,20.410065,8.283296,True
120,4.76,1,0.812872588634491,1221.544921875,391.2432861328125,24.708523,8.362879,True
120,4.76,4,0.8915873169898987,607.7082214355469,408.3386840820313,16.829666,8.350958,True
120,4.76,6,0.9268651604652404,957.1885681152344,383.7519226074219,21.43007,7.879237,True
120,4.76,8,0.8113385438919067,238.17235565185547,443.1683044433594,11.985684,9.127941,True
120,4.76,9,0.7684897780418396,1077.791015625,272.99786376953125,23.759594,4.1045165,True
120,4.76,11,0.7875939011573792,1151.891357421875,386.504638671875,23.876137,8.14883,True
120,4.76,12,0.7696037888526917,1121.2200317382812,323.5091552734375,23.951382,6.0045605,True
121,4.8,0,0.901818573474884,882.3723754882812,406.8363952636719,20.359608,8.551832,True
121,4.8,1,0.8409487009048462,1219.5154418945312,392.3019409179688,24.67514,8.394524,True
121,4.8,4,0.9053299427032472,598.0227661132812,405.4953308105469,16.709743,8.250287,True
121,4.8,6,0.9096828103065492,955.4864501953125,383.7931823730469,21.40808,7.8789806,True
121,4.8,8,0.8546395897865295,238.300048828125,442.3324890136719,11.986275,9.101791,True
121,4.8,9,0.7802895307540894,1053.4546203613281,253.3480682373047,23.576912,3.312148,True
121,4.8,11,0.8230866193771362,1146.3023681640625,388.1811218261719,23.79409,8.197316,True
121,4.8,12,0.7970673441886902,1101.1946411132812,316.679931640625,23.739315,5.741246,True
122,4.84,0,0.9103588461875916,878.5671081542969,420.0185546875,20.250385,8.961995,True
122,4.84,1,0.8484252691268921,1214.9656372070312,398.875732421875,24.568272,8.597219,True
122,4.84,4,0.9013953804969788,593.5656127929688,406.4841003417969,16.649574,8.278143,True
122,4.84,6,0.897119402885437,951.4787292480469,383.27392578125,21.359674,7.85829,True
122,4.84,8,0.8592368960380554,235.56285095214844,441.466552734375,11.949145,9.072153,True
122,4.84,9,0.8055166602134705,1046.8495178222656,248.16085815429688,23.525118,3.0982358,True
122,4.84,11,0.8047767877578735,1141.5444946289062,390.3689575195313,23.718956,8.26276,True
122,4.84,12,0.8157408237457275,1094.2939453125,311.9034729003906,23.68382,5.562973,True
123,4.88,0,0.8725534677505493,875.8158874511719,418.9267883300781,20.220808,8.925642,True
123,4.88,1,0.7940123081207275,1214.99853515625,406.4909973144531,24.510796,8.8343935,True
123,4.88,4,0.8992065787315369,587.8612060546875,406.7332763671875,16.574709,8.280936,True
123,4.88,6,0.8917617797851562,946.9854736328125,383.1734619140625,21.302711,7.8507814,True
123,4.88,8,0.8669776916503906,239.48291778564453,440.5905151367188,11.999571,9.047997,True
123,4.88,9,0.8178533911705017,1036.4813842773438,246.999267578125,23.388815,3.0385287,True
123,4.88,11,0.7491688132286072,1136.3916625976562,393.8533020019531,23.629969,8.368812,True
123,4.88,12,0.8258610963821411,1083.1590576171875,316.4488525390625,23.502287,5.713344,True
124,4.92,0,0.8187018036842346,873.2685546875,425.5042114257813,20.159021,9.127288,True
124,4.92,1,0.7304621934890747,1214.360595703125,391.5592956542969,24.61697,8.366409,True
124,4.92,4,0.8942769765853882,582.9289245605469,407.67041015625,16.508543,8.306662,True
124,4.92,6,0.8642926216125488,941.37451171875,383.79693603515625,21.227486,7.8658266,True
124,4.92,8,0.8412322998046875,237.39642333984375,438.16900634765625,11.968929,8.969708,True
124,4.92,9,0.8236627578735352,1021.4722595214844,243.025390625,23.208134,2.8598254,True
124,4.92,11,0.7884595990180969,1130.4948120117188,396.1976013183594,23.540037,8.4377165,True
124,4.92,12,0.8275370597839355,1066.6741333007812,301.66864013671875,23.391321,5.1616173,True
125,4.96,0,0.8250053524971008,876.7734680175781,413.8066101074219,20.25636,8.766492,True
125,4.96,1,0.7811480760574341,1208.4638671875,387.6061401367188,24.57419,8.235627,True
125,4.96,4,0.90495502948761,578.5470581054688,408.0589294433594,16.450665,8.315171,True
125,4.96,6,0.854488730430603,936.2461242675781,384.0133972167969,21.160645,7.8680553,True
125,4.96,8,0.8219174742698669,237.06063842773438,435.4635925292969,11.960922,8.883672,True
125,4.96,9,0.8112725019454956,1010.128173828125,243.8222198486328,23.042204,2.876945,True
125,4.96,11,0.7886032462120056,1127.3497314453125,401.6319274902344,23.46333,8.606039,True
125,4.96,12,0.8485745191574097,1060.0493469238281,298.4789733886719,23.325745,5.0372763,True
125,4.96,13,0.5290454030036926,1175.6448364257812,389.8631896972656,24.148336,8.277629,True
126,5.0,0,0.8377002477645874,876.7140197753906,426.1717834472656,20.199121,9.150821,True
126,5.0,1,0.7912492156028748,1205.8934326171875,387.955322265625,24.539509,8.244404,True
126,5.0,4,0.8937493562698364,574.0485534667969,408.9656066894531,16.390297,8.340284,True
126,5.0,6,0.8220646977424622,931.5115356445312,386.1972351074219,21.08841,7.934702,True
126,5.0,8,0.8366194367408752,233.1571044921875,439.3227844238281,11.914592,9.002438,True
126,5.0,9,0.8106721043586731,998.9030456542969,244.79666137695312,22.876665,2.9013507,True
126,5.0,11,0.759225606918335,1122.7302856445312,406.6721496582031,23.371609,8.75955,True
126,5.0,12,0.8101637959480286,1043.894775390625,296.3552551269531,23.123402,4.9405956,True
126,5.0,13,0.6563019156455994,1162.4866333007812,415.1512451171875,23.803074,9.056218,True
127,5.04,0,0.8447043895721436,878.4682312011719,427.1869201660156,20.216455,9.183576,True
127,5.04,1,0.8157779574394226,1199.5247192382812,391.1646423339844,24.43579,8.340544,True
127,5.04,4,0.8986101150512695,564.6936950683594,410.0716552734375,16.266327,8.367346,True
127,5.04,6,0.8285394310951233,924.2772521972656,392.4761962890625,20.963139,8.131214,True
127,5.04,8,0.8725178241729736,232.2393569946289,439.0273132324219,11.902094,8.992293,True
127,5.04,9,0.7698189616203308,973.8662719726562,243.00436401367188,22.53557,2.7962756,True
127,5.04,11,0.684206485748291,1119.8328857421875,403.2712097167969,23.358767,8.65077,True
127,5.04,12,0.8433589339256287,1021.9312744140625,303.8411560058594,22.774563,5.190261,True
127,5.04,13,0.8119138479232788,1156.25146484375,420.66314697265625,23.688213,9.219548,True
128,5.08,0,0.8329575657844543,874.9736022949219,431.5484313964844,20.153175,9.314401,True
128,5.08,1,0.8220850229263306,1196.6734008789062,399.7974243164063,24.335396,8.6099,True
128,5.08,4,0.9068288207054138,559.5353088378906,410.6990356445313,16.197973,8.382824,True
128,5.08,6,0.7912936806678772,922.1665954589844,394.6183471679688,20.925192,8.19821,True
128,5.08,8,0.8962602615356445,226.92727661132812,435.2139587402344,11.826634,8.866724,True
128,5.08,9,0.8152417540550232,957.2965393066406,251.981689453125,22.239307,3.1344197,True
128,5.08,11,0.7779720425605774,1110.4446411132812,411.7506713867188,23.185547,8.906584,True
128,5.08,12,0.8475536704063416,1015.3641662597656,310.0152893066406,22.644167,5.4073486,True
128,5.08,13,0.8201367259025574,1157.0700073242188,422.8973388671875,23.68275,9.288231,True
129,5.12,0,0.8672284483909607,875.7988891601562,426.3315124511719,20.186953,9.15496,True
129,5.12,1,0.8612064123153687,1198.4137573242188,397.3042602539063,24.375616,8.533257,True
129,5.12,4,0.8989855647087097,553.4139404296875,410.6531066894531,16.11823,8.375739,True
129,5.12,6,0.8501895070075989,916.7297973632812,397.0414733886719,20.84363,8.270973,True
129,5.12,8,0.888410210609436,222.80146026611328,441.5936279296875,11.781352,9.064969,True
129,5.12,9,0.822660505771637,944.4708251953125,241.6281890869141,22.12773,2.7016828,True
129,5.12,11,0.8308483362197876,1107.59912109375,412.5350341796875,23.145199,8.928394,True
129,5.12,12,0.8323134779930115,1005.7337951660156,295.8355407714844,22.610647,4.877361,True
129,5.12,13,0.8441070914268494,1156.8037719726562,422.5085144042969,23.682186,9.27619,True
130,5.16,0,0.8578885793685913,876.1055908203125,425.4869995117188,20.19461,9.129189,True
130,5.16,1,0.8007645606994629,1200.4068603515625,402.651123046875,24.360136,8.702337,True
130,5.16,4,0.9004376530647278,548.3190612792969,411.965576171875,16.049606,8.413317,True
130,5.16,6,0.8240926265716553,915.3193054199219,400.1622009277344,20.80992,8.369442,True
130,5.16,8,0.8775795102119446,221.3596954345703,439.5288391113281,11.7593355,8.99855,True
130,5.16,9,0.8489713072776794,932.4495544433594,243.6291656494141,21.943365,2.7667382,True
130,5.16,11,0.8050069808959961,1098.9658813476562,414.8814392089844,23.023205,8.993426,True
130,5.16,12,0.8199058175086975,995.2178039550781,292.9299621582031,22.487507,4.7572985,True
130,5.16,13,0.8477926254272461,1153.2371826171875,424.0849304199219,23.627771,9.321075,True
131,5.2,0,0.8664071559906006,875.3516235351562,426.00494384765625,20.182833,9.144513,True
131,5.2,1,0.7773285508155823,1200.9088134765625,415.3793640136719,24.271923,9.095994,True
131,5.2,4,0.9004473686218262,544.2315673828125,412.3709106445313,15.995655,8.422616,True
131,5.2,6,0.7937709093093872,912.5126342773438,402.0300903320313,20.764935,8.426402,True
131,5.2,8,0.8761090040206909,218.91971588134766,429.5228271484375,11.712107,8.677834,True
131,5.2,9,0.8188002705574036,919.82861328125,239.37425231933597,21.791277,2.577184,True
131,5.2,11,0.8179803490638733,1092.9599609375,414.733642578125,22.950003,8.983694,True
131,5.2,12,0.8108239769935608,985.9329223632812,293.0791015625,22.360128,4.752018,True
131,5.2,13,0.760749340057373,1148.8631591796875,423.2652893066406,23.57998,9.2925205,True
132,5.24,0,0.8619300723075867,872.0101013183594,430.553955078125,20.120665,9.281454,True
132,5.24,1,0.8187814354896545,1186.3377685546875,421.5789794921875,24.049078,9.272756,True
132,5.24,4,0.9004405736923218,534.4234466552734,413.4968566894531,15.866009,8.449847,True
132,5.24,6,0.7966488003730774,907.04443359375,403.1741333007813,20.689932,8.457842,True
132,5.24,8,0.8554073572158813,218.14971923828125,433.4083251953125,11.707767,8.801398,True
132,5.24,9,0.7855750918388367,888.7789001464844,225.19314575195312,21.434988,1.9492751,True
132,5.24,11,0.7728431224822998,1080.7396850585938,414.6466064453125,22.79952,8.970472,True
132,5.24,12,0.8300433158874512,947.2490539550781,294.9162292480469,21.820835,4.7752905,True
132,5.24,13,0.6889547109603882,1146.3258666992188,402.436767578125,23.693197,8.648039,True
133,5.28,0,0.8590217232704163,869.4303894042969,428.5594482421875,20.097338,9.218074,True
133,5.28,1,0.808157742023468,1180.87890625,425.4864196777344,23.954771,9.386604,True
133,5.28,4,0.8922790288925171,529.185791015625,413.90423583984375,15.797093,8.458158,True
133,5.28,6,0.8326719403266907,905.3035583496094,401.8963928222656,20.674177,8.41563,True
133,5.28,8,0.8504034280776978,217.90231323242188,429.1882934570313,11.698074,8.6661825,True
133,5.28,9,0.8435424566268921,880.3270874023438,226.82305908203125,21.30228,2.0056195,True
133,5.28,11,0.7604572772979736,1074.08447265625,413.9952392578125,22.721292,8.944587,True
133,5.28,12,0.8215254545211792,940.4855346679688,291.9393615722656,21.746847,4.6562343,True
133,5.28,13,0.6983157992362976,1159.8759155273438,399.5164489746094,23.88192,8.568493,True
134,5.32,0,0.8378567099571228,867.8005981445312,429.7319030761719,20.071772,9.252685,True
134,5.32,1,0.8551283478736877,1176.0582275390625,430.7087707519531,23.859468,9.539927,True
134,5.32,4,0.8895766139030457,526.1061553955078,412.6038208007813,15.758771,8.4135475,True
134,5.32,6,0.7855158448219299,902.1200561523438,404.156494140625,20.622694,8.484604,True
134,5.32,8,0.8389497399330139,219.49427032470703,431.0301818847656,11.722014,8.726638,True
134,5.32,9,0.8724375367164612,874.3132019042969,235.4742431640625,21.162605,2.3559766,True
134,5.32,11,0.7835706472396851,1074.1832275390625,412.8907470703125,22.729486,8.910476,True
134,5.32,12,0.7855116128921509,932.3164978027344,291.4827880859375,21.637726,4.629519,True
134,5.32,14,0.7670885920524597,1113.4750366210938,419.6556701660156,23.170643,9.152542,True
135,5.36,0,0.8480812311172485,868.6531677246094,429.7824401855469,20.082195,9.254959,True
135,5.36,1,0.7980092763900757,1174.0361938476562,435.11181640625,23.80432,9.670049,True
135,5.36,4,0.9002491235733032,522.1481323242188,412.3779602050781,15.707383,8.402658,True
135,5.36,6,0.7429493069648743,900.6770629882812,410.16412353515625,20.575186,8.673193,True
135,5.36,8,0.8435690999031067,218.8683853149414,423.8152770996094,11.702746,8.493986,True
135,5.36,9,0.8468068838119507,861.3623046875,229.38128662109372,21.011858,2.085979,True
135,5.36,11,0.8222836256027222,1069.0997924804688,417.6131286621094,22.63696,9.051957,True
135,5.36,12,0.870291531085968,922.1674499511719,291.9053649902344,21.495974,4.6334014,True
135,5.36,13,0.6143312454223633,1156.8770751953125,401.22406005859375,23.832535,8.61939,True
135,5.36,14,0.8070239424705505,1115.4737548828125,427.4404296875,23.144083,9.391216,True
136,5.4,0,0.8206864595413208,868.5338439941406,430.8387756347656,20.076023,9.287235,True
136,5.4,1,0.816527783870697,1174.9262084960938,436.9072265625,23.802633,9.7242775,True
136,5.4,4,0.9089834094047546,519.1913452148438,412.5405578613281,15.668519,8.405188,True
136,5.4,6,0.7835321426391602,898.3303833007812,405.3297119140625,20.568964,8.518411,True
136,5.4,8,0.8629683256149292,218.19091796875,420.257568359375,11.688233,8.378013,True
136,5.4,9,0.8084390163421631,840.7789611816406,225.82565307617188,20.733421,1.908791,True
136,5.4,11,0.8484771847724915,1061.4110107421875,415.2347106933594,22.556616,8.97197,True
136,5.4,12,0.8862600326538086,911.0839233398438,290.974365234375,21.349304,4.585384,True
136,5.4,13,0.6507447361946106,1152.3309326171875,404.1195983886719,23.755703,8.70592,True
136,5.4,14,0.8224479556083679,1111.0077514648438,432.70013427734375,23.055466,9.546195,True
137,5.44,0,0.710787296295166,875.2606201171875,431.08209228515625,20.158844,9.300376,True
137,5.44,1,0.7842593789100647,1168.8595581054688,436.5967712402344,23.731483,9.710112,True
137,5.44,4,0.903487265110016,511.286865234375,407.3052978515625,15.5719385,8.228667,True
137,5.44,6,0.6109064817428589,905.1438903808594,407.6255187988281,20.64396,8.597138,True
137,5.44,8,0.8550282120704651,217.56458282470703,426.4324951171875,11.689364,8.577271,True
137,5.44,9,0.8145304322242737,820.8551025390625,228.4268341064453,20.428522,1.9899566,True
137,5.44,11,0.8166646957397461,1051.9931030273438,409.2555847167969,22.476604,8.778125,True
137,5.44,12,0.9103803038597108,889.1628112792969,288.518798828125,21.061583,4.466851,True
137,5.44,13,0.6989256739616394,1146.5353393554688,414.8941345214844,23.609009,9.034665,True
137,5.44,14,0.8320909738540649,1098.9514770507812,435.3445434570313,22.89175,9.615674,True
138,5.48,0,0.7619047164916992,884.3622741699219,433.310791015625,20.262123,9.376127,True
138,5.48,1,0.7994095683097839,1161.3275146484375,434.1500854492188,23.657131,9.630954,True
138,5.48,4,0.9048389196395874,506.6901550292969,403.8703308105469,15.515892,8.112592,True
138,5.48,8,0.8827290534973145,219.6353302001953,424.66693115234375,11.714275,8.522211,True
138,5.48,9,0.8006328344345093,808.0499267578125,228.82565307617188,20.239658,1.9888153,True
138,5.48,11,0.8257256746292114,1050.0104370117188,414.27545166015625,22.421192,8.932432,True
138,5.48,12,0.9108142256736756,880.3865051269531,289.200439453125,20.936577,4.48214,True
138,5.48,14,0.816658079624176,1094.2161865234375,440.5701293945313,22.801363,9.767919,True
138,5.48,13,0.5393878221511841,1142.326171875,413.4390869140625,23.567278,8.9862585,True
139,5.52,0,0.8138622045516968,881.9305419921875,431.2985229492188,20.240997,9.312633,True
139,5.52,1,0.8106240034103394,1155.35498046875,435.365966796875,23.576506,9.6624155,True
139,5.52,4,0.9118125438690186,502.9053192138672,400.7456665039063,15.469878,8.006823,True
139,5.52,8,0.8695932626724243,219.01992797851562,428.9805908203125,11.712619,8.660528,True
139,5.52,9,0.815506637096405,799.5084533691406,226.2474365234375,20.128462,1.8687123,True
139,5.52,11,0.8315946459770203,1041.5587768554688,414.7579956054688,22.313389,8.940062,True
139,5.52,12,0.8985714912414551,869.216064453125,289.30157470703125,20.78169,4.4726496,True
139,5.52,14,0.8468663692474365,1091.3995361328125,449.1838684082031,22.713936,10.020586,True
139,5.52,6,0.5384188294410706,904.0938720703125,430.1190490722656,20.522413,9.295282,True
140,5.56,0,0.7074339985847473,875.3751220703125,427.3571472167969,20.177023,9.186174,True
140,5.56,1,0.8314735889434814,1150.82177734375,435.0464477539063,23.523748,9.649172,True
140,5.56,4,0.9094430208206176,499.23838806152344,399.2007141113281,15.423304,7.9526324,True
140,5.56,6,0.7411813735961914,904.7707214355469,432.0242919921875,20.52181,9.35405,True
140,5.56,8,0.8755087852478027,219.22203063964844,437.0582885742188,11.7274475,8.918441,True
140,5.56,9,0.8483372330665588,787.9436340332031,225.6687469482422,19.962076,1.8281052,True
140,5.56,11,0.8400126099586487,1029.8481140136719,414.32623291015625,22.170511,8.9165325,True
140,5.56,12,0.902457058429718,860.4570007324219,290.1872253417969,20.655794,4.4956703,True
140,5.56,14,0.8354030847549438,1085.0044555664062,451.4376525878906,22.623009,10.081747,True
141,5.6,0,0.6134917736053467,882.4306640625,416.2699890136719,20.316257,8.848562,True
141,5.6,1,0.8387701511383057,1147.458984375,434.6282348632813,23.485802,9.633922,True
141,5.6,4,0.908948540687561,495.1800537109375,399.6741943359375,15.369084,7.964353,True
141,5.6,6,0.7977856397628784,886.2322998046875,432.83111572265625,20.28757,9.36307,True
141,5.6,8,0.8888922929763794,218.30074310302734,433.2662658691406,11.709554,8.797003,True
141,5.6,9,0.8361081480979919,777.635498046875,224.0373077392578,19.819029,1.7446992,True
141,5.6,11,0.8590959310531616,1024.0001220703125,414.1245727539063,22.098988,8.905201,True
141,5.6,12,0.8864161372184753,854.1957092285156,290.259765625,20.568808,4.490953,True
141,5.6,14,0.7884842157363892,1077.7196655273438,452.9609375,22.525972,10.1206665,True
142,5.64,0,0.7871212959289551,877.2112426757812,428.1939392089844,20.19619,9.213466,True
142,5.64,1,0.827971339225769,1139.5919799804688,444.7978515625,23.323105,9.929699,True
142,5.64,4,0.9117052555084229,489.2181091308594,401.0697326660156,15.288694,8.00454,True
142,5.64,8,0.8739515542984009,216.9183349609375,426.3072509765625,11.680562,8.572647,True
142,5.64,9,0.8318527936935425,757.0514831542969,222.6657867431641,19.522726,1.6573957,True
142,5.64,11,0.8506462574005127,1023.1679382324219,407.7992858886719,22.125954,8.707273,True
142,5.64,12,0.7961792945861816,830.5203247070312,288.6239318847656,20.249132,4.400725,True
142,5.64,14,0.7499780058860779,1059.1789855957031,456.4202270507813,22.282053,10.207281,True
142,5.64,6,0.535627543926239,883.5021362304688,411.0047607421875,20.354328,8.684419,True
143,5.68,0,0.8021893501281738,868.6295166015625,431.7405395507813,20.073227,9.3149185,True
143,5.68,1,0.8808963894844055,1135.8803100585938,450.8472900390625,23.238972,10.1045475,True
143,5.68,4,0.908135950565338,485.6744689941406,401.0306701660156,15.24189,7.999914,True
143,5.68,8,0.869151771068573,217.9320297241211,416.0882568359375,11.67831,8.241821,True
143,5.68,9,0.7836526036262512,748.3393249511719,221.7815399169922,19.398327,1.6074027,True
143,5.68,11,0.867290198802948,1015.2089233398438,406.4067993164063,22.034645,8.656576,True
143,5.68,12,0.8474695086479187,819.0863647460938,288.2326354980469,20.092194,4.3721423,True
143,5.68,14,0.8116729855537415,1053.7234497070312,456.3281555175781,22.216837,10.200325,True
143,5.68,6,0.5246685743331909,879.3245239257812,409.92474365234375,20.306568,8.646688,True
144,5.72,0,0.7427493333816528,878.7169189453125,432.4754028320313,20.195646,9.345887,True
144,5.72,1,0.901616871356964,1130.1967163085938,457.1344299316406,23.130392,10.283381,True
144,5.72,4,0.8968634605407715,483.1944122314453,402.0423889160156,15.208044,8.030756,True
144,5.72,6,0.7130645513534546,882.4700927734375,411.6793518066406,20.338137,8.704725,True
144,5.72,8,0.8678413033485413,217.20294952392578,411.0458679199219,11.660623,8.075592,True
144,5.72,11,0.8450629115104675,1011.587158203125,399.9757690429688,22.027027,8.450479,True
144,5.72,12,0.8567315340042114,814.133056640625,289.0754089355469,20.019163,4.3982053,True
144,5.72,14,0.8533372282981873,1046.7162475585938,458.1560668945313,22.12188,10.248182,True
145,5.76,0,0.7059940099716187,866.4437255859375,442.3329162597656,19.999653,9.634734,True
145,5.76,1,0.8949521780014038,1124.47900390625,464.6775207519531,23.01439,10.4968815,True
145,5.76,4,0.896163821220398,479.6795959472656,403.5526428222656,15.160071,8.0769,True
145,5.76,6,0.8055042028427124,883.4043884277344,412.2822265625,20.347113,8.724499,True
145,5.76,8,0.8804925084114075,218.87821197509766,405.0443420410156,11.673819,7.87855,True
145,5.76,11,0.8401637077331543,1011.2935485839844,402.7732849121094,22.006893,8.538703,True
145,5.76,12,0.8719885349273682,809.0614318847656,288.97711181640625,19.949095,4.3883853,True
145,5.76,14,0.8571756482124329,1037.9026489257812,458.082275390625,22.01606,10.239156,True
146,5.8,0,0.7751249670982361,865.4834899902344,443.0500793457031,19.984657,9.655551,True
146,5.8,1,0.9013640880584716,1120.54638671875,471.5673522949219,22.924725,10.69105,True
146,5.8,4,0.8944075107574463,475.5516357421875,404.6514892578125,15.104491,8.108948,True
146,5.8,6,0.6912456750869751,908.8637390136719,418.81585693359375,20.636192,8.950919,True
146,5.8,8,0.8842630386352539,219.81033325195312,408.0107116699219,11.6910515,7.9778333,True
146,5.8,9,0.6930735111236572,720.7839965820312,225.337890625,18.975353,1.7192597,True
146,5.8,11,0.8153482675552368,1007.8125305175781,409.9671630859375,21.921429,8.761582,True
146,5.8,12,0.8945159912109375,799.9475708007812,289.03350830078125,19.821955,4.379581,True
146,5.8,14,0.8179976344108582,1032.0574340820312,458.77142333984375,21.9417,10.25469,True
147,5.84,0,0.7829682230949402,860.31591796875,447.7809448242188,19.90048,9.793345,True
147,5.84,1,0.8745126724243164,1113.8870849609375,482.7081909179688,22.777884,11.001139,True
147,5.84,4,0.8948832750320435,471.45176696777344,407.0597534179688,15.048147,8.183661,True
147,5.84,6,0.8343111276626587,895.722900390625,412.30169677734375,20.502407,8.735992,True
147,5.84,8,0.8566851615905762,221.74807739257812,411.77874755859375,11.722979,8.10402,True
147,5.84,9,0.6770644187927246,704.9659729003906,229.78001403808597,18.723265,1.8846941,True
147,5.84,11,0.8407348990440369,1002.3517761230469,419.0001831054688,21.801771,9.037401,True
147,5.84,12,0.8874094486236572,789.3621826171875,288.6313171386719,19.676311,4.3515496,True
147,5.84,13,0.7574570178985596,1120.3618774414062,430.6070251464844,23.183044,9.490919,True
147,5.84,14,0.8314133286476135,1019.1698303222656,460.4797668457031,21.776823,10.294416,True
148,5.88,0,0.8277478814125061,861.3114929199219,448.5856018066406,19.90934,9.81822,True
148,5.88,1,0.8667076230049133,1111.7008056640625,489.0635681152344,22.71399,11.177202,True
148,5.88,4,0.8828728795051575,470.1750183105469,407.8662414550781,15.030585,8.208718,True
148,5.88,6,0.8657596707344055,888.1911315917969,411.6938171386719,20.410294,8.710243,True
148,5.88,8,0.8710910081863403,224.57666015625,411.7310180664063,11.7609825,8.105119,True
148,5.88,11,0.8480716943740845,998.6324157714844,425.98431396484375,21.71647,9.248779,True
148,5.88,12,0.8780269622802734,786.2611389160156,292.9305114746094,19.613369,4.510946,True
148,5.88,13,0.8401018977165222,1118.80712890625,440.9111022949219,23.0973,9.797937,True
148,5.88,14,0.882708728313446,1007.5241088867188,459.460205078125,21.641783,10.255643,True
149,5.92,0,0.8203859329223633,860.5354614257812,448.5098571777344,19.900087,9.815327,True
149,5.92,1,0.8718839287757874,1109.0923461914062,492.98529052734375,22.660078,11.284219,True
149,5.92,4,0.8920606970787048,467.330810546875,408.6332092285156,14.992431,8.23101,True
149,5.92,6,0.8338478803634644,889.3248596191406,413.74554443359375,20.414904,8.775633,True
149,5.92,8,0.8836601376533508,226.9242706298828,413.99127197265625,11.795902,8.181566,True
149,5.92,11,0.8486474752426147,993.0455932617188,425.40045166015625,21.650583,9.226188,True
149,5.92,12,0.8608295321464539,781.4269409179688,294.3036193847656,19.539942,4.5570717,True
149,5.92,13,0.8736897706985474,1116.2106323242188,448.44677734375,23.017769,10.018583,True
149,5.92,14,0.8977506160736084,998.5716552734375,461.9197692871094,21.520527,10.320314,True
150,5.96,0,0.793944776058197,855.9616088867188,448.8304748535156,19.842295,9.821198,True
150,5.96,1,0.8630203008651733,1107.1307373046875,492.6412963867188,22.639137,11.273291,True
150,5.96,4,0.8997918963432312,465.8233184814453,409.1017150878906,14.972168,8.244832,True
150,5.96,6,0.829353928565979,884.2231140136719,414.9564514160156,20.344942,8.809066,True
150,5.96,8,0.8916783928871155,229.53562927246094,414.5044250488281,11.831718,8.200831,True
150,5.96,9,0.7005835175514221,685.5251159667969,230.86343383789065,18.432135,1.9030365,True
150,5.96,11,0.8266701698303223,991.4528503417969,428.8936767578125,21.611654,9.3315115,True
150,5.96,12,0.8700828552246094,776.28662109375,290.3653564453125,19.486053,4.4017744,True
150,5.96,13,0.9034780263900756,1112.4091796875,462.8089294433594,22.882097,10.433858,True
150,5.96,14,0.8968396782875061,991.430419921875,464.2540893554688,21.422077,10.382587,True
151,6.0,0,0.8340808749198914,852.213134765625,448.8264465332031,19.796047,9.818035,True
151,6.0,1,0.8755680918693542,1105.7817993164062,491.5218811035156,22.629944,11.2412815,True
151,6.0,4,0.9028748869895936,464.928466796875,408.9518127441406,14.96051,8.239133,True
151,6.0,6,0.8402701020240784,881.3084411621094,414.580810546875,20.309965,8.794745,True
151,6.0,8,0.8606131672859192,230.62879180908203,412.7464294433594,11.843875,8.144197,True
151,6.0,11,0.8521090745925903,982.6438293457031,421.988525390625,21.540361,9.112606,True
151,6.0,12,0.8612659573554993,770.8603515625,288.2003479003906,19.419928,4.3128147,True
151,6.0,13,0.8971686959266663,1108.8555908203125,465.888427734375,22.82071,10.519778,True
151,6.0,14,0.9047244787216188,987.8956604003906,468.6260681152344,21.356792,10.506319,True
152,6.04,0,0.8509170413017273,846.7976379394531,448.7705078125,19.729412,9.811965,True
152,6.04,1,0.8691130876541138,1103.3102416992188,492.11627197265625,22.597462,11.256005,True
152,6.04,4,0.9073451161384584,460.9367370605469,409.0978088378906,14.907799,8.240172,True
152,6.04,6,0.8157405257225037,874.4205627441406,419.3659973144531,20.201263,8.938098,True
152,6.04,8,0.8882284760475159,224.01748657226562,407.3369140625,11.746831,7.959536,True
152,6.04,9,0.7220140099525452,665.6966552734375,236.7958831787109,18.117785,2.124301,True
152,6.04,11,0.8627719283103943,970.6858825683594,421.3939208984375,21.39495,9.084048,True
152,6.04,12,0.8506575226783752,759.7615661621094,286.7883605957031,19.270788,4.245436,True
152,6.04,13,0.8191735148429871,1103.1840209960938,467.09613037109375,22.745733,10.550137,True
152,6.04,14,0.919968843460083,965.203857421875,474.6014404296875,21.053877,10.660829,True
153,6.08,0,0.8554695844650269,843.1411743164062,448.1516723632813,19.686785,9.790471,True
153,6.08,1,0.8845346570014954,1104.87353515625,493.6662292480469,22.606655,11.300065,True
153,6.08,4,0.9043104648590088,458.5102081298828,408.0416564941406,14.876657,8.203576,True
153,6.08,6,0.8296824097633362,873.0414733886719,420.108642578125,20.180557,8.959998,True
153,6.08,8,0.8890440464019775,223.89706420898438,409.1993408203125,11.74802,8.021018,True
153,6.08,9,0.834356427192688,658.4733581542969,236.97476196289065,18.01076,2.1217582,True
153,6.08,11,0.8704259395599365,961.6632080078125,419.7941284179688,21.291145,9.026902,True
153,6.08,12,0.875726044178009,754.2281494140625,285.54229736328125,19.198557,4.1909757,True
153,6.08,13,0.7971431016921997,1098.3048706054688,464.90380859375,22.700861,10.483424,True
153,6.08,14,0.8906384110450745,949.3110656738281,475.554931640625,20.858322,10.676145,True
154,6.12,0,0.870087742805481,841.2258911132812,449.0603637695313,19.659391,9.816109,True
154,6.12,1,0.8709473609924316,1107.461181640625,493.94049072265625,22.635334,11.309495,True
154,6.12,4,0.9089287519454956,456.6040496826172,405.4228820800781,14.853543,8.116403,True
154,6.12,6,0.8268760442733765,864.5313110351562,421.3709716796875,20.067951,8.991837,True
154,6.12,8,0.8942486047744751,222.77469635009766,401.3822021484375,11.720925,7.7602506,True
154,6.12,9,0.882714569568634,653.9419250488281,237.81814575195312,17.941084,2.1507149,True
154,6.12,11,0.8741948008537292,952.8111877441406,419.9402160644531,21.18001,9.02379,True
154,6.12,12,0.8669262528419495,748.9804077148438,285.23944091796875,19.126177,4.1729593,True
154,6.12,13,0.6631507277488708,1092.7540893554688,467.5777893066406,22.618498,10.556037,True
154,6.12,14,0.8786521553993225,938.1459655761719,476.22064208984375,20.720943,10.686787,True
155,6.16,0,0.7923824787139893,838.263916015625,448.0182495117188,19.627028,9.782504,True
155,6.16,1,0.8653533458709717,1111.6533203125,494.5478820800781,22.680792,11.3292675,True
155,6.16,4,0.9083917140960692,456.15142822265625,403.8801574707031,14.848754,8.065515,True
155,6.16,6,0.7857521176338196,861.9638061523438,421.2298889160156,20.036312,8.9852295,True
155,6.16,8,0.8956460356712341,223.5427703857422,400.4284057617188,11.729884,7.729102,True
155,6.16,9,0.8848159313201904,652.2112426757812,238.5472412109375,17.913105,2.1787512,True
155,6.16,11,0.8440584540367126,947.5785217285156,417.5347900390625,21.127213,8.944728,True
155,6.16,12,0.8758335709571838,743.7752075195312,285.8127136230469,19.050676,4.1886163,True
155,6.16,13,0.6834104061126709,1090.2008666992188,470.5240783691406,22.570463,10.638468,True
155,6.16,14,0.8206183910369873,919.6587524414062,476.986328125,20.494974,10.694775,True
156,6.2,0,0.7126405835151672,833.3799133300781,448.5380859375,19.56452,9.794099,True
156,6.2,1,0.8477146029472351,1115.7022705078125,495.6332092285156,22.721676,11.362103,True
156,6.2,4,0.9019165635108948,456.2554473876953,402.2537536621094,14.851393,8.012288,True
156,6.2,6,0.764078676700592,861.0756530761719,422.58056640625,20.01918,9.026376,True
156,6.2,8,0.8917123079299927,224.94989776611328,402.1150512695313,11.751542,7.7868266,True
156,6.2,9,0.82492995262146,650.8714904785156,238.592529296875,17.89322,2.1787877,True
156,6.2,11,0.8342089056968689,939.3612060546875,417.8708801269531,21.02274,8.948033,True
156,6.2,12,0.8809609413146973,741.7913818359375,286.3743591308594,19.020493,4.207742,True
156,6.2,13,0.74073725938797,1086.0220336914062,475.6191711425781,22.490625,10.780463,True
156,6.2,14,0.8728305697441101,905.0800170898438,476.9921569824219,20.319334,10.683945,True
157,6.24,0,0.7388067245483398,828.6123657226562,449.1012268066406,19.503298,9.807082,True
157,6.24,1,0.9016048312187196,1116.265869140625,496.7739868164063,22.721472,11.393947,True
157,6.24,4,0.8948148488998413,451.8165588378906,398.1434020996094,14.795598,7.8727207,True
157,6.24,6,0.7734131217002869,861.5885925292969,424.7380065917969,20.0161,9.093603,True
157,6.24,8,0.871920108795166,227.7381896972656,405.599365234375,11.794501,7.9054804,True
157,6.24,9,0.839171826839447,648.2667541503906,239.6706695556641,17.851244,2.2201328,True
157,6.24,11,0.8224289417266846,927.3998107910156,426.2906494140625,20.83103,9.197723,True
157,6.24,12,0.8745786547660828,735.0254211425781,285.3187561035156,18.929739,4.1589775,True
157,6.24,13,0.793997049331665,1080.3363647460938,477.977294921875,22.409382,10.84309,True
157,6.24,14,0.8784484267234802,890.4840698242188,477.0423889160156,20.14306,10.674361,True
158,6.28,0,0.7322758436203003,828.3244934082031,450.3810119628906,19.494648,9.845122,True
158,6.28,1,0.8759636282920837,1117.1160888671875,496.9309692382813,22.730463,11.39887,True
158,6.28,4,0.9006831645965576,450.96490478515625,393.930419921875,14.787361,7.7322903,True
158,6.28,6,0.7646471858024597,862.314208984375,424.2055969238281,20.027548,9.077766,True
158,6.28,8,0.8597561120986938,229.01612854003906,404.4505004882813,11.810088,7.868539,True
158,6.28,9,0.8320255279541016,647.7107238769531,239.9182281494141,17.842234,2.2296755,True
158,6.28,11,0.7985569834709167,925.3782653808594,430.5441589355469,20.784891,9.326233,True
158,6.28,12,0.880554735660553,733.2675170898438,285.6139831542969,18.903824,4.1681743,True
158,6.28,13,0.8184986114501953,1080.1240234375,475.8533630371094,22.419243,10.782719,True
158,6.28,14,0.9197474122047424,880.4898071289062,478.9623107910156,20.01423,10.721845,True
159,6.32,0,0.7590224146842957,829.8871459960938,445.8213195800781,19.532187,9.709723,True
159,6.32,1,0.91039776802063,1118.48388671875,497.4373474121094,22.74341,11.413773,True
159,6.32,4,0.9020532369613647,451.05137634277344,389.5626220703125,14.7917385,7.5867057,True
159,6.32,6,0.6929207444190979,870.4335021972656,427.72503662109375,20.113596,9.193276,True
159,6.32,8,0.8648359775543213,229.6698760986328,401.27288818359375,11.814275,7.7632713,True
159,6.32,9,0.895244836807251,648.3259582519531,239.75030517578125,17.851849,2.2235312,True
159,6.32,11,0.8250458836555481,923.9111328125,433.7485656738281,20.751,9.422603,True
159,6.32,12,0.8895529508590698,732.3869934082031,285.9165344238281,18.89022,4.178719,True
159,6.32,13,0.8225542902946472,1082.1469116210938,475.7716369628906,22.443737,10.781905,True
159,6.32,14,0.9028682112693788,866.5083312988281,475.8599243164063,19.858265,10.622222,True
160,6.36,0,0.7033935785293579,828.7563171386719,429.1015930175781,19.585848,9.200088,True
160,6.36,1,0.9201071858406068,1120.9295043945312,498.5238342285156,22.765451,11.445365,True
160,6.36,4,0.9069071412086488,450.91343688964844,387.14739990234375,14.791681,7.5056167,True
160,6.36,6,0.7274967432022095,873.7591552734375,427.3109130859375,20.15703,9.1833725,True
160,6.36,8,0.8967081904411316,237.18029022216797,399.6420593261719,11.913789,7.716022,True
160,6.36,9,0.887787938117981,647.9783630371094,239.4815826416016,17.847633,2.2118576,True
160,6.36,11,0.8072342276573181,923.5514831542969,434.8232421875,20.741306,9.454939,True
160,6.36,12,0.8927308320999146,731.1611938476562,286.04840087890625,18.872456,4.182287,True
160,6.36,13,0.8473343253135681,1080.3287963867188,477.2828369140625,22.413338,10.823416,True
160,6.36,14,0.8760370016098022,854.1444396972656,477.76611328125,19.70081,10.667652,True
161,6.4,0,0.728715181350708,827.5802001953125,427.2915649414063,19.578503,9.143286,True
161,6.4,1,0.9330484867095948,1124.6786499023438,499.8684387207031,22.801092,11.484895,True
161,6.4,4,0.9094313979148864,451.0415954589844,386.245361328125,14.794069,7.475433,True
161,6.4,6,0.7632772922515869,872.8117065429688,426.4676818847656,20.148972,9.156601,True
161,6.4,8,0.8944478034973145,240.27910614013672,398.8886413574219,11.954787,7.6938066,True
161,6.4,9,0.8743429780006409,649.45703125,240.10610961914065,17.8673,2.239904,True
161,6.4,11,0.8208554983139038,922.0515441894531,436.8893127441406,20.712711,9.516301,True
161,6.4,12,0.8869556784629822,729.7437744140625,285.7362976074219,18.853773,4.1685724,True
161,6.4,13,0.8653711080551147,1076.0211791992188,477.2752380371094,22.362276,10.820002,True
161,6.4,14,0.8951677680015564,840.5674743652344,479.8674926757813,19.528145,10.717697,True
162,6.44,0,0.6811016798019409,832.7903747558594,443.2073669433594,19.578735,9.633377,True
162,6.44,1,0.9268182516098022,1133.9100952148438,499.9840087890625,22.90783,11.494524,True
162,6.44,4,0.9040805101394652,451.436767578125,386.3135070800781,14.799318,7.4781117,True
162,6.44,6,0.7028483152389526,870.169677734375,433.12396240234375,20.086298,9.358492,True
162,6.44,8,0.9079930186271667,248.08568572998047,400.0369262695313,12.062142,7.7398033,True
162,6.44,9,0.8540115356445312,651.52294921875,246.8989715576172,17.87484,2.5238416,True
162,6.44,11,0.823087215423584,912.7841796875,442.28717041015625,20.572449,9.671438,True
162,6.44,12,0.8966202735900879,725.7551574707031,285.1473693847656,18.799988,4.1410623,True
162,6.44,13,0.8958422541618347,1075.5640869140625,480.014892578125,22.341019,10.897173,True
162,6.44,14,0.791791558265686,814.047607421875,479.7861328125,19.207119,10.69534,True
163,6.48,0,0.6658292412757874,831.7488708496094,443.8458557128906,19.563227,9.651775,True
163,6.48,1,0.9048344492912292,1139.946533203125,501.1654052734375,22.970829,11.531074,True
163,6.48,4,0.903189480304718,451.8844604492188,386.5029296875,14.80518,7.4849186,True
163,6.48,6,0.7204911112785339,865.6822509765625,425.2521667480469,20.065136,9.113003,True
163,6.48,8,0.9152984023094176,250.14636993408203,400.3681945800781,12.090471,7.7528667,True
163,6.48,9,0.9007869362831116,652.4696044921875,249.1299285888672,17.881214,2.6167533,True
163,6.48,11,0.8163846135139465,910.9693298339844,443.6520385742188,20.543642,9.710934,True
163,6.48,12,0.8939064741134644,726.126708984375,285.0267639160156,18.805698,4.136877,True
163,6.48,13,0.8919532299041748,1076.2144775390625,483.1439514160156,22.330694,10.9858265,True
163,6.48,14,0.845894992351532,802.4065551757812,479.418212890625,19.067142,10.675959,True
164,6.52,0,0.777397871017456,834.597412109375,451.0892639160156,19.569304,9.871349,True
164,6.52,1,0.896221399307251,1145.7005004882812,501.5158386230469,23.03551,11.5446615,True
164,6.52,4,0.9057503938674928,452.185791015625,386.56201171875,14.8091755,7.4872,True
164,6.52,6,0.6225108504295349,870.2415466308594,419.5676879882813,20.14781,8.940741,True
164,6.52,8,0.9173608422279358,250.38819885253906,401.3843078613281,12.095026,7.787013,True
164,6.52,9,0.9000260233879089,652.6930236816406,251.45314025878903,17.876715,2.7121162,True
164,6.52,11,0.8162773251533508,908.6505737304688,441.9803161621094,20.522915,9.658822,True
164,6.52,12,0.8886180520057678,726.0520935058594,284.9723815917969,18.804863,4.1346936,True
164,6.52,13,0.8998496532440186,1075.2677612304688,485.6294860839844,22.305256,11.054913,True
164,6.52,14,0.8359026312828064,794.8259887695312,479.06341552734375,18.976282,10.660005,True
165,6.56,0,0.7895334362983704,835.1461791992188,455.781982421875,19.557251,10.011357,True
165,6.56,1,0.8819003701210022,1151.171875,502.5340576171875,23.092733,11.57626,True
165,6.56,4,0.906019389629364,452.57232666015625,386.366455078125,14.814507,7.4810066,True
165,6.56,6,0.7026917934417725,884.0303039550781,422.6905517578125,20.306631,9.049594,True
165,6.56,8,0.916126549243927,252.06427001953125,399.1212463378906,12.114884,7.7130413,True
165,6.56,9,0.8941582441329956,652.755859375,252.42996215820312,17.874376,2.7520626,True
165,6.56,11,0.7648796439170837,903.0752563476562,441.0369873046875,20.458504,9.625845,True
165,6.56,12,0.8797682523727417,725.3733825683594,284.44012451171875,18.797415,4.113376,True
165,6.56,13,0.9064613580703736,1073.29443359375,489.31488037109375,22.26098,11.156526,True
165,6.56,14,0.8530167937278748,787.0426940917969,479.4058837890625,18.88042,10.663958,True
166,6.6,0,0.7412808537483215,831.2151184082031,452.5936279296875,19.52154,9.913465,True
166,6.6,1,0.8794739246368408,1154.4020385742188,502.3412780761719,23.131378,11.573245,True
166,6.6,4,0.9045618176460266,453.6535949707031,386.162353515625,14.829162,7.475207,True
166,6.6,6,0.6910244226455688,879.76123046875,422.8171997070313,20.252548,9.049834,True
166,6.6,8,0.92003333568573,255.31908416748047,398.2573852539063,12.15793,7.687285,True
166,6.6,9,0.8953709602355957,654.2318115234375,253.6549224853516,17.89177,2.803927,True
166,6.6,11,0.6692997217178345,900.24169921875,442.4641418457031,20.416895,9.66647,True
166,6.6,12,0.8644351363182068,724.3307495117188,283.7828063964844,18.785326,4.086772,True
166,6.6,13,0.8940442800521851,1072.2315063476562,490.6569213867188,22.240858,11.193161,True
166,6.6,14,0.8768715858459473,780.8638916015625,476.7667846679688,18.814302,10.583139,True
167,6.64,0,0.7574615478515625,818.2794189453125,456.2474060058594,19.347736,10.011668,True
167,6.64,1,0.873359203338623,1155.5567626953125,502.7862548828125,23.142008,11.586179,True
167,6.64,4,0.8980089426040649,454.94903564453125,387.1320190429688,14.845774,7.5090537,True
167,6.64,8,0.9216490387916564,260.51690673828125,391.7212219238281,12.22073,7.472436,True
167,6.64,9,0.8962348103523254,656.4666442871094,256.322265625,17.915312,2.91518,True
167,6.64,11,0.824881911277771,885.83740234375,443.3821105957031,20.23486,9.682252,True
167,6.64,12,0.8622106909751892,723.2487487792969,283.8232421875,18.769915,4.087003,True
167,6.64,13,0.8628146052360535,1070.625,490.6822509765625,22.22181,11.19271,True
167,6.64,14,0.8515724539756775,756.5577697753906,452.0355529785156,18.599169,9.83637,True
168,6.68,0,0.7791094779968262,819.1300659179688,456.5066223144531,19.357216,10.020034,True
168,6.68,1,0.8610374331474304,1158.6912231445312,501.862548828125,23.184072,11.563164,True
168,6.68,4,0.8971344232559204,456.109130859375,387.3995971679688,14.861104,7.51917,True
168,6.68,8,0.9173519015312196,262.3177185058594,387.4161376953125,12.240254,7.3282175,True
168,6.68,9,0.8862147927284241,658.10546875,258.7353820800781,17.930971,3.014888,True
168,6.68,11,0.8325446248054504,885.0345458984375,443.5120544433594,20.22436,9.6855,True
168,6.68,12,0.8699485659599304,722.5521850585938,283.7777709960937,18.760273,4.0843954,True
168,6.68,13,0.859197735786438,1069.17431640625,490.9700012207031,22.203114,11.199678,True
168,6.68,14,0.8802534937858582,749.1628112792969,451.4291687011719,18.509233,9.81218,True
169,6.72,0,0.7474470734596252,822.1951293945312,456.7214050292969,19.39413,10.028849,True
169,6.72,1,0.8445942997932434,1158.05859375,500.9149475097656,23.182634,11.536851,True
169,6.72,4,0.905071496963501,456.5417022705078,387.3376770019531,14.866947,7.5175157,True
169,6.72,8,0.9126688838005066,264.85997009277344,384.9319152832031,12.272137,7.2460938,True
169,6.72,9,0.8682394027709961,660.1148071289062,259.5242919921875,17.957396,3.0493295,True
169,6.72,11,0.8058315515518188,878.8228454589844,448.08056640625,20.127409,9.817337,True
169,6.72,12,0.85067218542099,722.71484375,283.6534423828125,18.763056,4.079801,True
169,6.72,13,0.8450748920440674,1068.9188232421875,491.2237854003906,22.198679,11.206558,True
169,6.72,14,0.8932717442512512,741.736083984375,452.3249816894531,18.413908,9.832992,True
170,6.76,0,0.8014832139015198,823.0699157714844,458.3491821289063,19.398573,10.077722,True
170,6.76,1,0.8703240752220154,1159.1005859375,500.1051330566406,23.199772,11.515442,True
170,6.76,4,0.9003362059593201,456.65679931640625,387.0837097167969,14.868691,7.5091047,True
170,6.76,8,0.9118912816047668,267.2478713989258,379.66943359375,12.298896,7.0681334,True
170,6.76,9,0.8594804406166077,660.7337036132812,259.4877014160156,17.966473,3.0486672,True
170,6.76,11,0.8119273781776428,877.4625549316406,441.62506103515625,20.139164,9.622472,True
170,6.76,12,0.847662091255188,722.0005798339844,284.0204772949219,18.751543,4.0930753,True
170,6.76,13,0.8670175671577454,1070.1177368164062,490.9089660644531,22.21456,11.198657,True
170,6.76,14,0.8828923106193542,738.2614135742188,452.6376647949219,18.369669,9.839536,True
171,6.8,0,0.8029657602310181,823.5080871582031,457.5640563964844,19.407015,10.054849,True
171,6.8,1,0.8699662685394287,1160.1581420898438,498.9446105957031,23.219303,11.484419,True
171,6.8,4,0.9055173993110656,457.3255157470703,387.1124877929688,14.877626,7.5107255,True
171,6.8,8,0.8925837278366089,267.8061828613281,379.183837890625,12.306017,7.051987,True
171,6.8,9,0.8608983159065247,661.5643005371094,259.2965087890625,17.979136,3.042054,True
171,6.8,11,0.7188199162483215,865.8175048828125,448.75396728515625,19.96419,9.826907,True
171,6.8,12,0.8430483937263489,721.784423828125,284.4926452636719,18.746643,4.1110024,True
171,6.8,13,0.8879813551902771,1070.1888427734375,491.1876220703125,22.213825,11.206465,True
171,6.8,14,0.8831232190132141,734.9249877929688,454.0953979492188,18.32353,9.880466,True
172,6.84,0,0.7277355790138245,822.9285278320312,457.8898010253906,19.398619,10.064025,True
172,6.84,1,0.8818427920341492,1161.0056762695312,493.0665283203125,23.266106,11.323394,True
172,6.84,4,0.9010598063468932,457.01499938964844,386.9538879394531,14.873594,7.5050974,True
172,6.84,6,0.613357663154602,878.3934020996094,416.1067199707031,20.26618,8.839924,True
172,6.84,8,0.87246173620224,268.9112091064453,377.0097961425781,12.318777,6.9781384,True
172,6.84,9,0.8489291667938232,665.8458557128906,260.3678283691406,18.037376,3.090786,True
172,6.84,11,0.6821117401123047,859.2854309082031,453.4299621582031,19.863863,9.960909,True
172,6.84,12,0.8497608304023743,720.635009765625,286.7240295410156,18.721733,4.195392,True
172,6.84,13,0.9127439260482788,1069.6047973632812,487.5101623535156,22.227734,11.103452,True
172,6.84,14,0.8605392575263977,725.0534057617188,449.604736328125,18.21458,9.737645,True
173,6.88,0,0.7802858352661133,825.1046752929688,459.2131042480469,19.420225,10.10486,True
173,6.88,1,0.8732498288154602,1162.8592529296875,486.030517578125,23.332434,11.129604,True
173,6.88,4,0.8981284499168396,457.1263122558594,385.82916259765625,14.87599,7.467414,True
173,6.88,6,0.6777356266975403,878.4606018066406,420.5021362304688,20.24683,8.976927,True
173,6.88,8,0.8902254700660706,271.9880828857422,377.5663757324219,12.361691,7.000499,True
173,6.88,9,0.858539879322052,665.16357421875,261.6754150390625,18.023039,3.1424193,True
173,6.88,11,0.7073447704315186,860.2848815917969,452.6220397949219,19.879566,9.937709,True
173,6.88,12,0.8641782999038696,720.4866027832031,287.506591796875,18.716599,4.2252297,True
173,6.88,13,0.9186305403709412,1070.1121826171875,482.99658203125,22.259382,10.977211,True
173,6.88,14,0.8572909235954285,709.5601501464844,448.6667785644531,18.023787,9.696636,True
174,6.92,0,0.7863868474960327,827.15576171875,457.5108642578125,19.452097,10.056182,True
174,6.92,1,0.8732649683952332,1164.27392578125,479.1262512207031,23.393368,10.937395,True
174,6.92,4,0.9110480546951294,456.47662353515625,383.0675048828125,14.869488,7.373707,True
174,6.92,8,0.8854482173919678,273.34397888183594,377.3694763183594,12.3801155,6.995089,True
174,6.92,9,0.8481473326683044,665.5961608886719,260.07879638671875,18.034763,3.0788345,True
174,6.92,11,0.696724534034729,860.2364196777344,448.5444030761719,19.896252,9.816116,True
174,6.92,12,0.8281705379486084,719.483642578125,287.5097961425781,18.702484,4.2241325,True
174,6.92,13,0.9151278138160706,1068.935546875,473.9244384765625,22.297441,10.719505,True
174,6.92,14,0.8932468295097351,700.109619140625,441.2103271484375,17.927122,9.462444,True
175,6.96,0,0.8195937275886536,822.7991333007812,455.6456909179688,19.405756,9.997436,True
175,6.96,1,0.8709831833839417,1159.71533203125,477.39166259765625,23.350908,10.885208,True
175,6.96,4,0.912684977054596,456.1359405517578,380.7898559570313,14.866732,7.2963223,True
175,6.96,6,0.707079291343689,884.5771179199219,431.5072937011719,20.273012,9.32125,True
175,6.96,8,0.8845700025558472,272.51683044433594,375.94622802734375,12.367217,6.945069,True
175,6.96,9,0.8424340486526489,664.475830078125,259.92852783203125,18.019085,3.0713212,True
175,6.96,12,0.8235877156257629,717.7765808105469,286.148681640625,18.683739,4.16981,True
175,6.96,13,0.9122191071510316,1068.5211181640625,469.1862487792969,22.319897,10.583788,True
175,6.96,14,0.8856633901596069,695.5141296386719,433.5757751464844,17.891338,9.224217,True
176,7.0,0,0.8147467374801636,823.0887756347656,453.9635314941406,19.41589,9.947695,True
176,7.0,1,0.8657721877098083,1153.4395141601562,476.7793884277344,23.280897,10.863308,True
176,7.0,4,0.9065842628479004,456.20811462402344,376.3899841308594,14.871243,7.1468134,True
176,7.0,6,0.6899375319480896,879.3763732910156,421.92431640625,20.25181,9.021845,True
176,7.0,8,0.898260235786438,271.4222183227539,375.2070007324219,12.351349,6.918361,True
176,7.0,9,0.8514044284820557,666.1627197265625,262.6915283203125,18.033974,3.1844592,True
176,7.0,12,0.8320051431655884,720.3712463378906,289.6144714355469,18.706793,4.3057632,True
176,7.0,13,0.9058918952941896,1067.0035400390625,467.035888671875,22.31424,10.520891,True
176,7.0,14,0.885356605052948,691.7793273925781,429.0664978027344,17.857048,9.081365,True
177,7.04,0,0.8208644986152649,820.3057250976562,448.1233520507813,19.404337,9.771019,True
177,7.04,1,0.8712119460105896,1147.0891723632812,474.1746520996094,23.22258,10.78494,True
177,7.04,4,0.9139406681060792,452.7950744628906,368.6272583007813,14.831178,6.876995,True
177,7.04,6,0.8195151686668396,887.9421997070312,427.6036376953125,20.332882,9.204464,True
177,7.04,8,0.905898928642273,269.41442108154297,372.26995849609375,12.320434,6.8143477,True
177,7.04,9,0.8322980999946594,666.4580383300781,275.0871276855469,17.996117,3.6764536,True
177,7.04,11,0.6928206086158752,838.6504211425781,448.9225769042969,19.628128,9.809895,True
177,7.04,12,0.8559772372245789,717.0783081054688,295.1204833984375,18.639505,4.511299,True
177,7.04,13,0.8953996300697327,1063.10888671875,469.046875,22.256075,10.575688,True
177,7.04,14,0.8416333794593811,681.2831115722656,422.6028747558594,17.741808,8.870383,True
178,7.08,0,0.8325801491737366,822.0847473144531,453.0451965332031,19.40709,9.919556,True
178,7.08,1,0.8808332085609436,1142.4026489257812,473.1896362304688,23.17344,10.753517,True
178,7.08,4,0.9123440980911256,452.318115234375,366.3411865234375,14.826476,6.79746,True
178,7.08,6,0.8586212992668152,884.2008361816406,429.5805358886719,20.27712,9.261955,True
178,7.08,8,0.9004358649253845,269.3755111694336,368.0839538574219,12.315213,6.668216,True
178,7.08,9,0.8222672939300537,667.1495056152344,279.27349853515625,17.991924,3.841153,True
178,7.08,12,0.840825080871582,715.6474304199219,296.41815185546875,18.61458,4.5587125,True
178,7.08,13,0.8940470218658447,1062.080078125,470.8073425292969,22.233677,10.62535,True
178,7.08,14,0.8240710496902466,678.8734436035156,423.6650085449219,17.708046,8.901576,True
179,7.12,0,0.8209800720214844,820.4627075195312,454.7300109863281,19.380518,9.968371,True
179,7.12,1,0.8808032274246216,1140.6607055664062,471.8899230957031,23.16107,10.715294,True
179,7.12,4,0.9102315306663512,451.4075012207031,364.991943359375,14.815122,6.7497373,True
179,7.12,6,0.8267021775245667,886.1811218261719,423.5560302734375,20.32957,9.078215,True
179,7.12,8,0.9037250280380248,270.0964126586914,366.928466796875,12.323906,6.6284814,True
179,7.12,9,0.841938853263855,669.1017150878906,282.8085632324219,18.00782,3.9810581,True
179,7.12,11,0.6314008831977844,821.7752075195312,429.6623840332031,19.496012,9.211394,True
179,7.12,12,0.8486717939376831,715.4492797851562,299.7121887207031,18.599384,4.6827235,True
179,7.12,13,0.8874639868736267,1059.1494750976562,472.4170837402344,22.18952,10.669163,True
179,7.12,14,0.8849941492080688,679.896240234375,419.6166687011719,17.732506,8.775244,True
180,7.16,0,0.7863962650299072,821.45849609375,454.5112609863281,19.393648,9.96267,True
180,7.16,1,0.8590832948684692,1136.4373779296875,462.6053466796875,23.169975,10.446389,True
180,7.16,4,0.9108392596244812,450.202880859375,365.66448974609375,14.798196,6.7718253,True
180,7.16,6,0.8160296678543091,887.5997314453125,421.1013793945313,20.358738,9.00344,True
180,7.16,8,0.9044777750968932,269.70288848876953,365.989013671875,12.317399,6.595097,True
180,7.16,9,0.8263456225395203,666.8871459960938,284.2098999023437,17.971735,4.0326076,True
180,7.16,11,0.6602326035499573,818.30810546875,432.4801940917969,19.441261,9.295005,True
180,7.16,12,0.85946124792099,716.3631591796875,300.1095275878906,18.61062,4.6987457,True
180,7.16,13,0.8868669271469116,1057.2073974609375,471.66156005859375,22.170662,10.646109,True
180,7.16,14,0.8442167639732361,681.8106689453125,420.4521789550781,17.754642,8.803253,True
181,7.2,0,0.821552038192749,818.1653442382812,455.6999206542969,19.348442,9.995334,True
181,7.2,1,0.8674172759056091,1135.075927734375,455.7378540039063,23.197737,10.246595,True
181,7.2,4,0.9078604578971864,449.6771697998047,366.068603515625,14.79073,6.785292,True
181,7.2,6,0.8216879963874817,887.219482421875,422.279296875,20.348495,9.039613,True
181,7.2,8,0.904590904712677,272.11419677734375,366.2342224121094,12.351106,6.6062403,True
181,7.2,9,0.814606785774231,667.3922729492188,288.9902038574219,17.963058,4.217513,True
181,7.2,11,0.6449599862098694,816.7029724121094,435.6148986816406,19.408735,9.389553,True
181,7.2,12,0.8478556871414185,714.2568054199219,301.8046569824219,18.574932,4.759916,True
181,7.2,13,0.878945529460907,1056.85302734375,470.80126953125,22.17133,10.621227,True
181,7.2,14,0.8668521642684937,679.4642639160156,415.0846862792969,17.739798,8.631549,True
182,7.24,0,0.8823596239089966,814.41650390625,455.3369140625,19.303616,9.981551,True
182,7.24,1,0.8314862847328186,1126.7872924804688,442.2102966308594,23.185444,9.842917,True
182,7.24,4,0.9046092629432678,449.60345458984375,366.38031005859375,14.789492,6.7960167,True
182,7.24,6,0.8140140175819397,864.9169921875,424.10107421875,20.060654,9.076773,True
182,7.24,8,0.8950450420379639,274.77565002441406,365.8728637695313,12.3876095,6.5963492,True
182,7.24,9,0.8133546710014343,664.3854370117188,306.2893371582031,17.864824,4.8693933,True
182,7.24,11,0.7813035845756531,812.662353515625,420.3536071777344,19.418695,8.915068,True
182,7.24,12,0.8465760946273804,715.2301025390625,304.0105895996094,18.580221,4.843638,True
182,7.24,13,0.8856930732727051,1049.0419311523438,467.2425231933594,22.098148,10.513145,True
182,7.24,14,0.8697976469993591,680.2704467773438,405.31292724609375,17.778162,8.320081,True
183,7.28,0,0.8760709762573242,815.6820678710938,456.2013854980469,19.315908,10.008225,True
183,7.28,1,0.8591489195823669,1123.8312377929688,441.8250427246094,23.152199,9.829117,True
183,7.28,4,0.910410702228546,449.5360870361328,367.4349670410156,14.787784,6.8324533,True
183,7.28,6,0.8435134291648865,864.2418518066406,424.75,20.04931,9.096254,True
183,7.28,8,0.893395721912384,274.2173385620117,366.02239990234375,12.380031,6.601013,True
183,7.28,9,0.7883097529411316,661.0816955566406,313.7173156738281,17.79554,5.1416802,True
183,7.28,11,0.7929779887199402,810.8906555175781,422.9280700683594,19.386053,8.993715,True
183,7.28,12,0.8438020348548889,713.0473937988281,307.9672241210937,18.535257,4.9885163,True
183,7.28,13,0.8743503093719482,1046.6031494140625,463.8944396972656,22.087872,10.414687,True
183,7.28,14,0.8685173392295837,681.9768371582031,396.1173095703125,17.827097,8.023834,True
184,7.32,0,0.8472328782081604,812.9055786132812,456.7291259765625,19.279675,10.021655,True
184,7.32,1,0.8817713856697083,1119.524658203125,442.0326843261719,23.098766,9.831809,True
184,7.32,4,0.9029966592788696,448.65940856933594,368.1492004394531,14.775328,6.856243,True
184,7.32,6,0.8366595506668091,866.1666870117188,425.1837768554688,20.07151,9.111307,True
184,7.32,8,0.8897542357444763,272.90018463134766,366.3277282714844,12.362103,6.6103473,True
184,7.32,9,0.7864701151847839,666.1405029296875,310.2251892089844,17.876738,5.018107,True
184,7.32,11,0.8451102375984192,807.3781433105469,411.7142028808594,19.386322,8.63911,True
184,7.32,12,0.7627530694007874,706.2857666015625,315.735107421875,18.413633,5.267652,True
184,7.32,13,0.8658208250999451,1045.5614318847656,460.2209777832031,22.096205,10.3073845,True
184,7.32,14,0.8407742977142334,679.9294128417969,393.3036804199219,17.808681,7.92998,True
185,7.36,0,0.8522192239761353,811.8669738769531,458.1251525878906,19.261576,10.062177,True
185,7.36,1,0.8900057673454285,1115.7196044921875,441.513671875,23.056051,9.813342,True
185,7.36,4,0.9005042910575867,447.7198486328125,368.3341979980469,14.762416,6.86167,True
185,7.36,6,0.7985815405845642,876.1167297363281,425.0944519042969,20.196527,9.117086,True
185,7.36,8,0.894710898399353,275.0403747558594,367.35052490234375,12.392854,6.648456,True
185,7.36,9,0.7713922262191772,664.3811950683594,318.1028137207031,17.827545,5.306974,True
185,7.36,11,0.8490526676177979,803.80126953125,409.918212890625,19.347971,8.579075,True
185,7.36,12,0.7176530957221985,704.6026000976562,325.9715576171875,18.354319,5.6387234,True
185,7.36,13,0.8581616282463074,1041.7575988769531,453.4204711914063,22.089071,10.105801,True
185,7.36,14,0.8439027070999146,686.5181579589844,389.1946716308594,17.90696,7.801316,True
186,7.4,0,0.902963936328888,808.6607055664062,460.5870056152344,19.212841,10.132364,True
186,7.4,1,0.8909310698509216,1112.6966552734375,437.6830749511719,23.04396,9.696855,True
186,7.4,4,0.9022002220153807,446.90246582031256,368.8977966308594,14.7508955,6.8802934,True
186,7.4,6,0.8124077320098877,868.5018310546875,425.4192504882813,20.099714,9.12058,True
186,7.4,8,0.8961864113807678,275.2472229003906,368.2432556152344,12.396665,6.679928,True
186,7.4,9,0.7305694222450256,661.3271179199219,317.27947998046875,17.787893,5.273262,True
186,7.4,11,0.8570345640182495,800.5061645507812,408.5448913574219,19.311426,8.532548,True
186,7.4,12,0.729168713092804,702.6948547363281,316.825439453125,18.36029,5.303584,True
186,7.4,13,0.8609082102775574,1041.9343566894531,450.2423095703125,22.1094,10.012473,True
186,7.4,14,0.8174662590026855,682.5127258300781,382.7785339355469,17.873758,7.5851946,True
187,7.44,0,0.9017898440361024,804.8606872558594,463.8050537109375,19.154163,10.224091,True
187,7.44,1,0.9003350734710693,1102.9439697265625,434.2764892578125,22.947144,9.586913,True
187,7.44,4,0.9018227458000184,444.14036560058594,370.33056640625,14.712355,6.9268737,True
187,7.44,6,0.8315629959106445,863.267822265625,426.0880737304688,20.03119,9.13673,True
187,7.44,8,0.8956745862960815,272.4027404785156,369.8563232421875,12.3590555,6.733336,True
187,7.44,9,0.7647433280944824,653.5440979003906,331.5272216796875,17.63779,5.78271,True
187,7.44,11,0.8451744318008423,792.9718017578125,409.2691040039063,19.212465,8.548773,True
187,7.44,12,0.7583779692649841,702.0709228515625,318.5682373046875,18.345562,5.3667,True
187,7.44,13,0.8479683995246887,1035.417724609375,451.7220153808594,22.022009,10.050878,True
187,7.44,14,0.8144474625587463,676.9103088378906,379.79345703125,17.808939,7.4802723,True
188,7.48,0,0.8993476033210754,806.3883361816406,467.61041259765625,19.158804,10.336766,True
188,7.48,1,0.9132093787193298,1096.224365234375,426.6441040039063,22.913708,9.350997,True
188,7.48,4,0.9006870985031128,443.0237579345703,371.6557312011719,14.696287,6.9713426,True
188,7.48,6,0.7928041815757751,865.841064453125,426.2249450683594,20.06281,9.143155,True
188,7.48,8,0.9028668403625488,273.30081939697266,368.53564453125,12.370045,6.6881237,True
188,7.48,9,0.7790782451629639,645.2787170410156,336.46661376953125,17.510513,5.9507804,True
188,7.48,11,0.8171588778495789,791.0318908691406,410.6085510253906,19.182528,8.589516,True
188,7.48,12,0.794675886631012,699.0870361328125,324.8991394042969,18.282564,5.593789,True
188,7.48,13,0.8535027503967285,1031.3311462402344,450.00341796875,21.9822,9.996993,True
188,7.48,14,0.7097525000572205,694.2311706542969,375.2839660644531,18.051159,7.3461967,True
189,7.52,0,0.9053245782852172,804.4457397460938,468.2356872558594,19.132725,10.353516,True
189,7.52,1,0.8859641551971436,1088.6714477539062,417.3357238769531,22.880335,9.060192,True
189,7.52,4,0.8857321739196777,441.2885437011719,372.4569396972656,14.67221,6.997111,True
189,7.52,6,0.8220509886741638,869.2517700195312,427.2622985839844,20.100882,9.17803,True
189,7.52,8,0.9073358178138732,274.5375061035156,369.4988708496094,12.388183,6.723078,True
189,7.52,9,0.8355737328529358,641.5951843261719,335.1390686035156,17.463945,5.8992767,True
189,7.52,11,0.8165408372879028,792.0629272460938,410.6487426757813,19.195517,8.591712,True
189,7.52,12,0.6952893733978271,680.3983459472656,338.29962158203125,17.983202,6.054138,True
189,7.52,13,0.8486567735671997,1029.52978515625,448.6557312011719,21.96795,9.955755,True
189,7.52,14,0.8094636797904968,692.0055541992188,375.9818420410156,18.019598,7.3674364,True
190,7.56,0,0.9022074937820436,802.9640197753906,472.3427734375,19.099579,10.471945,True
190,7.56,1,0.8737872242927551,1083.5238037109375,411.7925109863281,22.852194,8.884534,True
190,7.56,4,0.9036635160446168,440.8653259277344,374.1640930175781,14.66535,7.055243,True
190,7.56,6,0.8507844805717468,863.4730529785156,427.7378845214844,20.026485,9.187735,True
190,7.56,8,0.9062466621398926,274.90787506103516,364.6458129882813,12.388132,6.5533605,True
190,7.56,9,0.831968367099762,634.8545837402344,332.63751220703125,17.378635,5.802109,True
190,7.56,11,0.8448770642280579,787.7449035644531,410.6183471679688,19.14058,8.586883,True
190,7.56,12,0.7517647743225098,680.1904296875,356.62188720703125,17.922775,6.696138,True
190,7.56,13,0.8466464877128601,1028.4739990234375,447.1329650878906,21.963724,9.909845,True
190,7.56,14,0.8431862592697144,687.8048400878906,372.5667724609375,17.974722,7.2483788,True
191,7.6,0,0.914009690284729,801.5392150878906,473.6091918945313,19.07759,10.507588,True
191,7.6,1,0.8542394042015076,1075.6489868164062,403.033203125,22.810476,8.60419,True
191,7.6,4,0.9028162956237792,440.09974670410156,375.309326171875,14.654238,7.0936723,True
191,7.6,6,0.8115853667259216,865.9501647949219,429.4090576171875,20.050087,9.241206,True
191,7.6,8,0.8990986347198486,277.1998825073242,362.767822265625,12.417967,6.489624,True
191,7.6,9,0.8289347887039185,630.7396545410156,332.1601257324219,17.32352,5.780403,True
191,7.6,11,0.8418189287185669,783.4381103515625,410.3640441894531,19.086613,8.574961,True
191,7.6,12,0.6649258136749268,668.8024291992188,334.3442077636719,17.837788,5.9005013,True
191,7.6,13,0.8560861349105835,1025.5574340820312,442.2144165039063,21.956034,9.761263,True
191,7.6,14,0.8475199937820435,682.5265808105469,373.9671936035156,17.900589,7.290359,True
192,7.64,0,0.9203124046325684,794.8341369628906,477.1054992675781,18.983332,10.60358,True
192,7.64,1,0.8461248874664307,1059.1702270507812,405.4468383789063,22.589666,8.665344,True
192,7.64,4,0.8966666460037231,436.2352294921875,376.0974731445313,14.601438,7.1167183,True
192,7.64,6,0.8378912210464478,865.0387573242188,432.01171875,20.02725,9.320181,True
192,7.64,8,0.8608773350715637,276.3151550292969,362.3486328125,12.405231,6.4738946,True
192,7.64,9,0.835890531539917,623.8275756835938,337.5831604003906,17.214453,5.9673543,True
192,7.64,11,0.8502931594848633,780.9126281738281,408.13287353515625,19.062826,8.501808,True
192,7.64,12,0.7654502987861633,662.0538635253906,333.72869873046875,17.747568,5.871092,True
192,7.64,13,0.8469562530517578,1019.0335998535156,434.8388671875,21.918016,9.534694,True
192,7.64,14,0.845893919467926,678.0235595703125,374.6998901367188,17.838818,7.310578,True
193,7.68,0,0.9327648282051086,793.8220825195312,479.00921630859375,18.964268,10.657682,True
193,7.68,1,0.8778635859489441,1045.3361206054688,403.4102783203125,22.429548,8.589121,True
193,7.68,4,0.8974093794822693,434.44679260253906,377.2225341796875,14.57657,7.153334,True
193,7.68,6,0.8270812034606934,857.7605590820312,433.0948791503906,19.931759,9.347153,True
193,7.68,8,0.8663824796676636,275.57359313964844,360.63385009765625,12.393094,6.412494,True
193,7.68,9,0.8420737981796265,616.8312072753906,348.8428039550781,17.090414,6.358811,True
193,7.68,11,0.8290308117866516,779.4761657714844,404.5890808105469,19.057884,8.387441,True
193,7.68,12,0.7675747275352478,656.8050231933594,338.2572021484375,17.662474,6.027147,True
193,7.68,13,0.8788623213768005,1013.3770141601562,424.7113037109375,21.90595,9.222328,True
193,7.68,14,0.8524226546287537,679.4898071289062,373.1302185058594,17.86294,7.259142,True
194,7.72,0,0.9235147833824158,792.359619140625,482.3097534179688,18.934872,10.75138,True
194,7.72,1,0.8521192073822021,1037.5092163085938,403.10296630859375,22.333508,8.572481,True
194,7.72,4,0.9019671082496644,433.4571838378906,377.3392028808594,14.563118,7.1563196,True
194,7.72,6,0.8487924337387085,861.0820922851562,434.8194274902344,19.965683,9.402566,True
194,7.72,8,0.8874611854553223,274.9588851928711,360.0471496582031,12.383907,6.3910637,True
194,7.72,9,0.8394100069999695,611.9579467773438,352.8124389648437,17.014608,6.4927764,True
194,7.72,11,0.8227832317352295,777.5533142089844,406.5514831542969,19.025831,8.448386,True
194,7.72,12,0.7321190237998962,651.3261108398438,342.5978088378906,17.575335,6.1753173,True
194,7.72,13,0.8526032567024231,1009.6923522949219,421.5913696289063,21.878134,9.12351,True
194,7.72,14,0.8729588389396667,678.84033203125,370.54095458984375,17.862156,7.1709905,True
195,7.76,0,0.9189303517341614,789.5572814941406,484.6458435058594,18.892729,10.816127,True
195,7.76,1,0.8451485633850098,1031.6165161132812,404.0635070800781,22.253931,8.597478,True
195,7.76,4,0.8966851830482483,432.0387268066406,378.1421508789063,14.54348,7.182273,True
195,7.76,6,0.8522350788116455,861.1991577148438,435.1215515136719,19.965828,9.411869,True
195,7.76,8,0.8832783699035645,276.005859375,358.52215576171875,12.396859,6.3380938,True
195,7.76,9,0.8526203036308289,609.9566955566406,354.766357421875,16.982819,6.5588603,True
195,7.76,11,0.8218159079551697,772.6640930175781,407.9210205078125,18.95813,8.487621,True
195,7.76,12,0.7054367661476135,645.9345703125,342.6694030761719,17.501898,6.1720777,True
195,7.76,13,0.8230737447738647,1002.7310180664062,418.2973937988281,21.810461,9.016024,True
195,7.76,14,0.8855123519897461,674.6691284179688,368.9239501953125,17.811646,7.1119924,True
196,7.8,0,0.9167881608009338,788.1483459472656,485.493896484375,18.872715,10.839292,True
196,7.8,1,0.8472704887390137,1025.541015625,401.4966125488281,22.193245,8.511124,True
196,7.8,4,0.8956887722015381,429.90089416503906,378.5816650390625,14.5143385,7.1951027,True
196,7.8,6,0.854459822177887,859.2303466796875,435.8576354980469,19.938135,9.432631,True
196,7.8,8,0.919851541519165,276.3224105834961,358.34796142578125,12.401086,6.3322463,True
196,7.8,9,0.8090268969535828,598.2104187011719,355.7552185058594,16.821735,6.5810533,True
196,7.8,11,0.7945984601974487,772.7716674804688,405.3860778808594,18.968948,8.406833,True
196,7.8,12,0.7097514271736145,640.9284973144531,341.4786376953125,17.437166,6.124514,True
196,7.8,13,0.7440818548202515,1003.0703735351562,416.5642395019531,21.824514,8.962702,True
196,7.8,14,0.8592010736465454,675.2448120117188,367.99713134765625,17.822071,7.0810804,True
197,7.84,0,0.903986394405365,779.8594055175781,486.4668273925781,18.768965,10.860862,True
197,7.84,1,0.8261284232139587,1007.1379699707031,376.05364990234375,22.113523,7.6748495,True
197,7.84,4,0.9041563272476196,426.73516845703125,378.544677734375,14.471558,7.1906676,True
197,7.84,6,0.9020944833755492,852.9592895507812,437.4255981445313,19.853382,9.475062,True
197,7.84,8,0.930451273918152,274.10205078125,358.67706298828125,12.370487,6.341557,True
197,7.84,9,0.7653022408485413,589.6727600097656,359.90936279296875,16.697159,6.716442,True
197,7.84,11,0.7930477261543274,768.9774475097656,409.0296936035156,18.906868,8.519585,True
197,7.84,12,0.6859368085861206,619.7473449707031,362.3486633300781,17.096165,6.831581,True
197,7.84,13,0.7812716364860535,1001.5784912109375,411.0135192871094,21.837542,8.788796,True
197,7.84,14,0.8755572438240051,662.7618103027344,370.1909484863281,17.649714,7.143071,True
198,7.88,0,0.8927052021026611,775.2606201171875,487.2019348144531,18.710775,10.87839,True
198,7.88,1,0.7403988838195801,997.6811828613281,382.5416259765625,21.953918,7.877891,True
198,7.88,4,0.9055623412132264,426.2150573730469,376.8976135253906,14.465354,7.133958,True
198,7.88,6,0.8828344941139221,848.1521606445312,440.1698913574219,19.782026,9.554281,True
198,7.88,8,0.9319912195205688,271.8770217895508,358.95068359375,12.339769,6.3488913,True
198,7.88,9,0.7442662119865417,586.3177795410156,362.0875854492188,16.647219,6.788295,True
198,7.88,11,0.8016791343688965,766.9364929199219,407.4583129882813,18.88652,8.467701,True
198,7.88,12,0.6811392903327942,617.8669738769531,360.2952575683594,17.075977,6.7588506,True
198,7.88,13,0.7842069268226624,994.6433410644531,408.6368103027344,21.764345,8.708352,True
198,7.88,14,0.8800122141838074,661.6013488769531,372.05072021484375,17.628983,7.204909,True
199,7.92,0,0.8950272798538208,771.0078125,487.7637023925781,18.657383,10.89123,True
199,7.92,1,0.6832121014595032,986.6422119140624,386.087890625,21.79256,7.9826746,True
199,7.92,4,0.9134650230407716,423.89073181152344,374.6451721191406,14.434964,7.0545382,True
199,7.92,6,0.8851712942123413,843.827880859375,441.5669250488281,19.72249,9.592955,True
199,7.92,8,0.9299288988113404,269.90675354003906,359.5538635253906,12.312982,6.368188,True
199,7.92,9,0.7544896006584167,582.4876403808594,364.2508544921875,16.591063,6.8589363,True
199,7.92,11,0.8047298789024353,764.2453002929688,405.8496398925781,18.85792,8.413907,True
199,7.92,12,0.6527158617973328,610.7278137207031,363.9581604003906,16.971195,6.87772,True
199,7.92,13,0.8612745404243469,986.9249877929688,408.5843811035156,21.667969,8.699896,True
199,7.92,14,0.8737620711326599,651.9234313964844,368.8693237304688,17.509256,7.0873218,True
200,7.96,0,0.8736656308174133,764.699462890625,489.2176208496094,18.576202,10.927924,True
200,7.96,1,0.7322032451629639,977.525634765625,383.81097412109375,21.68949,7.900257,True
200,7.96,4,0.9177315831184388,423.3124542236328,371.4929504394531,14.428624,6.9456415,True
200,7.96,6,0.8689858317375183,841.8290710449219,444.7955627441406,19.684351,9.688663,True
200,7.96,8,0.9197086095809937,270.18900299072266,358.6807556152344,12.315929,6.337502,True
200,7.96,9,0.8153278827667236,581.7190551757812,372.4856567382813,16.563602,7.139859,True
200,7.96,11,0.8192939162254333,760.77783203125,408.2210693359375,18.80487,8.486446,True
200,7.96,13,0.8574073910713196,981.6616821289062,407.0184326171875,21.610722,8.646068,True
200,7.96,14,0.8753584027290344,639.9441833496094,369.55377197265625,17.347824,7.098572,True
201,8.0,0,0.8351758122444153,754.4183349609375,490.7178649902344,18.44689,10.962942,True
201,8.0,4,0.9079252481460572,421.5926055908203,370.4373168945313,14.405723,6.907494,True
201,8.0,6,0.8923248052597046,837.3460388183594,447.0903930664063,19.619446,9.75394,True
201,8.0,8,0.9111567139625548,271.1578140258789,358.6857604980469,12.329446,6.3387165,True
201,8.0,9,0.8519653677940369,579.1662292480469,380.7976379394531,16.512598,7.418214,True
201,8.0,11,0.7997466325759888,760.0611267089844,409.8901977539063,18.789688,8.538921,True
201,8.0,13,0.8738689422607422,975.3060302734374,400.8932189941406,21.564888,8.44692,True
201,8.0,14,0.8692619204521179,625.4415588378906,368.8583984375,17.15617,7.0603204,True
201,8.0,1,0.5434741377830505,971.3356018066406,378.3763122558594,21.641422,7.7169557,True
202,8.04,0,0.8631944060325623,745.1146545410156,492.2933654785156,18.329323,11.000777,True
202,8.04,1,0.6961864829063416,956.2436828613281,370.1897277832031,21.493801,7.43227,True
202,8.04,4,0.8936408162117004,417.2998809814453,373.0554504394531,14.346189,6.9932766,True
202,8.04,6,0.8726577758789062,827.8551025390625,450.8902893066406,19.486828,9.859955,True
202,8.04,8,0.891076385974884,274.53507232666016,360.40716552734375,12.378395,6.4033637,True
202,8.04,9,0.8233603239059448,568.8108520507812,394.87017822265625,16.348175,7.876169,True
202,8.04,11,0.7905000448226929,756.7418823242188,395.8938293457031,18.797598,8.086397,True
202,8.04,13,0.8509380221366882,964.00390625,388.0291137695313,21.493279,8.024434,True
202,8.04,14,0.8107919692993164,620.1462707519531,378.1610107421875,17.06275,7.3699245,True
203,8.08,0,0.8713651895523071,737.9839477539062,493.01800537109375,18.240778,11.016061,True
203,8.08,1,0.8425546288490295,951.8697204589844,369.8683776855469,21.439125,7.41734,True
203,8.08,4,0.890001654624939,415.8661499023438,373.7596130371094,14.326419,7.0160136,True
203,8.08,6,0.8620502948760986,828.4028015136719,451.6641845703125,19.490524,9.883493,True
203,8.08,8,0.887098491191864,276.0513458251953,360.5250244140625,12.399627,6.4091506,True
203,8.08,9,0.8218174576759338,567.3593139648438,400.6286315917969,16.318377,8.063593,True
203,8.08,11,0.795917272567749,750.8866577148438,392.4153442382813,18.73439,7.967755,True
203,8.08,13,0.8665847778320312,958.7571105957031,379.9871826171875,21.471104,7.7577887,True
203,8.08,14,0.8204366564750671,606.1516723632812,398.0016174316406,16.832224,8.014185,True
204,8.12,0,0.8579879999160767,735.8857727050781,493.5681762695313,18.213717,11.030104,True
204,8.12,1,0.8214497566223145,938.4079895019531,359.5609436035156,21.322063,7.0586367,True
204,8.12,4,0.8993179798126221,415.12982177734375,373.4989929199219,14.316518,7.006313,True
204,8.12,6,0.8548403382301331,827.9429626464844,453.1990356445313,19.478773,9.928854,True
204,8.12,8,0.8880791068077087,276.88279724121094,359.9833068847656,12.410627,6.390853,True
204,8.12,9,0.8145508766174316,561.7777404785156,407.8396301269531,16.232264,8.29265,True
204,8.12,11,0.7903384566307068,748.3778686523438,390.6917114257813,18.708036,7.909088,True
204,8.12,13,0.872340977191925,950.6427612304688,381.0015258789063,21.36147,7.7832937,True
204,8.12,14,0.7992740869522095,604.8594665527344,396.54583740234375,16.81852,7.965332,True
205,8.16,0,0.8736386299133301,733.3338012695312,492.9807434082031,18.18457,11.011576,True
205,8.16,1,0.8302003145217896,924.7950134277344,358.4126281738281,21.150805,7.0061707,True
205,8.16,4,0.896430253982544,414.57672119140625,373.9018249511719,14.3088455,7.019587,True
205,8.16,6,0.8469446301460266,824.8252868652344,454.6339416503906,19.43468,9.969019,True
205,8.16,8,0.8777461647987366,279.23802947998047,357.1018981933594,12.440438,6.2910776,True
205,8.16,9,0.7350038886070251,555.5216979980469,411.2427368164063,16.144714,8.396649,True
205,8.16,11,0.7949832677841187,746.6654052734375,383.8691711425781,18.71028,7.683161,True
205,8.16,13,0.8755802512168884,942.3168334960938,382.2463989257813,21.247948,7.816114,True
205,8.16,14,0.8311681747436523,605.2345275878906,390.7876281738281,16.836258,7.776261,True
206,8.2,0,0.8795426487922668,729.3814697265625,493.7976379394531,18.134274,11.031814,True
206,8.2,1,0.8029723763465881,913.8584899902344,350.3681640625,21.05117,6.720844,True
206,8.2,4,0.8948609232902527,413.6431884765625,374.3612365722656,14.295989,7.0344105,True
206,8.2,6,0.8559890389442444,822.84521484375,453.93170166015625,19.413012,9.946552,True
206,8.2,8,0.8854303359985352,285.41810607910156,356.5447082519531,12.526083,6.277886,True
206,8.2,9,0.7904084920883179,551.94970703125,419.55181884765625,16.084326,8.65919,True
206,8.2,11,0.814607560634613,741.7318725585938,394.42279052734375,18.608606,8.024586,True
206,8.2,12,0.6433477997779846,561.2608642578125,392.4705200195313,16.25301,7.789807,True
206,8.2,13,0.8629781007766724,930.1747436523438,380.606689453125,21.100945,7.750955,True
206,8.2,14,0.8406820297241211,602.0618286132812,388.4287109375,16.799692,7.695144,True
207,8.24,0,0.8563832640647888,720.2892456054688,490.5489501953125,18.033466,10.93283,True
207,8.24,1,0.7800878882408142,894.4585571289062,344.41656494140625,20.827057,6.495579,True
207,8.24,4,0.9093033671379088,410.4661865234375,375.157470703125,14.252556,7.058501,True
207,8.24,6,0.8557722568511963,814.6708984375,454.9816589355469,19.308115,9.971201,True
207,8.24,8,0.8955416679382324,294.7823028564453,360.17236328125,12.659772,6.4166017,True
207,8.24,9,0.704875648021698,552.8767395019531,426.5854187011719,16.084713,8.882535,True
207,8.24,11,0.7983765602111816,739.7666931152344,396.6366271972656,18.575434,8.094698,True
207,8.24,12,0.6718035340309143,548.1810302734375,397.6196899414063,16.071524,7.9470105,True
207,8.24,13,0.8506049513816833,917.3804931640625,377.02777099609375,20.955154,7.621081,True
207,8.24,14,0.8349055051803589,590.18994140625,392.7253112792969,16.63399,7.825849,True
208,8.28,0,0.8453940153121948,714.1279296875,490.2735290527344,17.95938,10.920406,True
208,8.28,1,0.7886648178100586,885.2823486328125,337.1746520996094,20.74332,6.2334514,True
208,8.28,4,0.9123746752738952,407.7361602783203,373.18841552734375,14.216107,6.9881134,True
208,8.28,6,0.8571918606758118,807.6528930664062,455.0148620605469,19.221388,9.966554,True
208,8.28,8,0.910553216934204,294.7235107421875,360.8620910644531,12.659552,6.4409213,True
208,8.28,9,0.7562910318374634,548.95849609375,444.4803161621094,16.005743,9.43535,True
208,8.28,11,0.7813225388526917,737.0294189453125,385.7441101074219,18.577894,7.735822,True
208,8.28,12,0.6957216262817383,546.8243713378906,405.4276428222656,16.040781,8.2006855,True
208,8.28,13,0.8509686589241028,911.7821044921875,377.55615234375,20.8802,7.633135,True
208,8.28,14,0.8407585620880127,589.0263366699219,390.6881103515625,16.622902,7.7574534,True
209,8.32,0,0.8220890164375305,710.7976684570312,491.5027465820313,17.915434,10.952929,True
209,8.32,1,0.8094903826713562,882.9341125488281,338.1504821777344,20.706963,6.2651644,True
209,8.32,4,0.8665826916694641,407.34181213378906,371.8894958496094,14.211152,6.942993,True
209,8.32,6,0.8619909286499023,809.3331298828125,455.5747985839844,19.240007,9.98454,True
209,8.32,8,0.9158117771148682,293.6785583496094,362.7515563964844,12.64669,6.5064797,True
209,8.32,9,0.7831071615219116,544.9710998535156,445.5271911621094,15.953333,9.464099,True
209,8.32,11,0.7814905047416687,733.7239379882812,390.9453430175781,18.516766,7.9035563,True
209,8.32,12,0.6967931389808655,543.6538696289062,408.6155395507813,15.99412,8.301028,True
209,8.32,13,0.849884569644928,908.4597778320312,378.6114501953125,20.831911,7.664719,True
209,8.32,14,0.8404307961463928,585.27587890625,390.783935546875,16.573236,7.757029,True
210,8.36,0,0.8260144591331482,705.5103454589844,492.7179260253906,17.847818,10.983561,True
210,8.36,1,0.8444314002990723,870.6483459472656,339.0932006835937,20.538557,6.28519,True
210,8.36,4,0.8631349205970764,406.93214416503906,370.6290283203125,14.205966,6.899095,True
210,8.36,6,0.8610008358955383,805.8970947265625,456.0632019042969,19.195778,9.996289,True
210,8.36,8,0.9176973104476928,293.6721954345703,362.7925415039063,12.646637,6.507917,True
210,8.36,9,0.7701096534729004,542.8968811035156,443.05377197265625,15.930662,9.386388,True
210,8.36,11,0.7951130270957947,730.2607727050781,391.17486572265625,18.470955,7.9077992,True
210,8.36,12,0.6743382811546326,541.5425109863281,413.0340881347656,15.959544,8.441473,True
210,8.36,13,0.8638653755187988,901.2828979492188,373.556884765625,20.765095,7.490747,True
210,8.36,14,0.8445882797241211,586.2817077636719,392.3807373046875,16.58323,7.810753,True
211,8.4,0,0.8673619627952576,697.5962829589844,492.5877685546875,17.752005,10.974002,True
211,8.4,1,0.810058057308197,867.6722717285156,342.0560302734375,20.483982,6.385549,True
211,8.4,4,0.8761870861053467,408.44744873046875,370.2429504394531,14.226744,6.8873153,True
211,8.4,6,0.8785501718521118,805.9385681152344,456.447998046875,19.194845,10.007744,True
211,8.4,8,0.917981743812561,293.34545135498047,363.1148376464844,12.642388,6.518924,True
211,8.4,9,0.8170068264007568,542.3742065429688,449.5390319824219,15.914229,9.584562,True
211,8.4,11,0.8510164022445679,729.52978515625,394.1551208496094,18.451315,8.004442,True
211,8.4,12,0.7328799962997437,535.773681640625,402.11907958984375,15.90101,8.082656,True
211,8.4,13,0.8704163432121277,898.0731811523438,373.0418395996094,20.726147,7.470536,True
211,8.4,14,0.8596851229667664,581.9429931640625,392.9473876953125,16.524916,7.8253093,True
212,8.44,0,0.8937984704971313,686.3191223144531,491.7661437988281,17.616982,10.942255,True
212,8.44,1,0.8170428276062012,852.5293579101562,337.14080810546875,20.306656,6.1975045,True
212,8.44,4,0.8830767869949341,409.2427520751953,371.7438659667969,14.237082,6.9399166,True
212,8.44,6,0.9240611791610718,798.7525634765625,456.21234130859375,19.107058,9.994993,True
212,8.44,8,0.9167793393135072,292.6765441894531,363.7367248535156,12.633662,6.5401077,True
212,8.44,9,0.8207687735557556,534.1810607910156,454.8264770507813,15.8026085,9.738403,True
212,8.44,11,0.8339635729789734,729.5941162109375,398.55609130859375,18.43726,8.147465,True
212,8.44,12,0.8118807077407837,521.0135345458984,413.9515686035156,15.690388,8.45223,True
212,8.44,13,0.8720586895942688,888.4449768066406,361.3110656738281,20.660465,7.0678954,True
212,8.44,14,0.8516412377357483,579.2037963867188,399.3865966796875,16.47613,8.034135,True
213,8.48,0,0.9086913466453552,682.5217590332031,492.5831909179688,17.568634,10.962698,True
213,8.48,1,0.8127526044845581,844.8410034179688,332.2544860839844,20.227657,6.0168214,True
213,8.48,4,0.8903581500053406,410.0435485839844,370.982666015625,14.248245,6.9144874,True
213,8.48,6,0.9280483722686768,795.0910949707031,456.4157104492188,19.06111,9.998097,True
213,8.48,8,0.9185572862625122,296.3148956298828,360.4807739257813,12.681327,6.429136,True
213,8.48,9,0.8345786333084106,534.6038818359375,456.4462585449219,15.805668,9.787734,True
213,8.48,11,0.8451681137084961,729.4226684570312,400.520751953125,18.42843,8.210833,True
213,8.48,12,0.8227885961532593,521.0040283203125,430.3112182617188,15.668009,8.971618,True
213,8.48,13,0.8783183693885803,879.5641479492188,360.3918151855469,20.54886,7.027891,True
213,8.48,14,0.8572204113006592,576.8276977539062,402.1056518554688,16.439695,8.1206045,True
214,8.52,0,0.910997986793518,680.2444458007812,492.4483337402344,17.541254,10.95717,True
214,8.52,1,0.8059733510017395,840.1878356933594,328.4213256835937,20.183788,5.8755407,True
214,8.52,4,0.8897855281829834,410.92433166503906,371.8958435058594,14.259921,6.946871,True
214,8.52,6,0.92874675989151,792.3360595703125,456.6781921386719,19.026136,10.003684,True
214,8.52,8,0.9173080921173096,297.6941223144531,358.3916320800781,12.69874,6.3566427,True
214,8.52,9,0.85125333070755,537.022705078125,459.357421875,15.832088,9.8774605,True
214,8.52,11,0.8588306903839111,723.7210083007812,401.5200500488281,18.351461,8.2378235,True
214,8.52,12,0.8480442762374878,512.3675537109375,420.0618286132813,15.569597,8.63989,True
214,8.52,13,0.8681073188781738,871.7825927734375,360.156982421875,20.448046,7.0121264,True
214,8.52,14,0.8498942255973816,577.8192749023438,406.8893127441406,16.443428,8.276721,True
215,8.56,0,0.9163797497749328,678.9091796875,492.9967651367188,17.5236,10.971787,True
215,8.56,1,0.8016932010650635,830.5555419921875,317.928466796875,20.104452,5.4876714,True
215,8.56,4,0.8813009858131409,410.5937957763672,372.634033203125,14.255165,6.971952,True
215,8.56,6,0.9297610521316528,789.94140625,457.4483947753906,18.993784,10.024624,True
215,8.56,8,0.8772652745246887,299.4584045410156,356.19012451171875,12.7214775,6.280344,True
215,8.56,9,0.8735312819480896,537.0623168945312,459.1859436035156,15.832834,9.8723345,True
215,8.56,11,0.8607219457626343,722.0624694824219,402.532958984375,18.326712,8.268947,True
215,8.56,12,0.8538904786109924,500.7276611328125,426.3317565917969,15.410771,8.828447,True
215,8.56,13,0.870394766330719,861.979736328125,361.1274719238281,20.314754,7.035199,True
215,8.56,14,0.8515638113021851,580.6915283203125,413.5299377441406,16.467985,8.492982,True
216,8.6,0,0.9105427265167236,674.2765197753906,496.3963928222656,17.4587,11.064874,True
216,8.6,1,0.7519837021827698,822.1085205078125,312.1756286621094,20.01716,5.2686048,True
216,8.6,4,0.8873269557952881,410.31138610839844,372.41162109375,14.2514,6.9640083,True
216,8.6,6,0.9278068542480468,787.2841491699219,457.4166870117188,18.961094,10.021559,True
216,8.6,8,0.8885778188705444,301.61521911621094,352.3614501953125,12.748462,6.146084,True
216,8.6,9,0.8671548366546631,537.6146240234375,459.517333984375,15.83933,9.882752,True
216,8.6,11,0.8502028584480286,719.8366088867188,404.3793029785156,18.291962,8.326303,True
216,8.6,12,0.8672460913658142,493.9295196533203,429.0064086914063,15.319672,8.906816,True
216,8.6,13,0.8559679985046387,854.5923461914062,354.1191101074219,20.251404,6.788905,True
216,8.6,14,0.8389102220535278,572.738037109375,413.6533508300781,16.36446,8.489716,True
217,8.64,0,0.9131602644920348,665.2581787109375,497.3146057128906,17.346851,11.084247,True
217,8.64,1,0.8405745625495911,802.46826171875,313.9637451171875,19.740541,5.3117833,True
217,8.64,4,0.8840040564537048,409.2877655029297,368.9205627441406,14.238643,6.842454,True
217,8.64,6,0.8988699913024902,779.669189453125,458.2230529785156,18.864199,10.039387,True
217,8.64,8,0.889815628528595,304.3470001220703,349.8941955566406,12.784708,6.0606236,True
217,8.64,9,0.8652329444885254,544.7512054443359,486.53515625,15.889623,10.685506,True
217,8.64,11,0.8350241780281067,717.666259765625,405.9680786132813,18.258842,8.375313,True
217,8.64,12,0.864640474319458,486.60768127441406,449.1238098144531,15.204425,9.525205,True
217,8.64,13,0.9038894176483154,845.2436828613281,347.1838073730469,20.160965,6.540335,True
217,8.64,14,0.775182843208313,555.3328247070312,431.6272583007813,16.108007,9.042799,True
218,8.68,0,0.9024969339370728,658.4688720703125,495.6134643554688,17.26833,11.031028,True
218,8.68,1,0.7880251407623291,795.7061767578125,324.34259033203125,19.601646,5.680715,True
218,8.68,4,0.875304639339447,407.43064880371094,368.0546569824219,14.213577,6.8105497,True
218,8.68,6,0.90350741147995,776.8047485351562,458.5885620117188,18.827545,10.047935,True
218,8.68,8,0.8855697512626648,304.0549774169922,349.9159545898437,12.78064,6.0610867,True
218,8.68,9,0.816252589225769,545.7690734863281,493.8523254394531,15.891649,10.897027,True
218,8.68,11,0.8235343098640442,716.5266418457031,405.3583984375,18.246124,8.354716,True
218,8.68,12,0.8296669125556946,483.8630676269531,444.4793701171875,15.17391,9.380205,True
218,8.68,13,0.8763919472694397,841.1137390136719,344.1602478027344,20.120495,6.431026,True
218,8.68,14,0.7908114194869995,548.7313537597656,435.21923828125,16.017452,9.149043,True
219,8.72,0,0.881084680557251,652.9090270996094,496.4426879882813,17.198698,11.050457,True
219,8.72,1,0.7900827527046204,790.7601318359375,311.4309387207031,19.591818,5.205691,True
219,8.72,4,0.8775021433830261,407.2793579101563,366.8308715820313,14.211899,6.7679367,True
219,8.72,6,0.9005829691886902,772.7983093261719,460.25,18.772316,10.093938,True
219,8.72,8,0.873367190361023,304.81507873535156,349.4217834472656,12.790894,6.044166,True
219,8.72,9,0.8517872095108032,547.8108673095703,499.3961486816406,15.90876,11.056805,True
219,8.72,11,0.8330658078193665,713.2775268554688,406.1439208984375,18.201738,8.376948,True
219,8.72,12,0.8443108201026917,482.2161560058594,449.5217590332031,15.147939,9.533702,True
219,8.72,13,0.8769401907920837,836.8099060058594,342.3818664550781,20.071611,6.3645086,True
219,8.72,14,0.8191368579864502,549.0691528320312,445.1619262695313,16.006084,9.456353,True
220,8.76,0,0.8934364318847656,649.3817138671875,496.3409729003906,17.155981,11.044971,True
220,8.76,1,0.7902994155883789,783.9277648925781,316.4291381835937,19.476194,5.3808823,True
220,8.76,4,0.8721485137939453,405.6180114746094,364.8235473632813,14.189793,6.6963997,True
220,8.76,6,0.8804686665534973,768.9707336425781,463.2589111328125,18.714804,10.179733,True
220,8.76,8,0.8645747900009155,303.9811553955078,348.9897155761719,12.778884,6.027726,True
220,8.76,9,0.8201789855957031,554.2680358886719,507.4523315429688,15.975952,11.289322,True
220,8.76,11,0.839322566986084,714.4703063964844,406.38525390625,18.216335,8.385772,True
220,8.76,12,0.8357139825820923,479.82847595214844,452.52581787109375,15.11462,9.623468,True
220,8.76,13,0.8430041074752808,829.7453308105469,341.260009765625,19.982641,6.317854,True
220,8.76,14,0.7979431748390198,550.0612487792969,446.4774169921875,16.016644,9.497483,True
221,8.8,0,0.8954169750213623,648.3652648925781,496.7139587402344,17.14275,11.054803,True
221,8.8,1,0.8076042532920837,777.1450805664062,300.1548767089844,19.454462,4.771927,True
221,8.8,4,0.8803314566612244,407.1828918457031,366.1637573242188,14.210792,6.74466,True
221,8.8,6,0.8768486976623535,764.9737548828125,465.6619567871094,18.657463,10.24728,True
221,8.8,8,0.8770635724067688,303.35572814941406,345.3823547363281,12.767281,5.8969693,True
221,8.8,9,0.8000199198722839,556.2840270996094,507.5622253417969,16.000368,11.29387,True
221,8.8,11,0.8176752328872681,713.828125,406.7159729003906,18.207008,8.395783,True
221,8.8,12,0.845801591873169,477.802734375,450.0841979980469,15.091029,9.547212,True
221,8.8,13,0.8494082689285278,822.1241149902344,338.9468994140625,19.891499,6.2286787,True
221,8.8,14,0.8131219744682312,549.9115295410156,457.0404357910156,15.998251,9.818214,True
222,8.84,0,0.8513270616531372,639.3349304199219,497.0333251953125,17.032036,11.057209,True
222,8.84,1,0.6990174055099487,761.3433837890625,270.79254150390625,19.36324,3.6275764,True
222,8.84,4,0.8699857592582703,409.0690612792969,363.7825927734375,14.237383,6.663706,True
222,8.84,6,0.8444774746894836,757.8013000488281,468.685302734375,18.559227,10.330307,True
222,8.84,8,0.8160390257835388,310.64031982421875,343.5540466308594,12.86823,5.8388276,True
222,8.84,11,0.8220704793930054,710.2247619628906,400.56060791015625,18.180103,8.194386,True
222,8.84,12,0.8607526421546936,477.4083251953125,466.41015625,15.071204,10.040654,True
222,8.84,13,0.8312168717384338,792.6582336425781,335.1177978515625,19.513144,6.062126,True
222,8.84,14,0.7867741584777832,537.1631011962891,419.0835266113281,15.893224,8.631012,True
222,8.84,9,0.5170182585716248,551.4968872070312,506.733154296875,15.943207,11.267082,True
223,8.88,0,0.8608319163322449,638.3584289550781,497.8966674804688,17.018242,11.080964,True
223,8.88,1,0.7908556461334229,754.3795166015625,276.10760498046875,19.241287,3.826589,True
223,8.88,4,0.8988455533981323,406.0523986816406,367.31939697265625,14.19498,6.783627,True
223,8.88,6,0.8016027808189392,751.9718933105469,470.7307739257813,18.480968,10.385555,True
223,8.88,8,0.8824295997619629,301.2879638671875,343.4162292480469,12.73664,5.8234797,True
223,8.88,9,0.8814036846160889,569.1462097167969,506.2384033203125,16.159195,11.265957,True
223,8.88,11,0.8286593556404114,712.1026000976562,407.6761474609375,18.181738,8.424953,True
223,8.88,12,0.8827953934669495,476.5857849121094,471.8194580078125,15.056029,10.201122,True
223,8.88,13,0.7509497404098511,780.4141845703125,339.78253173828125,19.328623,6.213736,True
223,8.88,14,0.8237581849098206,541.6900024414062,427.7003173828125,15.938645,8.907763,True
224,8.92,0,0.8128789663314819,640.8837890625,494.6669006347656,17.056162,10.991126,True
224,8.92,1,0.8129969239234924,746.1526489257812,278.9223937988281,19.113028,3.925741,True
224,8.92,4,0.9071696996688844,400.49888610839844,367.403076171875,14.11905,6.7807927,True
224,8.92,6,0.809064507484436,750.3034973144531,473.2770385742188,18.452309,10.458472,True
224,8.92,8,0.8750921487808228,300.5518493652344,343.6379089355469,12.726467,5.8307047,True
224,8.92,9,0.8584694266319275,576.7453002929688,516.1141357421875,16.235413,11.547345,True
224,8.92,11,0.8157711029052734,713.0776977539062,407.88568115234375,18.193624,8.432542,True
224,8.92,12,0.8927105069160461,476.90753173828125,474.7281494140625,15.057511,10.2875185,True
224,8.92,13,0.8527244925498962,784.4909057617188,337.7083435058594,19.39215,6.1449695,True
224,8.92,14,0.8288123607635498,538.5445556640625,428.0241394042969,15.8975725,8.915178,True
225,8.96,0,0.7460755109786987,634.4673767089844,495.7024536132813,16.975595,11.015827,True
225,8.96,1,0.8007376194000244,742.1018981933594,273.86785888671875,19.077057,3.7238395,True
225,8.96,4,0.9050318598747252,399.97413635253906,367.3740539550781,14.111882,6.7792425,True
225,8.96,6,0.7962265610694885,746.5718994140625,472.6837158203125,18.40845,10.438315,True
225,8.96,8,0.8668920397758484,301.090087890625,342.2975158691406,12.732941,5.7826447,True
225,8.96,9,0.840863049030304,579.7407531738281,532.5210571289062,16.244553,11.999688,True
225,8.96,11,0.8060667514801025,710.769287109375,407.8177795410156,18.164127,8.428273,True
225,8.96,12,0.9038386940956116,477.2755126953125,475.4403991699219,15.061503,10.308848,True
225,8.96,13,0.8641052842140198,782.2760009765625,337.5189819335937,19.363163,6.1359153,True
225,8.96,14,0.8159124255180359,537.1112060546875,425.0181274414063,15.88359,8.81919,True
226,9.0,0,0.8051267266273499,633.9403381347656,495.0500793457031,16.970577,10.996885,True
226,9.0,1,0.7583372592926025,733.4110107421875,277.02130126953125,18.94082,3.83603,True
226,9.0,4,0.8904194831848145,407.0389099121094,365.3717041015625,14.209072,6.716962,True
226,9.0,6,0.8148238062858582,743.8920593261719,473.0148010253906,18.37453,10.445884,True
226,9.0,8,0.8742847442626953,301.35023498535156,341.1846618652344,12.735693,5.742461,True
226,9.0,9,0.8405076265335083,585.9626159667969,533.8341064453125,16.316765,12.039506,True
226,9.0,11,0.8309630155563354,706.4547729492188,411.0462951660156,18.09854,8.527426,True
226,9.0,12,0.893054187297821,477.0188293457031,475.3452758789063,15.058365,10.305837,True
226,9.0,13,0.8524914383888245,775.7078247070312,334.5608215332031,19.287106,6.024133,True
226,9.0,14,0.7865768074989319,534.5581970214844,419.5674133300781,15.858672,8.644081,True
227,9.04,0,0.7935327291488647,630.0932006835938,493.48675537109375,16.926947,10.9495,True
227,9.04,1,0.8165285587310791,717.1114196777344,280.481689453125,18.696358,3.9502444,True
227,9.04,4,0.8951855897903442,411.36741638183594,366.3200988769531,14.267947,6.754426,True
227,9.04,6,0.8193938732147217,735.47705078125,473.1400451660156,18.27089,10.443021,True
227,9.04,8,0.8721831440925598,300.3937683105469,340.84039306640625,12.72193,5.728861,True
227,9.04,9,0.6315866708755493,606.6342163085938,546.9298706054688,16.53959,12.404657,True
227,9.04,11,0.8364472389221191,705.5491638183594,412.3472290039063,18.082882,8.568009,True
227,9.04,12,0.8885499238967896,480.3798522949219,475.5338439941406,15.100376,10.314053,True
227,9.04,13,0.8492892384529114,766.2001037597656,326.4631042480469,19.192017,5.724495,True
227,9.04,14,0.845344066619873,529.4751281738281,409.0636901855469,15.8079405,8.302449,True
228,9.08,0,0.8103383779525757,628.1188354492188,496.7319641113281,16.895937,11.040386,True
228,9.08,1,0.8191643357276917,712.1584167480469,277.80914306640625,18.63658,3.840222,True
228,9.08,4,0.8820291757583618,416.2456970214844,369.4399719238281,14.33333,6.8675704,True
228,9.08,6,0.8059871792793274,733.3663024902344,473.9358215332031,18.24254,10.464558,True
228,9.08,8,0.8735170364379883,299.2813415527344,341.22174072265625,12.706569,5.741507,True
228,9.08,9,0.7590766549110413,601.7461242675781,547.8875122070312,16.480087,12.4269085,True
228,9.08,11,0.8253827095031738,705.9379577636719,410.83978271484375,18.092539,8.520381,True
228,9.08,12,0.8651707172393799,481.97247314453125,476.4043884277344,15.119554,10.340982,True
228,9.08,13,0.8518896698951721,762.17041015625,317.5546875,19.173933,5.397438,True
228,9.08,14,0.8498398661613464,528.4478302001953,400.2083435058594,15.807477,8.013285,True
229,9.12,0,0.8385374546051025,628.1335754394531,498.6106262207031,16.89215,11.093676,True
229,9.12,1,0.8234898447990417,708.6328125,273.2204895019531,18.604168,3.6563663,True
229,9.12,4,0.8946542143821716,416.9382019042969,369.42767333984375,14.342773,6.8678565,True
229,9.12,6,0.8233127593994141,729.9185180664062,473.3552551269531,18.20199,10.444989,True
229,9.12,8,0.8655634522438049,299.1747283935547,340.1784362792969,12.704187,5.703378,True
229,9.12,9,0.8834232091903687,608.55224609375,546.0992431640625,16.563784,12.383821,True
229,9.12,11,0.8218311667442322,706.8172607421875,412.114501953125,18.099882,8.561749,True
229,9.12,12,0.8880329728126526,484.65040588378906,487.02056884765625,15.143156,10.653666,True
229,9.12,13,0.8450160622596741,753.6590576171875,313.97027587890625,19.072014,5.25671,True
229,9.12,14,0.8479145765304565,527.38037109375,391.26318359375,15.806608,7.7172966,True
230,9.16,0,0.8324808478355408,623.2714538574219,512.7074584960938,16.804024,11.485703,True
230,9.16,1,0.8405462503433228,702.947998046875,284.6432800292969,18.480383,4.093711,True
230,9.16,4,0.8642792701721191,415.2668762207031,369.0986633300781,14.320126,6.854764,True
230,9.16,6,0.8332946300506592,725.6843566894531,471.1359252929688,18.15666,10.376946,True
230,9.16,8,0.8628169298171997,297.99542236328125,339.18280029296875,12.686698,5.665727,True
230,9.16,9,0.8949531316757202,616.263671875,545.1950073242188,16.656668,12.364807,True
230,9.16,11,0.8122864365577698,706.8628845214844,411.8283996582031,18.101355,8.5526905,True
230,9.16,12,0.9028064012527466,488.0594024658203,497.3291931152344,15.175731,10.953468,True
230,9.16,13,0.831026554107666,744.8946533203125,321.8354187011719,18.920443,5.5337625,True
230,9.16,14,0.8653544783592224,518.57373046875,385.9757080078125,15.697188,7.5325036,True
231,9.2,0,0.8108648061752319,611.2388305664062,509.5255126953125,16.664808,11.388451,True
231,9.2,1,0.7800059914588928,692.5263671875,275.3231201171875,18.36698,3.718533,True
231,9.2,4,0.8298916816711426,415.0912170410156,368.6156921386719,14.317922,6.837873,True
231,9.2,6,0.828774094581604,724.1250610351562,470.8550109863281,18.138319,10.367519,True
231,9.2,8,0.8700630068778992,298.23130798339844,338.8650817871094,12.689757,5.654385,True
231,9.2,9,0.9034838080406188,622.701904296875,542.1133422851562,16.738775,12.286832,True
231,9.2,11,0.8283945918083191,707.59130859375,410.7793273925781,18.113972,8.519946,True
231,9.2,12,0.9144752621650696,492.49981689453125,504.1319580078125,15.223897,11.150559,True
231,9.2,13,0.8320508599281311,737.3956298828125,320.0948486328125,18.824686,5.462141,True
231,9.2,14,0.875930905342102,509.54685974121094,388.1258544921875,15.57401,7.5955973,True
232,9.24,0,0.823663055896759,609.1831665039062,507.4889526367188,16.643827,11.329996,True
232,9.24,1,0.8408951163291931,680.1262817382812,251.0755920410156,18.277262,2.7334096,True
232,9.24,4,0.8773195147514343,412.36705017089844,366.5655212402344,14.281518,6.763985,True
232,9.24,6,0.8556835651397705,717.48681640625,470.98724365234375,18.056213,10.366216,True
232,9.24,8,0.8971863389015198,298.876220703125,337.0533447265625,12.697324,5.5888186,True
232,9.24,9,0.9269092082977296,635.3260192871094,542.0755615234375,16.888287,12.294162,True
232,9.24,11,0.796502411365509,707.3155822753906,402.66412353515625,18.135822,8.259611,True
232,9.24,12,0.8443918228149414,508.4105224609375,518.9994506835938,15.402983,11.579121,True
232,9.24,13,0.8187059164047241,730.1583251953125,305.9378356933594,18.779928,4.932903,True
232,9.24,14,0.908305287361145,504.49493408203125,373.7274169921875,15.525175,7.1045647,True
233,9.28,0,0.797428548336029,607.7653198242188,507.0880126953125,16.627392,11.317738,True
233,9.28,1,0.8295679688453674,675.3455505371094,253.4431915283203,18.199257,2.823409,True
233,9.28,4,0.8789868354797363,411.72271728515625,366.1695861816406,14.272858,6.7495646,True
233,9.28,6,0.847071647644043,714.2388916015625,471.1175537109375,18.015839,10.3674965,True
233,9.28,8,0.9158135652542114,300.19993591308594,336.7431640625,12.715781,5.5789413,True
233,9.28,9,0.9149712324142456,640.5778503417969,546.1113891601562,16.942015,12.405102,True
233,9.28,11,0.8026877045631409,703.0620727539062,407.70361328125,18.06523,8.417615,True
233,9.28,12,0.8408930897712708,531.1613159179688,520.086669921875,15.677732,11.625296,True
233,9.28,13,0.8068590760231018,724.636474609375,309.1706237792969,18.691107,5.046547,True
233,9.28,14,0.8845910429954529,504.2059326171875,375.1995849609375,15.519382,7.154458,True
234,9.32,0,0.7858890295028687,612.5447387695312,511.33056640625,16.67711,11.439748,True
234,9.32,1,0.8145996332168579,675.20654296875,253.06558227539065,18.198593,2.8078756,True
234,9.32,4,0.880231499671936,413.19114685058594,365.4789123535156,14.293189,6.727075,True
234,9.32,6,0.8531199097633362,710.540771484375,472.6260070800781,17.96594,10.408701,True
234,9.32,8,0.908762753009796,297.4501495361328,336.1983947753906,12.676416,5.555864,True
234,9.32,9,0.9009745121002196,645.0967407226562,546.1843872070312,16.995148,12.409992,True
234,9.32,11,0.7640800476074219,701.7214965820312,403.91650390625,18.05963,8.294815,True
234,9.32,12,0.8793699145317078,536.3356018066406,518.397705078125,15.742625,11.582146,True
234,9.32,13,0.8018150329589844,715.0286865234375,303.5906677246094,18.57899,4.8277044,True
234,9.32,14,0.8934614658355713,501.5584411621094,374.6974792480469,15.484401,7.1346936,True
235,9.36,0,0.8260993957519531,608.9270324707031,512.7019653320312,16.63071,11.475357,True
235,9.36,1,0.8284808397293091,673.9852905273438,248.2848358154297,18.198011,2.6110904,True
235,9.36,4,0.8845256567001343,415.0309753417969,365.86370849609375,14.318191,6.742361,True
235,9.36,6,0.8537421226501465,706.4125366210938,470.7651977539063,17.920425,10.351083,True
235,9.36,8,0.902837574481964,293.74041748046875,336.1446533203125,12.623859,5.5497065,True
235,9.36,9,0.8848881721496582,650.5458374023438,545.9924926757812,17.059786,12.408457,True
235,9.36,11,0.8333778381347656,706.8482971191406,400.79541015625,18.135664,8.198854,True
235,9.36,12,0.7993995547294617,550.4163360595703,519.2073364257812,15.912076,11.6145,True
235,9.36,13,0.8077662587165833,714.7719421386719,298.9761047363281,18.59271,4.654214,True
235,9.36,14,0.9151075482368468,494.4460754394531,371.3283081054688,15.392666,7.0123615,True
236,9.4,0,0.8163115978240967,607.8599853515625,511.3980407714844,16.620295,11.438287,True
236,9.4,1,0.830480694770813,668.8339233398438,252.51744079589844,18.107971,2.777085,True
236,9.4,4,0.8900917172431946,413.775634765625,366.3268432617188,14.300855,6.757153,True
236,9.4,6,0.8429417610168457,701.4506225585938,471.0782165527344,17.858366,10.356376,True
236,9.4,8,0.8995246291160583,291.7372283935547,336.721435546875,12.596033,5.568611,True
236,9.4,9,0.8325072526931763,662.885498046875,545.5350341796875,17.206156,12.404373,True
236,9.4,11,0.8138715028762817,706.5772705078125,389.2398986816406,18.168856,7.8218923,True
236,9.4,12,0.8831297159194946,565.3648986816406,520.3226928710938,16.091139,11.65583,True
236,9.4,13,0.8158652186393738,705.0238647460938,300.8934631347656,18.449707,4.71484,True
236,9.4,14,0.9092050194740297,491.03855895996094,370.6233215332031,15.347467,6.9847245,True
237,9.44,0,0.8231508135795593,598.4539794921875,496.6580810546875,16.533686,11.016363,True
237,9.44,1,0.8459436893463135,663.7096252441406,247.10548400878903,18.052263,2.5488265,True
237,9.44,4,0.8815992474555969,408.2427978515625,366.0962219238281,14.2253065,6.74341,True
237,9.44,6,0.8552562594413757,695.9776000976562,471.3127136230469,17.790218,10.358971,True
237,9.44,8,0.9015854597091676,285.8047180175781,336.28924560546875,12.511608,5.546058,True
237,9.44,9,0.8560560345649719,678.5661315917969,545.3687133789062,17.391071,12.410196,True
237,9.44,11,0.7822666168212891,696.6684875488281,385.7791748046875,18.050268,7.698325,True
237,9.44,12,0.8335565328598022,536.9413452148438,523.5130004882812,15.743246,11.723948,True
237,9.44,13,0.8643546104431152,689.2351684570312,293.5131530761719,18.255245,4.416891,True
237,9.44,14,0.8691559433937073,486.4745788574219,367.9206237792969,15.288806,6.887116,True
238,9.48,0,0.8222243189811707,597.6810607910156,495.5021667480469,16.526384,10.982875,True
238,9.48,1,0.8355491161346436,660.9259948730469,245.4217834472656,18.017426,2.475759,True
238,9.48,4,0.8663536906242371,403.86138916015625,366.19720458984375,14.165353,6.742381,True
238,9.48,6,0.8206809163093567,689.4791564941406,470.9537658691406,17.711012,10.343385,True
238,9.48,8,0.91126549243927,281.17357635498047,336.776611328125,12.44649,5.558724,True
238,9.48,9,0.8521757125854492,681.4454650878906,545.2478637695312,17.425219,12.40887,True
238,9.48,11,0.758172333240509,691.7387390136719,382.4676513671875,17.995916,7.58379,True
238,9.48,12,0.8767039775848389,537.5892028808594,527.572509765625,15.74575,11.8359,True
238,9.48,13,0.8568861484527588,680.992431640625,292.096435546875,18.144312,4.352951,True
238,9.48,14,0.8601893782615662,477.66383361816406,368.461181640625,15.168822,6.8967323,True
239,9.52,0,0.6036734580993652,595.8818664550781,502.29150390625,16.491846,11.174155,True
239,9.52,1,0.8116939067840576,659.7512512207031,243.34487915039065,18.007416,2.388403,True
239,9.52,4,0.8698858618736267,400.91441345214844,366.7716979980469,14.124889,6.759296,True
239,9.52,6,0.7791324257850647,685.2864074707031,483.6852722167969,17.625513,10.710026,True
239,9.52,8,0.9195201992988586,278.31832122802734,340.0115661621094,12.409509,5.6739693,True
239,9.52,9,0.8767779469490051,687.8270568847656,545.4172973632812,17.499823,12.417524,True
239,9.52,11,0.8484287261962891,683.9089965820312,385.954345703125,17.882545,7.6918707,True
239,9.52,12,0.8522868752479553,550.1537170410156,531.595458984375,15.891399,11.954382,True
239,9.52,13,0.8210825324058533,680.0823364257812,289.30633544921875,18.141079,4.2450943,True
239,9.52,14,0.8799577355384827,474.82598876953125,366.53704833984375,15.132288,6.827408,True
240,9.56,0,0.806946337223053,586.0111999511719,495.4704284667969,16.383482,10.973304,True
240,9.56,1,0.7834123373031616,659.15380859375,246.0352783203125,17.989384,2.4986298,True
240,9.56,4,0.8711724877357483,396.3391876220703,367.7311706542969,14.062101,6.787882,True
240,9.56,6,0.7742097973823547,662.8494567871094,473.721923828125,17.37501,10.403655,True
240,9.56,8,0.922532856464386,275.3532180786133,341.4052124023437,12.369122,5.721514,True
240,9.56,9,0.9071938395500184,696.54296875,543.5746459960938,17.606821,12.374327,True
240,9.56,11,0.8393204808235168,681.3722229003906,384.76708984375,17.852825,7.65011,True
240,9.56,12,0.914082169532776,558.6598358154297,536.3271484375,15.986534,12.08853,True
240,9.56,13,0.7565904855728149,676.5772399902344,299.27020263671875,18.058035,4.6200356,True
240,9.56,14,0.7887818217277527,469.24078369140625,366.6080932617188,15.056362,6.8241215,True
241,9.6,0,0.8285945057868958,577.36474609375,499.5172729492188,16.27061,11.082041,True
241,9.6,1,0.7781208157539368,656.4034423828125,245.68345642089844,17.950352,2.4804025,True
241,9.6,4,0.8810354471206665,393.0574035644531,367.7548828125,14.017216,6.7853136,True
241,9.6,6,0.7915834784507751,660.62158203125,470.7250671386719,17.35486,10.3140955,True
241,9.6,8,0.9172558188438416,271.2569808959961,342.9256286621094,12.312988,5.7723255,True
241,9.6,9,0.927869975566864,703.4303283691406,540.92578125,17.69456,12.30839,True
241,9.6,11,0.8729656338691711,678.8539123535156,387.3694458007813,17.812077,7.7338047,True
241,9.6,12,0.9238107204437256,566.8112487792969,538.8319091796875,16.080153,12.161603,True
241,9.6,13,0.7099505662918091,669.2974548339844,297.0585021972656,17.963335,4.527683,True
241,9.6,14,0.8556756973266602,465.2675323486328,364.8004760742188,15.004023,6.7574234,True
242,9.64,0,0.8565098643302917,571.0941467285156,501.96868896484375,16.189875,11.146903,True
242,9.64,1,0.8125391602516174,653.6329040527344,239.4261932373047,17.931038,2.2173533,True
242,9.64,4,0.8898493647575378,389.2242126464844,367.8816223144531,13.964758,6.785752,True
242,9.64,6,0.8050670623779297,661.5208740234375,479.371337890625,17.344738,10.56719,True
242,9.64,8,0.918563961982727,263.72900390625,343.31622314453125,12.207164,5.778164,True
242,9.64,9,0.9151572585105896,714.7487487792969,524.7677001953125,17.871092,11.881056,True
242,9.64,11,0.8255944848060608,671.6076965332031,412.2972412109375,17.646568,8.535854,True
242,9.64,12,0.7577857375144958,601.3216247558594,540.6256713867188,16.487965,12.232834,True
242,9.64,13,0.8631579875946045,662.6671142578125,286.188720703125,17.905428,4.1038847,True
242,9.64,14,0.8606491684913635,454.8870849609375,366.9727478027344,14.8609295,6.8219686,True
243,9.68,0,0.833030104637146,568.9442443847656,500.6696166992188,16.165697,11.108532,True
243,9.68,1,0.7703456878662109,648.74951171875,236.54183959960935,17.868864,2.0901418,True
243,9.68,4,0.8801434636116028,394.13658142089844,367.26611328125,14.032064,6.769458,True
243,9.68,6,0.7967275381088257,658.2760009765625,482.9308471679688,17.296219,10.667755,True
243,9.68,8,0.9192448854446412,261.1078186035156,343.5119323730469,12.170387,5.782369,True
243,9.68,9,0.9062709808349608,721.8894653320312,524.6011962890625,17.95637,11.881412,True
243,9.68,11,0.7852000594139099,663.4042358398438,416.140380859375,17.530502,8.650663,True
243,9.68,12,0.8460779190063477,608.9367980957031,540.1192016601562,16.579319,12.224314,True
243,9.68,13,0.8640085458755493,661.3132019042969,286.3143005371094,17.885845,4.1070685,True
243,9.68,14,0.8476266264915466,454.20635986328125,366.2161865234375,14.852275,6.795077,True
244,9.72,0,0.8357422351837158,568.7725524902344,498.6696166992188,16.166832,11.051628,True
244,9.72,1,0.8288753628730774,648.3185424804688,237.55694580078125,17.859093,2.132008,True
244,9.72,4,0.8609513640403748,390.8416748046875,367.67291259765625,13.9869175,6.7801776,True
244,9.72,6,0.8310259580612183,650.6784057617188,481.75927734375,17.205633,10.628091,True
244,9.72,8,0.9249903559684752,259.8550491333008,344.12908935546875,12.153476,5.803419,True
244,9.72,9,0.91194748878479,732.6343383789062,524.5545654296875,18.084042,11.887487,True
244,9.72,11,0.7629354596138,650.7160034179688,407.099853515625,17.390697,8.350487,True
244,9.72,12,0.8285247683525085,617.955078125,539.7572631835938,16.68705,12.220604,True
244,9.72,13,0.83501797914505,666.0166931152344,280.27703857421875,17.972456,3.878852,True
244,9.72,14,0.8403179049491882,450.58921813964844,365.9762573242188,14.80322,6.783033,True
245,9.76,0,0.8515493273735046,567.2620239257812,498.1968383789063,16.149086,11.037066,True
245,9.76,1,0.7609652876853943,642.5324096679688,235.63455200195312,17.780088,2.0434613,True
245,9.76,4,0.8571167588233948,382.36676025390625,367.2949523925781,13.870935,6.7582765,True
245,9.76,6,0.8268609046936035,644.5657043457031,490.9549560546875,17.10947,10.887995,True
245,9.76,8,0.9218168258666992,258.36881256103516,343.8872375488281,12.132178,5.7929754,True
245,9.76,9,0.8844206929206848,733.9633178710938,523.670654296875,18.10234,11.864363,True
245,9.76,11,0.6948567032814026,642.2697448730469,423.082763671875,17.241295,8.851122,True
245,9.76,12,0.8032944798469543,617.9295959472656,539.8275756835938,16.686611,12.222472,True
245,9.76,13,0.7992671132087708,668.0127868652344,282.15777587890625,17.994543,3.9544594,True
245,9.76,14,0.8411576747894287,447.8126831054688,365.9852294921875,14.765399,6.780478,True
246,9.8,0,0.8444770574569702,572.0887451171875,498.0250244140625,16.20851,11.0357485,True
246,9.8,1,0.8330440521240234,643.1528930664062,235.5775146484375,17.789446,2.0419338,True
246,9.8,4,0.8650900721549988,393.6092071533203,366.5369873046875,14.024977,6.7435703,True
246,9.8,6,0.7690935730934143,636.6985778808594,487.1294250488281,17.021671,10.772397,True
246,9.8,8,0.9236006736755372,256.08179473876953,344.5213928222656,12.100704,5.8134875,True
246,9.8,9,0.8434281349182129,731.3645935058594,524.5426025390625,18.06901,11.886295,True
246,9.8,11,0.7881609201431274,638.44921875,426.0037231445313,17.185213,8.939429,True
246,9.8,12,0.8732576966285706,631.10888671875,539.9932861328125,16.842579,12.235671,True
246,9.8,13,0.8015997409820557,667.9485168457031,282.4662170410156,17.9926,3.966351,True
246,9.8,14,0.8583899140357971,445.35662841796875,364.7214050292969,14.732838,6.7340803,True
247,9.84,0,0.8752864599227905,572.5958862304688,497.4464721679688,16.215677,11.019659,True
247,9.84,1,0.8048213124275208,637.4274597167969,235.8429718017578,17.703959,2.0450866,True
247,9.84,4,0.8308502435684204,381.8819885253906,364.9267578125,13.864425,6.675296,True
247,9.84,6,0.6824585199356079,630.9742126464844,488.2821960449219,16.948925,10.801209,True
247,9.84,8,0.9208992719650269,249.01822662353516,345.31475830078125,12.0020275,5.8344717,True
247,9.84,9,0.8637680411338806,730.9437561035156,520.5291137695312,18.075449,11.776635,True
247,9.84,11,0.6991531848907471,628.4931335449219,425.08099365234375,17.059904,8.9017725,True
247,9.84,12,0.922547161579132,648.720458984375,525.4898681640625,17.08267,11.855474,True
247,9.84,13,0.8098700642585754,666.1903991699219,281.3045349121094,17.971504,3.9190495,True
247,9.84,14,0.8471102118492126,437.82078552246094,364.9686584472656,14.629874,6.734865,True
248,9.88,0,0.8612080216407776,572.2760620117188,501.7804565429688,16.204626,11.142442,True
248,9.88,1,0.7946910858154297,637.5864868164062,236.93572998046875,17.702774,2.0911126,True
248,9.88,4,0.815904438495636,384.4922790527344,365.5007629394531,13.900193,6.6980295,True
248,9.88,6,0.7595934867858887,625.9676513671875,486.9619445800781,16.8903,10.759474,True
248,9.88,8,0.9197818040847778,245.873779296875,347.01171875,11.960022,5.8925366,True
248,9.88,9,0.8962550163269043,737.1947631835938,519.099853515625,18.153957,11.741872,True
248,9.88,12,0.8971368074417114,657.1101379394531,522.6911010742188,17.189198,11.784777,True
248,9.88,13,0.8523641228675842,664.1937866210938,280.3002319335937,17.94645,3.8774848,True
248,9.88,14,0.8371237516403198,435.5763244628906,364.3085632324219,14.5996475,6.7095895,True
248,9.88,11,0.503291666507721,618.2463073730469,432.8269958496094,16.911203,9.1346855,True
249,9.92,0,0.8792822957038879,565.909912109375,499.6852416992188,16.13014,11.078371,True
249,9.92,1,0.7609242796897888,633.2146301269531,234.4270782470703,17.646185,1.9797163,True
249,9.92,4,0.8286049962043762,381.75868225097656,364.4444274902344,13.862758,6.658333,True
249,9.92,6,0.7526497840881348,623.4065246582031,489.0556335449219,16.854443,10.81772,True
249,9.92,8,0.8700800538063049,242.5806121826172,349.3723449707031,11.916977,5.974276,True
249,9.92,9,0.8658052682876587,741.5888366699219,512.271728515625,18.226448,11.557251,True
249,9.92,11,0.8421448469161987,608.5916137695312,414.5812377929688,16.827408,8.551826,True
249,9.92,12,0.8666321039199829,676.5728149414062,524.4788208007812,17.417427,11.847025,True
249,9.92,13,0.856795072555542,665.0299072265625,279.7546081542969,17.960155,3.8572674,True
249,9.92,14,0.8301040530204773,425.8361511230469,363.6932067871094,14.466894,6.6780457,True
250,9.96,0,0.8945987820625305,559.3558044433594,497.083740234375,16.053875,10.999513,True
250,9.96,1,0.8162987232208252,632.4576721191406,234.44369506835935,17.634924,1.9793556,True
250,9.96,4,0.7946325540542603,377.8497772216797,354.3996887207031,13.809215,6.300744,True
250,9.96,6,0.7879502177238464,621.830810546875,485.380126953125,16.842787,10.710757,True
250,9.96,8,0.9019620418548584,238.87531280517578,353.8505859375,11.871412,6.131362,True
250,9.96,9,0.8588703274726868,748.8214111328125,497.6594543457031,18.357553,11.155094,True
250,9.96,11,0.8529341220855713,597.124267578125,423.7850036621094,16.6599,8.833389,True
250,9.96,12,0.8542975187301636,686.4640808105469,525.00830078125,17.534,11.86824,True
250,9.96,13,0.8418542742729187,663.788818359375,280.4734191894531,17.940117,3.8837252,True
250,9.96,14,0.8265009522438049,421.4147644042969,364.2860412597656,14.406143,6.6940985,True
251,10.0,0,0.8941283822059631,558.4766540527344,497.25335693359375,16.042824,11.0036955,True
251,10.0,1,0.8149282336235046,633.15869140625,232.5508270263672,17.651358,1.9005847,True
251,10.0,4,0.7556533813476562,379.3075866699219,357.4215087890625,13.829302,6.4092093,True
251,10.0,6,0.7851195335388184,618.5763549804688,486.5224914550781,16.80039,10.741227,True
251,10.0,8,0.9023409485816956,236.60580444335938,353.8738708496094,11.839572,6.1297317,True
251,10.0,9,0.8743912577629089,750.6550598144531,484.5101623535156,18.420847,10.783057,True
251,10.0,11,0.8771249651908875,591.1426391601562,425.5819396972656,16.579315,8.88467,True
251,10.0,12,0.838994562625885,698.5079040527344,525.3125,17.676577,11.884767,True
251,10.0,13,0.8540075421333313,661.900390625,282.1382141113281,17.907795,3.9461222,True
251,10.0,14,0.799231767654419,419.6654968261719,362.9257507324219,14.382828,6.6448565,True
252,10.04,0,0.90140700340271,554.8360900878906,496.3991394042969,15.999422,10.976628,True
252,10.04,1,0.8119858503341675,632.9586791992188,234.94625854492188,17.64074,2.00119,True
252,10.04,4,0.7760148048400879,384.72361755371094,365.2204284667969,13.90339,6.6884975,True
252,10.04,6,0.827452540397644,612.9315185546875,486.5059509277344,16.731003,10.736475,True
252,10.04,8,0.8933157324790955,232.98978424072266,354.0769958496094,11.7890835,6.133088,True
252,10.04,9,0.8596290946006775,766.3799133300781,483.0151062011719,18.616901,10.752036,True
252,10.04,11,0.8877289295196533,583.3034362792969,409.16796875,16.510468,8.355295,True
252,10.04,12,0.8558170199394226,709.4942321777344,524.9261474609375,17.808222,11.881771,True
252,10.04,13,0.8364781737327576,661.6536560058594,282.0874328613281,17.904455,3.9438436,True
252,10.04,14,0.7931259274482727,423.75927734375,363.4216003417969,14.438622,6.666418,True
253,10.08,0,0.8939548134803772,552.0059814453125,496.6666564941406,15.964255,10.98216,True
253,10.08,1,0.7910102009773254,628.8111267089844,235.06881713867188,17.578957,2.0005417,True
253,10.08,4,0.7735216617584229,382.2557067871094,363.7044677734375,13.869624,6.6330013,True
253,10.08,6,0.8325358629226685,607.7745056152344,485.824951171875,16.668894,10.712923,True
253,10.08,8,0.9081230759620668,231.75073242187497,353.75048828125,11.771167,6.1200275,True
253,10.08,9,0.8452142477035522,766.7742919921875,478.3450622558594,18.637148,10.617972,True
253,10.08,11,0.8868723511695862,581.6820983886719,408.2113952636719,16.491228,8.322972,True
253,10.08,12,0.911132276058197,720.2263793945312,525.6546630859375,17.933716,11.908902,True
253,10.08,13,0.8425435423851013,662.0808410644531,283.0887145996094,17.907244,3.983236,True
253,10.08,14,0.7594291567802429,419.60887145996094,365.1788635253906,14.381049,6.723295,True
254,10.12,0,0.8942435383796692,551.8506164550781,497.8305969238281,15.960622,11.015231,True
254,10.12,1,0.758870542049408,629.5682373046875,235.99107360839844,17.587265,2.040339,True
254,10.12,4,0.7859602570533752,378.86509704589844,363.25830078125,13.823056,6.6138535,True
254,10.12,6,0.8136772513389587,606.8977966308594,484.9937438964844,16.659737,10.688253,True
254,10.12,8,0.9200369715690612,232.12857055664062,354.06610107421875,11.776967,6.131762,True
254,10.12,9,0.8398562073707581,767.2254943847656,476.7901306152344,18.647823,10.57339,True
254,10.12,11,0.8791242241859436,580.8490600585938,407.5968017578125,16.481573,8.302371,True
254,10.12,12,0.917302131652832,727.0362854003906,520.7941284179688,18.028204,11.78118,True
254,10.12,13,0.8315938115119934,664.2435913085938,284.0420227050781,17.934805,4.0228486,True
254,10.12,14,0.7600830793380737,417.65284729003906,364.4166259765625,14.354634,6.6947365,True
255,10.16,0,0.9109382629394532,548.0280456542969,499.1668701171875,15.911756,11.050444,True
255,10.16,1,0.7902849912643433,629.5196228027344,236.29266357421875,17.5856,2.0529263,True
255,10.16,4,0.8056103587150574,378.8018035888672,356.7899780273437,13.822334,6.3863697,True
255,10.16,6,0.7977805137634277,609.5134582519531,484.6149291992188,16.692713,10.6792965,True
255,10.16,8,0.9174438118934632,230.9353485107422,353.4750366210937,11.759275,6.109253,True
255,10.16,9,0.8347764611244202,772.8749084472656,472.2344055175781,18.732204,10.445577,True
255,10.16,11,0.8936113715171814,578.5674743652344,398.5072021484375,16.469503,8.004778,True
255,10.16,12,0.907646417617798,731.8472290039062,507.0926818847656,18.125023,11.406821,True
255,10.16,13,0.8462427258491516,664.8570861816406,283.0138244628906,17.9469,3.9837666,True
255,10.16,14,0.7990765571594238,418.78143310546875,363.841552734375,14.370323,6.6758747,True
256,10.2,0,0.9129972457885742,545.8195495605469,500.0150146484375,15.883448,11.072927,True
256,10.2,1,0.7818744778633118,628.6693420410156,235.46343994140625,17.575619,2.0169275,True
256,10.2,4,0.8097726106643677,375.5980682373047,354.2128601074219,13.778048,6.291708,True
256,10.2,6,0.7833725810050964,606.5357971191406,483.0953674316406,16.659014,10.633053,True
256,10.2,8,0.919958233833313,232.19189453125,353.3392333984375,11.77673,6.1057444,True
256,10.2,9,0.8309532999992371,774.9237060546875,471.5982971191406,18.759453,10.428647,True
256,10.2,11,0.8659217953681946,577.3457946777344,407.5132141113281,16.43605,8.296446,True
256,10.2,12,0.9006216526031494,735.0093078613281,500.6655578613281,18.181952,11.229538,True
256,10.2,13,0.839796781539917,668.9139099121094,283.4076232910156,18.003149,4.0040455,True
256,10.2,14,0.7602712512016296,417.44590759277344,365.386474609375,14.351395,6.7282724,True
257,10.24,0,0.9181775450706482,541.1692199707031,500.3787231445313,15.825897,11.079832,True
257,10.24,1,0.8064877986907959,631.6074829101562,235.2071990966797,17.619913,2.0102673,True
257,10.24,4,0.8350024819374084,378.6256408691406,365.6867980957031,13.819715,6.6984115,True
257,10.24,6,0.8288580775260925,604.1742553710938,482.8084411621094,16.630436,10.6229315,True
257,10.24,8,0.9148815274238586,231.76004791259766,347.28033447265625,11.761183,5.886682,True
257,10.24,9,0.8391509652137756,773.083251953125,457.6524963378906,18.784826,10.017192,True
257,10.24,11,0.851707935333252,575.4668579101562,391.79791259765625,16.441801,7.781166,True
257,10.24,12,0.8778566122055054,743.7654418945312,495.8348388671875,18.30214,11.099977,True
257,10.24,13,0.8824734091758728,671.4786682128906,281.2441711425781,18.046835,3.9232705,True
257,10.24,14,0.811756432056427,424.68894958496094,337.2373962402344,14.464659,5.7361555,True
258,10.28,0,0.9188559651374816,539.7649688720703,500.573486328125,15.808403,11.08433,True
258,10.28,1,0.805543065071106,629.647216796875,234.2331085205078,17.593966,1.966557,True
258,10.28,4,0.8340323567390442,380.61183166503906,365.2824096679688,13.846978,6.686379,True
258,10.28,6,0.8365101218223572,605.8232116699219,482.7775268554688,16.650848,10.623298,True
258,10.28,8,0.9186238050460817,232.29431915283203,343.6476135253906,11.763028,5.7552314,True
258,10.28,9,0.8564099073410034,775.0315856933594,454.6967468261719,18.81923,9.930837,True
258,10.28,11,0.846257746219635,573.161376953125,383.417236328125,16.427614,7.5001664,True
258,10.28,12,0.8670932650566101,744.2252502441406,494.2009887695313,18.312698,11.05415,True
258,10.28,13,0.8621890544891357,669.1264953613281,282.3067626953125,18.009853,3.9616222,True
258,10.28,14,0.8218730092048645,418.4068298339844,367.2243347167969,14.363735,6.7930875,True
259,10.32,0,0.9124680757522584,536.1880187988281,501.29296875,15.763553,11.102125,True
259,10.32,1,0.8056477308273315,628.882568359375,234.56033325195312,17.58161,1.9792569,True
259,10.32,4,0.8295121788978577,381.2443542480469,366.2203979492188,13.855612,6.7197247,True
259,10.32,6,0.8283185362815857,605.0650329589844,483.0769653320313,16.640903,10.631395,True
259,10.32,8,0.9218242168426514,231.7542724609375,339.4404602050781,11.748709,5.6007695,True
259,10.32,9,0.8638119101524353,776.3575744628906,449.1092834472656,18.85534,9.764734,True
259,10.32,11,0.8195996284484863,571.5036010742188,386.6742858886719,16.399319,7.607319,True
259,10.32,12,0.8552455902099609,744.7236328125,490.96917724609375,18.32867,10.962903,True
259,10.32,13,0.8527922034263611,668.057373046875,282.21063232421875,17.994999,3.9565666,True
259,10.32,14,0.8087499737739563,417.84820556640625,367.2340698242188,14.356106,6.7928486,True
260,10.36,0,0.9061844348907472,534.2564849853516,501.5724792480469,15.7394905,11.108637,True
260,10.36,1,0.8116929531097412,630.2001037597656,234.00048828125,17.60289,1.9575385,True
260,10.36,4,0.8415371179580688,379.04754638671875,364.9400634765625,13.825521,6.6728067,True
260,10.36,6,0.8204234838485718,605.271484375,481.9747619628906,16.645615,10.599593,True
260,10.36,8,0.9223673343658448,232.63469696044922,333.9784240722656,11.752551,5.4005136,True
260,10.36,9,0.8550818562507629,774.6368408203125,445.1243896484375,18.848028,9.643292,True
260,10.36,11,0.8097612857818604,566.7373046875,376.9486389160156,16.35455,7.2762284,True
260,10.36,12,0.8675639629364014,742.4991760253906,488.4144287109375,18.309559,10.88854,True
260,10.36,13,0.858910858631134,666.7525329589844,282.3739929199219,17.97593,3.9612908,True
260,10.36,14,0.7749319076538086,419.0337677001953,366.8514709472656,14.372455,6.7808022,True
261,10.4,0,0.9131401181221008,531.8464965820312,501.2531127929688,15.710348,11.097798,True
261,10.4,1,0.8384137749671936,630.5215759277344,233.78619384765625,17.608332,1.9489644,True
261,10.4,4,0.8430315256118774,378.3850555419922,362.3771362304688,13.816475,6.582501,True
261,10.4,6,0.8248672485351562,606.0681762695312,481.2369079589844,16.656908,10.578784,True
261,10.4,8,0.9221808314323424,232.20242309570312,329.26910400390625,11.738824,5.225116,True
261,10.4,9,0.7979776859283447,773.1835021972656,443.166259765625,18.836834,9.582856,True
261,10.4,11,0.832423746585846,564.4068298339844,374.2162170410156,16.328587,7.1813254,True
261,10.4,12,0.8345484137535095,742.3673706054688,485.1427001953125,18.318045,10.794949,True
261,10.4,13,0.8378387093544006,665.63330078125,282.5444030761719,17.959473,3.9665177,True
261,10.4,14,0.7867847084999084,420.7136535644531,367.4733581542969,14.3951025,6.8041005,True
262,10.44,0,0.9101483225822448,526.3389282226562,503.0564880371094,15.640483,11.144902,True
262,10.44,1,0.8413228392601013,630.3724975585938,233.9590759277344,17.605576,1.9560363,True
262,10.44,4,0.8127104640007019,375.5463104248047,361.4228210449219,13.777413,6.5460587,True
262,10.44,6,0.8362926840782166,609.689697265625,480.0459899902344,16.704025,10.546952,True
262,10.44,8,0.9115861654281616,228.6866912841797,323.5897216796875,11.679031,5.008337,True
262,10.44,11,0.8308461308479309,562.5303039550781,377.4470520019531,16.297443,7.2889004,True
262,10.44,12,0.660998523235321,737.5483703613281,475.3187255859375,18.289564,10.507981,True
262,10.44,13,0.8570999503135681,667.75830078125,281.1032409667969,17.994455,3.9131703,True
262,10.44,14,0.7940647006034851,421.70436096191406,366.0828247070313,14.4092655,6.7568827,True
263,10.48,0,0.915834665298462,524.5850830078125,504.7835388183594,15.616831,11.192497,True
263,10.48,1,0.8458353281021118,630.8908386230469,234.1268310546875,17.612724,1.9638262,True
263,10.48,4,0.8261700868606567,372.5309753417969,359.2779541015625,13.735799,6.46748,True
263,10.48,6,0.8526626229286194,616.5700378417969,480.3142700195313,16.78848,10.560046,True
263,10.48,8,0.9108461737632751,228.09040069580078,320.9834899902344,11.66608,4.909381,True
263,10.48,9,0.6729533672332764,771.7818298339844,429.4158325195313,18.86832,9.161054,True
263,10.48,11,0.8481316566467285,555.4588623046875,381.75439453125,16.195303,7.4270597,True
263,10.48,13,0.8540486693382263,669.4750061035156,282.7164306640625,18.013426,3.977947,True
263,10.48,14,0.8028075098991394,420.0439147949219,366.3203125,14.386482,6.7634115,True
263,10.48,12,0.5578129887580872,703.370361328125,471.7294616699219,17.880196,10.376927,True
264,10.52,0,0.9057939052581788,521.4005126953125,506.2222290039063,15.576074,11.230812,True
264,10.52,1,0.8430814146995544,630.9035949707031,234.50205993652344,17.611725,1.979635,True
264,10.52,4,0.8426083922386169,369.8138732910156,361.48291015625,13.698468,6.542139,True
264,10.52,6,0.8641196489334106,619.9617614746094,478.6961975097656,16.833748,10.515585,True
264,10.52,8,0.9103683233261108,228.00121307373047,319.64044189453125,11.662535,4.858483,True
264,10.52,9,0.7400654554367065,771.6055297851562,429.8732299804688,18.864454,9.175027,True
264,10.52,11,0.8413636088371277,549.8759460449219,385.2513122558594,16.114904,7.5388017,True
264,10.52,12,0.8003224730491638,703.6489868164062,448.3382873535156,17.950768,9.681849,True
264,10.52,13,0.869485080242157,671.8252563476562,281.528564453125,18.050793,3.9347515,True
264,10.52,14,0.7967516183853149,415.49407958984375,366.0599365234375,14.324441,6.7496595,True
265,10.56,0,0.9087687730789183,515.2523345947266,506.74310302734375,15.500193,11.2410345,True
265,10.56,1,0.8538563847541809,631.6265563964844,235.69744873046875,17.618643,2.0308855,True
265,10.56,4,0.8551819324493408,370.28892517089844,359.233154296875,13.704864,6.4635315,True
265,10.56,6,0.8748531341552734,620.2604675292969,479.2623901367188,16.836252,10.532297,True
265,10.56,8,0.906245768070221,227.43993377685547,320.4797058105469,11.655846,4.8895726,True
265,10.56,9,0.7758334875106812,769.3199157714844,429.4869689941406,18.83703,9.16114,True
265,10.56,11,0.8651949167251587,545.6253356933594,384.3111267089844,16.059975,7.503189,True
265,10.56,12,0.8013785481452942,702.5912475585938,446.92095947265625,17.941648,9.63811,True
265,10.56,13,0.8770885467529297,672.9966125488281,281.5757751464844,18.067263,3.9380386,True
265,10.56,14,0.823215663433075,419.5602416992188,364.6734924316406,14.380609,6.7056613,True
266,10.6,0,0.9106491804122924,510.3934326171875,506.8912353515625,15.440528,11.241678,True
266,10.6,1,0.848036527633667,630.8391418457031,235.50245666503903,17.607607,2.0215976,True
266,10.6,4,0.8616818189620972,365.2423858642578,357.40789794921875,13.634991,6.393788,True
266,10.6,6,0.8799375891685486,621.3690490722656,479.0940856933594,16.8503,10.528254,True
266,10.6,8,0.906006395816803,226.2885131835937,321.0724792480469,11.640234,4.910617,True
266,10.6,9,0.6336056590080261,762.3976745605469,429.4180603027344,18.749971,9.153075,True
266,10.6,11,0.8625788688659668,542.6593627929688,382.5005187988281,16.023493,7.4395514,True
266,10.6,12,0.8003137111663818,700.1837768554688,442.8814086914063,17.92319,9.513454,True
266,10.6,13,0.8745207190513611,673.1231689453125,282.2761535644531,18.066679,3.9653842,True
266,10.6,14,0.8484218120574951,423.27015686035156,369.737060546875,14.428889,6.885042,True
266,10.6,15,0.7898183465003967,760.0262451171875,468.8757629394531,18.58593,10.337616,True
267,10.64,0,0.8554331660270691,494.9652862548828,508.3714904785156,15.249982,11.272207,True
267,10.64,1,0.8412771224975586,630.2485961914062,234.35494995117188,17.60249,1.9725277,True
267,10.64,4,0.8635339736938477,359.0125274658203,357.62060546875,13.548876,6.3946815,True
267,10.64,6,0.8929810523986816,621.8157653808594,478.0430603027344,16.85804,10.497988,True
267,10.64,8,0.9067755937576294,225.65673828125,319.6825561523437,11.628743,4.857302,True
267,10.64,9,0.7877492904663086,758.6338195800781,455.7984619140625,18.612309,9.950454,True
267,10.64,11,0.8980316519737244,527.1963500976562,383.3666687011719,15.815948,7.453462,True
267,10.64,12,0.7698643207550049,728.4032287597656,444.1911010742188,18.273382,9.576768,True
267,10.64,13,0.8655571937561035,671.8998107910156,281.89208984375,18.05062,3.9489622,True
267,10.64,14,0.8662545680999756,421.72157287597656,380.54534912109375,14.402833,7.2537246,True
268,10.68,0,0.8601846098899841,486.5081787109375,508.84814453125,15.145889,11.279503,True
268,10.68,1,0.847841203212738,630.0479125976562,234.19427490234372,17.600025,1.9654839,True
268,10.68,4,0.863517701625824,356.4955596923828,358.6556396484375,13.514277,6.4285603,True
268,10.68,6,0.9120038747787476,615.9784240722656,478.8154602050781,16.784264,10.515984,True
268,10.68,8,0.896859347820282,223.9690399169922,319.4215087890625,11.6039095,4.8454165,True
268,10.68,9,0.8128767013549805,758.4327392578125,436.4146423339844,18.67571,9.364917,True
268,10.68,11,0.8799084424972534,521.686767578125,383.50335693359375,15.742233,7.452645,True
268,10.68,12,0.7491114139556885,730.005126953125,448.3120422363281,18.28045,9.70275,True
268,10.68,13,0.860538125038147,670.2712097167969,282.2789306640625,18.026197,3.96196,True
268,10.68,14,0.8554648756980896,419.3654174804688,386.527099609375,14.368426,7.4537697,True
269,10.72,0,0.8764976859092712,479.42698669433594,508.2190856933594,15.0596075,11.256618,True
269,10.72,1,0.8398284316062927,629.2791442871094,233.7128448486328,17.59015,1.9441313,True
269,10.72,4,0.8589824438095093,355.6812744140625,358.15203857421875,13.50291,6.4099164,True
269,10.72,6,0.9033433198928832,611.4659118652344,480.4695129394531,16.72512,10.560634,True
269,10.72,8,0.9082015156745912,223.68798828125,319.2168273925781,11.599493,4.837328,True
269,10.72,9,0.7715086340904236,752.1708068847656,438.7276916503906,18.589205,9.430352,True
269,10.72,11,0.8515443205833435,538.4039764404297,390.1040344238281,15.954576,7.689424,True
269,10.72,12,0.681124210357666,731.0269775390625,442.70941162109375,18.310953,9.533955,True
269,10.72,13,0.8529625535011292,669.5032653808594,282.8610534667969,18.013342,3.9835901,True
269,10.72,14,0.8435169458389282,418.9158630371094,389.9284362792969,14.360941,7.5676174,True
270,10.76,0,0.7742364406585693,471.0881805419922,509.7060241699219,14.956072,11.29249,True
270,10.76,1,0.8267794847488403,630.8666381835938,234.49755859375,17.611193,1.979394,True
270,10.76,4,0.8637202978134155,356.06414794921875,357.2698669433594,13.508014,6.3791456,True
270,10.76,6,0.9055235385894777,608.2972412109375,480.765625,16.685379,10.566804,True
270,10.76,8,0.9127227067947388,223.34920501708984,319.18560791015625,11.5945425,4.8357434,True
270,10.76,9,0.7938840389251709,745.5525817871094,444.1875,18.488068,9.59089,True
270,10.76,11,0.842174232006073,511.0980529785156,394.5492248535156,15.5861435,7.8105474,True
270,10.76,12,0.7839256525039673,738.0439147949219,443.3879089355469,18.396704,9.560405,True
270,10.76,13,0.8285242915153503,669.1364135742188,282.8791198730469,18.008076,3.983837,True
270,10.76,14,0.8149664998054504,417.05596923828125,394.5094604492188,14.33414,7.7188425,True
271,10.8,0,0.8367152214050293,463.41209411621094,509.8802185058594,14.861748,11.291831,True
271,10.8,1,0.8446807265281677,626.2469787597656,234.5178985595703,17.542698,1.9737798,True
271,10.8,4,0.8701966404914856,354.70115661621094,357.6353759765625,13.489234,6.3906193,True
271,10.8,6,0.9048125743865968,607.3392639160156,481.2862243652344,16.67251,10.581192,True
271,10.8,8,0.914600431919098,223.40848541259766,319.1444702148437,11.595327,4.8342543,True
271,10.8,9,0.8332323431968689,742.1327819824219,439.9549865722656,18.459158,9.459376,True
271,10.8,11,0.8438905477523804,509.3065185546875,392.8773193359375,15.564582,7.753465,True
271,10.8,13,0.8287811875343323,669.0948486328125,282.699462890625,18.00809,3.9768186,True
271,10.8,14,0.811553955078125,416.0443572998047,397.5036010742188,14.319442,7.817341,True
271,10.8,12,0.5764386057853699,727.5015869140625,438.2478332519531,18.280834,9.3949375,True
272,10.84,0,0.840093195438385,452.55580139160156,521.3682250976562,14.721169,11.605435,True
272,10.84,1,0.8332914113998413,623.3916015625,235.93304443359372,17.496038,2.0292814,True
272,10.84,4,0.8552215099334717,355.18170166015625,358.36285400390625,13.496048,6.416831,True
272,10.84,6,0.843324601650238,592.1878662109375,481.8001403808594,16.484285,10.584487,True
272,10.84,8,0.9057297110557556,224.88611602783203,315.2667541503906,11.609991,4.6885967,True
272,10.84,9,0.8302280902862549,734.0815124511719,437.5089721679688,18.365973,9.3778715,True
272,10.84,11,0.853731095790863,538.197509765625,396.1273498535156,15.942288,7.8884683,True
272,10.84,13,0.8393609523773193,669.8936462402344,282.246826171875,18.020945,3.9602466,True
272,10.84,14,0.8289885520935059,422.35252380371094,403.8142395019531,14.400782,8.031522,True
272,10.84,12,0.5940492153167725,693.0072631835938,429.2799987792969,17.872028,9.089058,True
273,10.88,0,0.8683133125305176,446.04400634765625,527.2583618164062,14.638392,11.763808,True
273,10.88,1,0.8343082070350647,623.13671875,236.6502227783203,17.49007,2.0590277,True
273,10.88,4,0.867682695388794,355.5451202392578,356.92437744140625,13.500753,6.366371,True
273,10.88,6,0.9016642570495604,584.0809631347656,476.6009521484375,16.393332,10.426605,True
273,10.88,8,0.899636447429657,226.2464141845703,311.8017272949219,11.623749,4.557748,True
273,10.88,9,0.6268248558044434,720.5674743652344,433.4242858886719,18.208609,9.240938,True
273,10.88,11,0.8631506562232971,538.2750549316406,396.1636047363281,15.943254,7.889736,True
273,10.88,12,0.617343008518219,688.2235717773438,431.72210693359375,17.804285,9.160666,True
273,10.88,13,0.83966463804245,671.3835754394531,283.12969970703125,18.039108,3.9963284,True
273,10.88,14,0.8583340644836426,424.5475311279297,404.0382690429688,14.429818,8.040945,True
273,10.88,15,0.7272865176200867,741.7704772949219,428.1790161132813,18.49361,9.096976,True
274,10.92,0,0.8838591575622559,438.07049560546875,530.20361328125,14.539993,11.839302,True
274,10.92,1,0.8424717783927917,623.142578125,237.26919555664065,17.488262,2.0849874,True
274,10.92,4,0.8766051530838013,357.0680236816406,355.6322631835937,13.521567,6.3222313,True
274,10.92,6,0.9057602286338806,575.5133666992188,480.3628540039063,16.280424,10.529837,True
274,10.92,8,0.8952655792236328,226.75470733642578,308.7714233398437,11.625915,4.4419093,True
274,10.92,11,0.8255528807640076,538.4076232910156,394.84564208984375,15.947089,7.8464193,True
274,10.92,12,0.7238172888755798,683.6251220703125,433.4605407714844,17.741064,9.210489,True
274,10.92,13,0.8653558492660522,672.5321960449219,283.2720031738281,18.054916,4.003261,True
274,10.92,14,0.8697893023490906,427.2790985107422,401.4754638671875,14.467338,7.959284,True
274,10.92,15,0.8202358484268188,746.3653564453125,425.9053039550781,18.55943,9.030347,True
275,10.96,0,0.8931686878204346,431.9266052246094,532.8910522460938,14.464203,11.908752,True
275,10.96,1,0.8397988677024841,622.1222229003906,236.8065185546875,17.47458,2.0641696,True
275,10.96,4,0.8703434467315674,357.3594665527344,353.4770812988281,13.525166,6.2460146,True
275,10.96,6,0.8891364932060242,570.7414855957031,481.32330322265625,16.21965,10.554129,True
275,10.96,8,0.8855786919593811,227.67984771728516,305.66925048828125,11.634054,4.323245,True
275,10.96,9,0.8327474594116211,709.3950805664062,429.2018127441406,18.080246,9.100779,True
275,10.96,11,0.8010309934616089,537.5182189941406,389.9278259277344,15.9431095,7.682714,True
275,10.96,13,0.8587953448295593,672.4550476074219,283.4836730957031,18.053106,4.0113645,True
275,10.96,14,0.830083429813385,431.1637878417969,402.74908447265625,14.5182905,8.004857,True
275,10.96,15,0.8362371921539307,746.1657104492188,423.6049499511719,18.56471,8.958523,True
276,11.0,0,0.914661467075348,426.68446350097656,538.3739624023438,14.398423,12.054742,True
276,11.0,1,0.8425021767616272,620.1019287109375,236.5536193847656,17.445452,2.050743,True
276,11.0,4,0.8601568937301636,360.83734130859375,351.9829406738281,13.573172,6.19656,True
276,11.0,6,0.8842609524726868,567.4426574707031,482.1256103515625,16.177443,10.574934,True
276,11.0,8,0.88485187292099,228.2849349975586,303.1749267578125,11.6385975,4.2272415,True
276,11.0,11,0.7976245880126953,535.5768585205078,387.7202758789063,15.920826,7.607341,True
276,11.0,12,0.8069308400154114,682.5105895996094,428.4919738769531,17.740858,9.055479,True
276,11.0,13,0.8647737503051758,673.4984741210938,283.3494873046875,18.068354,4.007456,True
276,11.0,14,0.8016632199287415,448.119873046875,403.4660034179688,14.74272,8.044387,True
276,11.0,15,0.8317438364028931,745.3931579589844,422.6782836914063,18.558056,8.928917,True
277,11.04,0,0.9125794172286988,419.6508483886719,546.70361328125,14.310535,12.275242,True
277,11.04,1,0.8346315622329712,618.3200988769531,237.2135772705078,17.417093,2.0759423,True
277,11.04,4,0.8524594902992249,365.8088684082031,345.988525390625,13.64151,5.9873714,True
277,11.04,6,0.8459153175354004,559.5028686523438,488.0443115234375,16.069736,10.740344,True
277,11.04,8,0.875109851360321,229.14353942871094,297.4869384765625,11.641362,4.006249,True
277,11.04,11,0.8003885746002197,519.8091125488281,393.06829833984375,15.703613,7.7698765,True
277,11.04,12,0.8503485918045044,680.7475891113281,428.686279296875,17.717886,9.059997,True
277,11.04,13,0.8754431009292603,673.3387756347656,285.26025390625,18.059608,4.0811534,True
277,11.04,14,0.7954066395759583,434.7333221435547,394.56298828125,14.57035,7.737677,True
277,11.04,15,0.8279569149017334,738.1048583984375,423.5695495605469,18.462519,8.95039,True
278,11.08,0,0.9161239266395568,416.79087829589844,549.3763427734375,14.27529,12.345108,True
278,11.08,1,0.8395664691925049,619.0836791992188,236.7220916748047,17.42987,2.0563924,True
278,11.08,4,0.846214771270752,365.35960388183594,342.53302001953125,13.634826,5.8622994,True
278,11.08,6,0.8594590425491333,554.4206237792969,492.4689331054688,16.000248,10.863842,True
278,11.08,8,0.8665129542350769,229.69732666015625,296.0165405273437,11.646964,3.9492106,True
278,11.08,11,0.8002656102180481,526.5556640625,392.77252197265625,15.793444,7.766551,True
278,11.08,12,0.8290790915489197,683.3319091796875,430.1812133789063,17.746548,9.108686,True
278,11.08,13,0.8897416591644287,673.5811462402344,284.7462158203125,18.064783,4.0615945,True
278,11.08,14,0.8243095874786377,436.8678741455078,403.259521484375,14.5936985,8.027007,True
278,11.08,15,0.824616551399231,734.9850463867188,422.8190612792969,18.425379,8.924223,True
279,11.12,0,0.9157587885856628,415.8111267089844,552.5549926757812,14.262536,12.429489,True
279,11.12,1,0.8425642848014832,618.3766479492188,237.0690460205078,17.418364,2.0699606,True
279,11.12,4,0.8362295031547546,367.7956848144531,340.5689392089844,13.668699,5.793891,True
279,11.12,6,0.8624354004859924,549.6284484863281,496.04095458984375,15.93596,10.962526,True
279,11.12,8,0.8683342337608337,232.58502197265625,295.47479248046875,11.688537,3.9315343,True
279,11.12,11,0.8204776644706726,529.5059509277344,401.32421875,15.819761,8.050803,True
279,11.12,12,0.8580951690673828,683.0408630371094,430.9269714355469,17.740757,9.131572,True
279,11.12,13,0.8938646912574768,674.6953430175781,285.19976806640625,18.079016,4.0804853,True
279,11.12,14,0.8380730152130127,437.4157409667969,399.7457885742188,14.603056,7.9119015,True
279,11.12,15,0.822698175907135,732.1321716308594,423.0001525878906,18.388527,8.92739,True
280,11.16,0,0.9039570093154908,415.7685852050781,553.4402465820312,14.261751,12.453077,True
280,11.16,1,0.8441484570503235,617.9631042480469,236.93495178222656,17.412645,2.0637603,True
280,11.16,4,0.8297826647758484,368.6680908203125,341.4319763183594,13.680987,5.8261213,True
280,11.16,6,0.8819983005523682,539.54833984375,503.5111999511719,15.801722,11.167454,True
280,11.16,8,0.8759958148002625,233.9508819580078,296.3521423339844,11.710111,3.9677315,True
280,11.16,11,0.8307293057441711,526.2846069335938,420.87799072265625,15.74935,8.678355,True
280,11.16,12,0.8577808737754822,681.9242248535156,431.4552612304688,17.725098,9.146986,True
280,11.16,13,0.8918972015380859,676.7997741699219,285.4808959960937,18.107838,4.093923,True
280,11.16,14,0.8213129639625549,434.1783142089844,399.8302001953125,14.559952,7.9116063,True
280,11.16,15,0.8222678303718567,728.8490295410156,419.6739196777344,18.357624,8.820287,True
281,11.2,0,0.9038106203079224,415.2916717529297,553.5035400390625,14.2560215,12.4544525,True
281,11.2,1,0.8402098417282104,617.4906311035156,237.34255981445312,17.404434,2.0801945,True
281,11.2,4,0.8213320970535278,370.26043701171875,341.4398803710937,13.703264,5.828167,True
281,11.2,6,0.8517721891403198,536.5778656005859,508.7032165527344,15.758405,11.311687,True
281,11.2,8,0.8781822919845581,235.67398834228516,295.5092163085937,11.734051,3.936768,True
281,11.2,11,0.8687962293624878,522.6718902587891,438.2792053222656,15.678753,9.221638,True
281,11.2,12,0.8549821972846985,677.5148620605469,431.1266174316406,17.670017,9.133003,True
281,11.2,13,0.8844919204711914,678.3115234375,286.77398681640625,18.12478,4.145623,True
281,11.2,14,0.7784167528152466,432.9168395996094,398.4924926757813,14.543912,7.866222,True
281,11.2,15,0.8205575346946716,729.3450317382812,421.9950866699219,18.35637,8.893512,True
282,11.24,0,0.9154587984085084,411.8619079589844,553.2000122070312,14.215035,12.444112,True
282,11.24,1,0.8466318845748901,617.0850219726562,236.6717529296875,17.400434,2.051493,True
282,11.24,4,0.847697377204895,373.07041931152344,340.1143493652344,13.742514,5.783253,True
282,11.24,6,0.8287422060966492,529.8038482666016,518.914306640625,15.662761,11.591862,True
282,11.24,8,0.8696319460868835,234.4965362548828,295.408447265625,11.7165575,3.9313262,True
282,11.24,11,0.8749498724937439,521.8540649414062,409.5535278320313,15.707468,8.311264,True
282,11.24,12,0.8515508770942688,672.7494506835938,430.9391479492188,17.609976,9.123081,True
282,11.24,13,0.8764718770980835,684.7289428710938,290.5903625488281,18.202108,4.299915,True
282,11.24,14,0.753893256187439,434.5850372314453,395.2131958007813,14.567997,7.759144,True
282,11.24,15,0.7911340594291687,728.2130432128906,428.0323181152344,18.322443,9.080727,True
283,11.28,0,0.9097651839256288,410.57164001464844,552.6614990234375,14.199724,12.428894,True
283,11.28,1,0.857966959476471,616.5440063476562,237.7066802978516,17.389343,2.094137,True
283,11.28,4,0.835246205329895,373.1551818847656,338.9727783203125,13.743657,5.741914,True
283,11.28,6,0.8518003225326538,529.0959167480469,519.7859497070312,15.653083,11.615517,True
283,11.28,8,0.8460907936096191,232.9261932373047,294.6415405273437,11.692148,3.8991668,True
283,11.28,11,0.894522488117218,519.734375,411.6283264160156,15.676864,8.376297,True
283,11.28,12,0.8549944758415222,674.6520690917969,431.4353942871094,17.632801,9.140112,True
283,11.28,13,0.8644787669181824,686.4316711425781,291.6260070800781,18.222458,4.34156,True
283,11.28,14,0.774365246295929,426.7126159667969,406.0860900878906,14.457551,8.110069,True
283,11.28,15,0.7966604828834534,729.0676879882812,423.5822448730469,18.347681,8.942902,True
284,11.32,0,0.919394314289093,408.7245178222656,552.1568603515625,14.177713,12.414203,True
284,11.32,1,0.8684216737747192,617.6359252929688,237.7919769287109,17.405241,2.099229,True
284,11.32,4,0.8489256501197815,378.18263244628906,337.60595703125,13.814099,5.697814,True
284,11.32,6,0.8593080639839172,526.7268981933594,519.5521240234375,15.624655,11.607371,True
284,11.32,8,0.8423529267311096,231.3304901123047,295.05255126953125,11.669349,3.9133425,True
284,11.32,11,0.8758552670478821,515.2522125244141,413.5640563964844,15.615671,8.43452,True
284,11.32,12,0.8609107732772827,674.1395568847656,430.9112548828125,17.627718,9.123414,True
284,11.32,13,0.8576300144195557,688.0245056152344,293.0363464355469,18.239914,4.3972764,True
284,11.32,14,0.7946398854255676,428.0871887207031,413.9760437011719,14.471834,8.367928,True
284,11.32,15,0.8254861235618591,728.801025390625,424.0780029296875,18.342684,8.958149,True
285,11.36,0,0.9239997863769532,406.4477081298828,554.5016479492188,14.149855,12.475268,True
285,11.36,1,0.8641678690910339,617.8291931152344,236.39651489257807,17.412277,2.040978,True
285,11.36,4,0.8543989062309265,379.5500183105469,337.3708801269531,13.833274,5.690783,True
285,11.36,6,0.8583308458328247,527.3298645019531,519.2841796875,15.632297,11.60037,True
285,11.36,8,0.8623344898223877,230.05264282226562,294.3660888671875,11.649344,3.884695,True
285,11.36,11,0.8899292349815369,517.6991271972656,410.2173156738281,15.652152,8.328891,True
285,11.36,12,0.8448384404182434,677.1415710449219,429.9794006347656,17.668436,9.097076,True
285,11.36,13,0.8534749150276184,690.4190979003906,292.69854736328125,18.274742,4.3872886,True
285,11.36,14,0.8029183149337769,425.4913024902344,400.2975158691406,14.444133,7.9187593,True
285,11.36,15,0.8136762380599976,727.9397583007812,428.3562622070313,18.31794,9.090544,True
286,11.4,0,0.9174524545669556,402.48211669921875,555.4999389648438,14.102157,12.49926,True
286,11.4,1,0.8657546043395996,618.8186950683594,235.7012481689453,17.429022,2.0131538,True
286,11.4,4,0.8342155814170837,379.97776794433594,334.8241577148437,13.839363,5.598381,True
286,11.4,6,0.8498189449310303,527.8173675537109,519.6243896484375,15.637786,11.610141,True
286,11.4,8,0.8460274934768677,228.05015563964844,293.81170654296875,11.618861,3.860309,True
286,11.4,11,0.8627270460128784,509.86688232421875,408.8923645019531,15.551259,8.2788105,True
286,11.4,12,0.7882547378540039,679.8448486328125,429.0392150878906,17.705418,9.070193,True
286,11.4,13,0.8446868658065796,691.7337036132812,288.8111267089844,18.307041,4.240275,True
286,11.4,14,0.7763724327087402,419.1098937988281,406.9601440429688,14.356418,8.131524,True
286,11.4,15,0.7882923483848572,725.3877258300781,431.2335815429688,18.276438,9.177449,True
287,11.44,0,0.9357922077178956,395.5255889892578,560.9451904296875,14.018043,12.639167,True
287,11.44,1,0.8550193905830383,619.857177734375,235.4080810546875,17.445293,2.002282,True
287,11.44,4,0.8027200698852539,382.23907470703125,330.4291076660156,13.87139,5.4397926,True
287,11.44,6,0.8695554733276367,531.1666107177734,519.477294921875,15.678571,11.608425,True
287,11.44,8,0.8198221325874329,223.33965301513672,292.2135925292969,11.546487,3.7912054,True
287,11.44,11,0.8946423530578613,505.1487121582031,405.6143798828125,15.493424,8.167996,True
287,11.44,12,0.6816291809082031,693.3598022460938,417.2934875488281,17.911633,8.713879,True
287,11.44,13,0.8379302620887756,690.8094177246094,286.3431396484375,18.302818,4.14433,True
287,11.44,14,0.8218185305595398,419.3355255126953,399.5490112304688,14.362502,7.888183,True
287,11.44,15,0.7881025075912476,726.668701171875,430.1173706054688,18.2962,9.144025,True
288,11.48,0,0.9366099238395692,392.5720977783203,561.99267578125,13.982656,12.664938,True
288,11.48,1,0.8623629212379456,620.4089660644531,233.4973297119141,17.459272,1.9225901,True
288,11.48,4,0.8238358497619629,380.8536682128906,327.7973022460937,13.85199,5.3411994,True
288,11.48,6,0.8398162722587585,527.5614318847656,519.1202392578125,15.635308,11.595989,True
288,11.48,8,0.7898887395858765,219.53086853027344,292.35821533203125,11.49048,3.7920992,True
288,11.48,11,0.8914664387702942,501.2698974609375,405.2366027832031,15.442851,8.152077,True
288,11.48,12,0.6248657703399658,699.4096984863281,412.12200927734375,18.004723,8.555324,True
288,11.48,13,0.8326501250267029,691.0003051757812,290.0269470214844,18.292383,4.285959,True
288,11.48,14,0.8129096627235413,419.38209533691406,407.5777587890625,14.359767,8.151957,True
288,11.48,15,0.7916997075080872,725.0303039550781,430.95751953125,18.272795,9.168609,True
289,11.52,0,0.9397024512290956,389.4573974609375,563.1672973632812,13.945374,12.693929,True
289,11.52,1,0.8664175271987915,620.5768127441406,232.5946350097656,17.464514,1.8847244,True
289,11.52,4,0.8225987553596497,383.73606872558594,329.4709167480469,13.892557,5.40622,True
289,11.52,6,0.8797307014465332,535.2768249511719,519.3864135742188,15.728499,11.608802,True
289,11.52,8,0.8721862435340881,216.40930175781247,292.4353332519531,11.444492,3.7911932,True
289,11.52,11,0.8717712759971619,510.6818389892578,403.9996032714844,15.568275,8.120542,True
289,11.52,13,0.8364153504371643,690.3205871582031,288.2267761230469,18.289207,4.216138,True
289,11.52,14,0.8096753358840942,415.5522918701172,412.88427734375,14.307033,8.3210335,True
289,11.52,15,0.7540743947029114,727.9863586425781,429.99896240234375,18.313251,9.141493,True
289,11.52,12,0.5797758102416992,701.9869995117188,425.4766845703125,17.997404,8.9784355,True
290,11.56,0,0.935226023197174,388.0699920654297,565.3180541992188,13.928637,12.749667,True
290,11.56,1,0.8610199093818665,620.7928771972656,231.5399475097656,17.470945,1.84044,True
290,11.56,4,0.8243544101715088,388.098876953125,328.533447265625,13.95417,5.37663,True
290,11.56,6,0.8660403490066528,538.5072937011719,520.3889770507812,15.766305,11.638823,True
290,11.56,8,0.8994402885437012,213.18695068359375,293.36138916015625,11.398648,3.8237402,True
290,11.56,11,0.8806618452072144,516.2410278320312,404.4355773925781,15.640834,8.139948,True
290,11.56,12,0.6457026600837708,703.5859680175781,429.6333312988281,18.005262,9.109156,True
290,11.56,13,0.8118379712104797,695.8450927734375,293.6029968261719,18.347704,4.4282546,True
290,11.56,14,0.7917733788490295,414.7190856933594,413.1709899902344,14.295929,8.3295555,True
290,11.56,15,0.7874877452850342,726.7408752441406,427.2634887695313,18.306257,9.055575,True
291,11.6,0,0.9385545253753662,387.5151824951172,566.193359375,13.921954,12.772314,True
291,11.6,1,0.8702978491783142,620.6666564941406,230.76882934570312,17.471426,1.8076116,True
291,11.6,4,0.8410075306892395,388.00392150878906,328.7489929199219,13.952805,5.3844695,True
291,11.6,6,0.8741494417190552,536.3918914794922,519.7059326171875,15.7415905,11.618435,True
291,11.6,8,0.9126806259155272,210.1352310180664,294.4765014648437,11.355748,3.863928,True
291,11.6,11,0.8862666487693787,520.1117553710938,403.9224853515625,15.692436,8.12684,True
291,11.6,12,0.6941037774085999,704.7422790527344,421.2570495605469,18.045252,8.848772,True
291,11.6,13,0.8036854863166809,695.927734375,290.3586120605469,18.36053,4.304617,True
291,11.6,14,0.838092029094696,411.7680358886719,409.56353759765625,14.258204,8.2096195,True
291,11.6,15,0.7523782849311829,727.2269592285156,428.4515686035156,18.308603,9.092886,True
292,11.64,0,0.9413811564445496,387.1685333251953,565.8857421875,13.917853,12.764013,True
292,11.64,1,0.8681487441062927,620.7237548828125,230.23431396484372,17.473913,1.7850358,True
292,11.64,4,0.8343546390533447,390.4484100341797,327.483154296875,13.987461,5.340547,True
292,11.64,6,0.855841875076294,533.6938629150391,520.1897583007812,15.708281,11.62993,True
292,11.64,8,0.9238454103469848,206.67322540283203,293.8525085449219,11.303364,3.8349097,True
292,11.64,11,0.8876426219940186,523.3446350097656,402.3067932128906,15.737237,8.077138,True
292,11.64,12,0.7619827389717102,709.067138671875,428.0740356445313,18.079525,9.065474,True
292,11.64,13,0.8156350255012512,696.85205078125,292.1558532714844,18.367043,4.3743544,True
292,11.64,14,0.8337252140045166,410.37890625,408.0105895996094,14.240327,8.157672,True
292,11.64,15,0.8278728723526001,725.5805358886719,427.54693603515625,18.29064,9.063378,True
293,11.68,0,0.9434898495674132,388.1762390136719,564.079833984375,13.930014,12.717154,True
293,11.68,1,0.8781062960624695,621.4296569824219,227.90830993652344,17.491575,1.6872141,True
293,11.68,4,0.8384538888931274,394.90452575683594,331.23126220703125,14.049574,5.483607,True
293,11.68,6,0.8905642628669739,534.2837524414062,520.2694702148438,15.715322,11.632549,True
293,11.68,8,0.9227476716041564,202.05204010009766,292.55029296875,11.232356,3.7775278,True
293,11.68,11,0.9261402487754822,531.8915405273438,402.9445190429688,15.848721,8.10596,True
293,11.68,12,0.694654643535614,712.0606994628906,411.9440307617188,18.167719,8.561044,True
293,11.68,13,0.845504879951477,699.5841979980469,283.0847473144531,18.438623,4.029391,True
293,11.68,14,0.8082946538925171,410.100830078125,400.6254577636719,14.239058,7.914936,True
293,11.68,15,0.8189757466316223,729.6786499023438,424.0714416503906,18.353853,8.95871,True
294,11.72,0,0.9407732486724854,386.0678405761719,562.0809936523438,13.905031,12.663091,True
294,11.72,1,0.8759542107582092,620.9565734863281,226.4134521484375,17.48913,1.6228248,True
294,11.72,4,0.8412647247314453,394.4270324707031,341.2359924316406,14.040927,5.8474703,True
294,11.72,6,0.8837645053863525,534.4302673339844,519.4342651367188,15.718179,11.609531,True
294,11.72,8,0.9186844825744628,201.3483657836914,291.9739685058594,11.22074,3.7537906,True
294,11.72,11,0.925926685333252,532.7541046142578,401.1298828125,15.8628025,8.047499,True
294,11.72,13,0.8356733918190002,701.491943359375,283.217529296875,18.465105,4.036875,True
294,11.72,14,0.8100435733795166,411.7737579345703,398.8591918945313,14.261957,7.8581524,True
294,11.72,15,0.7993313670158386,734.029541015625,422.3298950195313,18.414848,8.908091,True
294,11.72,12,0.588557779788971,695.5560302734375,395.0288696289063,18.007084,8.00107,True
295,11.76,0,0.9418026804924012,383.3094787597656,561.2125244140625,13.872148,12.638368,True
295,11.76,1,0.8826807141304016,621.2281188964844,225.3415679931641,17.496498,1.5774295,True
295,11.76,4,0.8332339525222778,394.1557312011719,343.8121643066406,14.036656,5.9400973,True
295,11.76,6,0.88358074426651,536.8556976318359,519.1558227539062,15.747932,11.603526,True
295,11.76,8,0.9147598147392272,201.454833984375,291.0562438964844,11.220407,3.7175062,True
295,11.76,11,0.917502224445343,535.3383941650391,400.6037902832031,15.897619,8.032718,True
295,11.76,12,0.6672178506851196,685.4059448242188,410.023193359375,17.830793,8.475767,True
295,11.76,13,0.8350470662117004,700.8378601074219,281.7723083496094,18.461214,3.980138,True
295,11.76,14,0.8098214268684387,410.5871887207031,399.2951354980469,14.245982,7.8714414,True
295,11.76,15,0.5219618678092957,732.2030029296875,422.3191833496094,18.39166,8.9061575,True
296,11.8,0,0.9432535767555236,381.20574951171875,560.9092407226562,13.847026,12.62899,True
296,11.8,1,0.8773307204246521,621.2991638183594,224.5692138671875,17.49995,1.544491,True
296,11.8,4,0.844020664691925,394.0846252441406,342.0867004394531,14.035989,5.87782,True
296,11.8,6,0.8784902095794678,534.6523742675781,515.6567993164062,15.725787,11.504792,True
296,11.8,8,0.919320583343506,200.65737915039062,289.78533935546875,11.205924,3.6659615,True
296,11.8,11,0.9156651496887208,537.7721405029297,399.0936584472656,15.9320135,7.985543,True
296,11.8,12,0.6095290184020996,715.4679870605469,416.2858276367188,18.197678,8.701707,True
296,11.8,13,0.8428404331207275,700.6623840332031,281.2603454589844,18.460629,3.9600766,True
296,11.8,14,0.8283426761627197,412.22686767578125,395.6408386230469,14.269133,7.751828,True
296,11.8,15,0.7629432082176208,733.2122802734375,423.178466796875,18.401667,8.933906,True
297,11.84,0,0.9390271902084352,379.79022216796875,561.9234008789062,13.830083,12.654892,True
297,11.84,1,0.874813437461853,621.7022094726562,223.3719482421875,17.509695,1.4937696,True
297,11.84,4,0.8274304270744324,393.59161376953125,342.0339050292969,14.029122,5.8753715,True
297,11.84,6,0.8792315721511841,534.4174652099609,514.64501953125,15.724254,11.4764385,True
297,11.84,8,0.9136070013046264,198.25540924072266,287.9294128417969,11.1663265,3.5889008,True
297,11.84,11,0.9173591136932372,540.4143218994141,398.9492492675781,15.967045,7.9833007,True
297,11.84,12,0.7428282499313354,717.4512329101562,414.8309326171875,18.227669,8.657465,True
297,11.84,13,0.8355553150177002,703.0183410644531,283.325439453125,18.486279,4.042925,True
297,11.84,14,0.8131275177001953,412.01690673828125,399.0958251953125,14.265119,7.8662143,True
297,11.84,15,0.7592392563819885,736.033935546875,426.1679992675781,18.427635,9.029563,True
298,11.88,0,0.9297193884849548,376.75315856933594,562.1491088867188,13.793803,12.658902,True
298,11.88,1,0.8815716505050659,622.7593383789062,221.0404357910156,17.532806,1.3951058,True
298,11.88,4,0.7820606231689453,391.162109375,337.9493713378906,13.995872,5.7247524,True
298,11.88,6,0.8701966404914856,517.8225402832031,514.2828979492188,15.522788,11.454498,True
298,11.88,8,0.8949129581451416,185.2976837158203,286.6415100097656,10.970628,3.52071,True
298,11.88,11,0.9159463047981262,545.3558197021484,397.7593383789063,16.03407,7.9489236,True
298,11.88,12,0.6466098427772522,719.9990844726562,413.0256958007813,18.266077,8.60253,True
298,11.88,13,0.8418113589286804,706.8446960449219,282.44464111328125,18.543663,4.0135846,True
298,11.88,14,0.8017471432685852,411.6270446777344,391.1248168945313,14.262682,7.6005826,True
298,11.88,15,0.795531690120697,737.2444763183594,429.5973205566406,18.43166,9.137018,True
299,11.92,0,0.9251583814620972,373.29302978515625,561.47705078125,13.752446,12.63891,True
299,11.92,1,0.893300473690033,623.3811645507812,219.91009521484372,17.545683,1.3472967,True
299,11.92,4,0.8021112084388733,389.3382568359375,336.0481872558594,13.970605,5.653533,True
299,11.92,6,0.9135296940803528,511.4895324707031,513.290771484375,15.446754,11.422244,True
299,11.92,8,0.8988773226737976,178.71356964111325,286.0938415527344,10.87118,3.4902508,True
299,11.92,11,0.9182175993919371,547.0622253417969,396.8969421386719,16.057983,7.9222045,True
299,11.92,13,0.8438503742218018,706.9710388183594,280.0311584472656,18.554573,3.9201949,True
299,11.92,14,0.822513997554779,411.7212677001953,395.3560791015625,14.262471,7.7418704,True
299,11.92,15,0.7857832908630371,737.3154296875,432.9084167480469,18.421679,9.2393265,True
300,11.96,0,0.9242099523544312,367.65850830078125,560.3425903320312,13.684992,12.605242,True
300,11.96,1,0.8957536816596985,624.2611083984375,218.17822265625,17.564363,1.2737691,True
300,11.96,4,0.804153323173523,387.9466247558594,343.46728515625,13.950188,5.920866,True
300,11.96,6,0.9154877662658693,509.0179901123047,511.8299865722656,15.418223,11.37957,True
300,11.96,8,0.919514536857605,173.04933166503906,284.16021728515625,10.78191,3.4052079,True
300,11.96,11,0.9132630825042723,547.3015289306641,396.353759765625,16.062042,7.9045672,True
300,11.96,13,0.8448560833930969,706.9270324707031,278.7455749511719,18.558823,3.8701649,True
300,11.96,14,0.7837914824485779,409.93748474121094,397.84228515625,14.237794,7.822714,True
300,11.96,15,0.7699615359306335,738.23583984375,433.92181396484375,18.429962,9.271308,True
301,12.0,0,0.9129623174667358,365.1636657714844,558.5364379882812,13.654963,12.555707,True
301,12.0,1,0.90652734041214,625.0070190429688,217.35659790039065,17.578182,1.2392946,True
301,12.0,4,0.801348090171814,387.09056091308594,323.3173522949219,13.940552,5.1823225,True
301,12.0,6,0.911374568939209,510.03485107421875,511.7283020019531,15.430749,11.377451,True
301,12.0,8,0.8816343545913696,164.46659851074216,283.7347412109375,10.652434,3.3768942,True
301,12.0,11,0.9112557172775269,547.9378814697266,395.1116333007813,16.072512,7.8642693,True
301,12.0,13,0.8459576368331909,708.0307006835938,278.3807373046875,18.57586,3.8573384,True
301,12.0,14,0.8187826871871948,410.8246612548828,397.1167602539063,14.249884,7.7995033,True
301,12.0,15,0.7407399415969849,732.4939575195312,436.2585144042969,18.350023,9.338212,True
302,12.04,0,0.9208611845970154,364.0159149169922,556.7355346679688,13.641025,12.507061,True
302,12.04,1,0.9050644636154176,625.2466430664062,216.0659942626953,17.5859,1.1836845,True
302,12.04,4,0.8252230882644653,394.20741271972656,324.18170166015625,14.041132,5.2226276,True
302,12.04,6,0.8857210278511047,535.3955383300781,510.5916137695313,15.741479,11.3638315,True
302,12.04,8,0.8345710039138794,160.74390411376953,282.1514892578125,10.592554,3.3081188,True
302,12.04,11,0.9059879779815674,548.3079376220703,395.10784912109375,16.077402,7.8644967,True
302,12.04,13,0.8535057902336121,709.7478637695312,276.1134338378906,18.6089,3.7710571,True
302,12.04,14,0.8376325964927673,406.9510955810547,397.9177551269531,14.19789,7.8223534,True
302,12.04,15,0.8076097965240479,736.64111328125,435.9001770019531,18.403402,9.33073,True
303,12.08,0,0.9085360765457152,361.31626892089844,553.7195434570312,13.6082535,12.424811,True
303,12.08,1,0.909745752811432,626.5096740722656,214.1610412597656,17.611025,1.1027248,True
303,12.08,4,0.8272293210029602,385.0963897705078,326.6024780273437,13.912001,5.3018765,True
303,12.08,6,0.9088814854621888,514.1957092285156,508.0894775390625,15.485706,11.278217,True
303,12.08,8,0.8330516815185547,151.54740524291992,282.5735168457031,10.455721,3.3131425,True
303,12.08,11,0.9040144085884094,548.0160522460938,396.059326171875,16.071957,7.895557,True
303,12.08,13,0.8566443920135498,709.9426879882812,273.10870361328125,18.623247,3.6536307,True
303,12.08,14,0.7980242371559143,406.2651062011719,404.9111633300781,14.186693,8.052355,True
303,12.08,15,0.8160379528999329,740.9209289550781,433.9227600097656,18.4638,9.273621,True
304,12.12,0,0.9231809377670288,359.94677734375,552.2099609375,13.591578,12.3835,True
304,12.12,1,0.9092623591423036,627.0890808105469,213.33541870117188,17.622421,1.0676063,True
304,12.12,4,0.8982216715812683,397.8331298828125,323.4175109863281,14.092575,5.198427,True
304,12.12,6,0.9127416610717772,517.5875549316406,506.7395629882813,15.528783,11.242634,True
304,12.12,8,0.8398346900939941,146.7714729309082,282.6549987792969,10.38426,3.310185,True
304,12.12,11,0.9091190695762634,547.7934265136719,396.2747192382813,16.068663,7.902434,True
304,12.12,13,0.8652042150497437,712.2710571289062,272.9352722167969,18.657063,3.6497598,True
304,12.12,14,0.7733713984489441,409.12860107421875,401.3368225097656,14.225875,7.9374833,True
304,12.12,15,0.857623279094696,742.3812255859375,431.6896057128906,18.489624,9.206077,True
305,12.16,0,0.9308517575263976,358.78631591796875,551.1786499023438,13.5774555,12.355078,True
305,12.16,1,0.9067037105560304,627.7975769042969,212.07716369628903,17.637182,1.013737,True
305,12.16,4,0.8084339499473572,387.00970458984375,329.7919311523437,13.938666,5.4217587,True
305,12.16,6,0.9104371666908264,516.7747650146484,505.4141845703125,15.520391,11.20462,True
305,12.16,8,0.8846915364265442,142.842041015625,285.560302734375,10.333476,3.4222856,True
305,12.16,11,0.9064443707466124,546.8322448730469,396.8589172363281,16.055016,7.9207363,True
305,12.16,13,0.8662675023078918,713.2589111328125,272.77740478515625,18.671738,3.644808,True
305,12.16,14,0.7760220766067505,411.1253967285156,401.8758850097656,14.252285,7.957149,True
305,12.16,15,0.8598141074180603,742.16064453125,431.4661865234375,18.487583,9.198995,True
306,12.2,0,0.93991881608963,359.80653381347656,549.9340209960938,13.589582,12.322328,True
306,12.2,1,0.9023926854133606,627.7848205566406,211.41302490234372,17.639147,0.984685,True
306,12.2,4,0.8483362793922424,386.8877868652344,329.1690673828125,13.937018,5.398682,True
306,12.2,6,0.9172004461288452,528.3993530273438,505.1134338378906,15.663122,11.204605,True
306,12.2,8,0.8780332207679749,139.33867645263672,288.9546203613281,10.290676,3.5540466,True
306,12.2,11,0.8922581672668457,544.9745178222656,397.6287231445313,16.029259,7.9442735,True
306,12.2,13,0.8631686568260193,714.0444946289062,272.4244689941406,18.6843,3.6319382,True
306,12.2,14,0.830178439617157,411.9122009277344,407.9419860839844,14.260668,8.156865,True
306,12.2,15,0.8510450124740601,743.6863708496094,430.8520202636719,18.508894,9.181339,True
307,12.24,0,0.9341360330581664,363.7164611816406,548.930419921875,13.636626,12.2979355,True
307,12.24,1,0.8961293697357178,628.350830078125,211.19146728515625,17.648417,0.97583276,True
307,12.24,4,0.8328527808189392,383.39256286621094,325.9786682128906,13.887974,5.276833,True
307,12.24,6,0.9089980721473694,523.7065734863281,504.6287536621094,15.606261,11.187479,True
307,12.24,8,0.8878324031829834,133.02619552612305,289.96881103515625,10.199257,3.5865066,True
307,12.24,11,0.8997952938079834,545.0213623046875,396.90087890625,16.03107,7.920399,True
307,12.24,13,0.8535735011100769,715.8045959472656,271.67236328125,18.712315,3.6046002,True
307,12.24,14,0.8400886654853821,417.9680938720703,398.0735473632813,14.344883,7.838068,True
307,12.24,15,0.823861837387085,745.8168029785156,430.3617248535156,18.53744,9.168018,True
308,12.28,0,0.9223118424415588,373.6960906982422,546.522216796875,13.756915,12.239707,True
308,12.28,1,0.8934394121170044,629.8951416015625,209.7669677734375,17.67641,0.9157309,True
308,12.28,4,0.8683620095252991,388.2344512939453,323.2082824707031,13.956764,5.1795864,True
308,12.28,6,0.9018896222114564,521.2951965332031,506.8203125,15.5740595,11.247607,True
308,12.28,8,0.9254538416862488,125.69009399414062,290.1053771972656,10.089985,3.5825233,True
308,12.28,11,0.8897005319595337,543.3790130615234,395.8153381347656,16.011183,7.8831177,True
308,12.28,13,0.8393543362617493,715.4786682128906,272.2421875,18.705433,3.626588,True
308,12.28,14,0.7575937509536743,425.54656982421875,388.8760986328125,14.450399,7.538807,True
308,12.28,15,0.8513072729110718,744.4986572265625,435.4657287597656,18.50374,9.324055,True
309,12.32,0,0.9250353574752808,372.8007507324219,545.7938842773438,13.746082,12.21945,True
309,12.32,1,0.8945394158363342,629.9921569824219,209.10060119628903,17.680069,0.8866365,True
309,12.32,4,0.8675458431243896,385.0172424316406,322.6704406738281,13.911247,5.1558614,True
309,12.32,6,0.8931869268417358,520.2569732666016,509.2817077636719,15.558402,11.316148,True
309,12.32,8,0.9194484353065492,125.78097534179688,291.5009155273437,10.095544,3.6384242,True
309,12.32,11,0.9049177169799804,543.8486175537109,394.4732055664063,16.019573,7.8393183,True
309,12.32,13,0.8597369194030762,716.0733642578125,274.6204833984375,18.704554,3.720608,True
309,12.32,14,0.7958454489707947,428.2511901855469,390.08056640625,14.486072,7.5818224,True
309,12.32,15,0.8287312984466553,747.5221252441406,442.7439270019531,18.517488,9.548737,True
310,12.36,0,0.9346031546592712,375.8339385986328,545.1201171875,13.782714,12.20328,True
310,12.36,1,0.8930153846740723,630.7594604492188,208.1392059326172,17.694849,0.8455417,True
310,12.36,4,0.8925368189811707,382.6764373779297,321.6908874511719,13.878136,5.116657,True
310,12.36,6,0.8955587148666382,518.1020965576172,512.5309448242188,15.528249,11.4057255,True
310,12.36,8,0.932472050189972,125.7633056640625,292.10858154296875,10.097105,3.662652,True
310,12.36,11,0.9018056392669678,541.5088806152344,394.050537109375,15.989346,7.823132,True
310,12.36,13,0.859419584274292,716.7378234863281,275.43511962890625,18.710796,3.7533069,True
310,12.36,14,0.7797724604606628,432.19635009765625,397.32666015625,14.534956,7.8269534,True
310,12.36,15,0.8216020464897156,745.0206909179688,446.38958740234375,18.474174,9.657083,True
310,12.36,16,0.7474020719528198,699.9920654296875,680.5585327148438,17.328743,15.713231,False
311,12.4,0,0.9331098198890686,386.0364227294922,544.8772583007812,13.905944,12.20356,True
311,12.4,1,0.8933337926864624,631.7655944824219,207.6092834472656,17.711836,0.82373655,True
311,12.4,4,0.8694905042648315,375.2183837890625,324.7861022949219,13.772342,5.223219,True
311,12.4,6,0.8799704909324646,514.3002014160156,515.3224487304688,15.478702,11.480993,True
311,12.4,8,0.9286845922470092,126.01830291748047,292.13458251953125,10.10099,3.664016,True
311,12.4,11,0.9056655764579772,539.9834747314453,393.4448852539063,15.970151,7.8016624,True
311,12.4,13,0.8650177121162415,717.3287353515625,276.5908203125,18.71465,3.799179,True
311,12.4,14,0.771881103515625,436.4944152832031,389.4447326660156,14.596903,7.568567,True
311,12.4,15,0.7583132386207581,748.6672058105469,432.0980224609375,18.56755,9.22404,True
312,12.44,0,0.9344705939292908,389.2738342285156,544.6996459960938,13.945042,12.200932,True
312,12.44,1,0.8927820920944214,632.6541137695312,207.5102386474609,17.725618,0.8207083,True
312,12.44,4,0.8734433650970459,371.05934143066406,325.05145263671875,13.713441,5.228286,True
312,12.44,6,0.852193295955658,512.7809600830078,519.7183227539062,15.455266,11.602149,True
312,12.44,8,0.9067070484161376,123.59976959228516,291.4306030273437,10.062743,3.632816,True
312,12.44,11,0.8923888802528381,539.0481109619141,394.79779052734375,15.955628,7.845451,True
312,12.44,13,0.8595133423805237,717.0430908203125,276.0033569335937,18.7129,3.7758908,True
312,12.44,14,0.8268979787826538,444.8662109375,391.8644714355469,14.707397,7.6575975,True
312,12.44,15,0.7703946232795715,750.3115844726562,411.1697387695313,18.660421,8.570809,True
312,12.44,16,0.767086386680603,706.6091918945312,672.1383056640625,17.418564,15.527268,False
312,12.44,17,0.835900604724884,747.70361328125,460.16204833984375,18.462585,10.071344,True
313,12.48,0,0.9343650341033936,392.8718566894531,544.0814208984375,13.988547,12.186638,True
313,12.48,1,0.8948734998703003,633.7595520019531,207.86740112304688,17.741158,0.8380768,True
313,12.48,4,0.8887835144996643,370.0511932373047,336.90362548828125,13.700014,5.66316,True
313,12.48,6,0.7987517714500427,517.3393096923828,522.6580200195312,15.507192,11.686682,True
313,12.48,8,0.8917659521102905,114.7790412902832,291.45135498046875,9.930943,3.6223133,True
313,12.48,11,0.8995264768600464,537.1712188720703,393.0133056640625,15.933635,7.7846975,True
313,12.48,13,0.8488414883613586,719.223876953125,274.6860046386719,18.749054,3.7271285,True
313,12.48,14,0.8347548246383667,449.100830078125,393.9831237792969,14.762461,7.732246,True
313,12.48,15,0.8723196387290955,759.6483764648438,433.34765625,18.701601,9.271859,True
313,12.48,17,0.8027684688568115,749.3004455566406,469.6207275390625,18.451735,10.351042,True
314,12.52,0,0.9315339922904968,392.1114807128906,544.4649047851562,13.97932,12.196492,True
314,12.52,1,0.8891134262084961,634.8760375976562,207.5899353027344,17.758986,0.8275424,True
314,12.52,4,0.8985539674758911,368.59283447265625,338.0706481933594,13.679643,5.7040367,True
314,12.52,6,0.8143919110298157,517.3726501464844,523.333251953125,15.506818,11.705338,True
314,12.52,8,0.8879718780517578,111.18326187133789,290.9234924316406,9.875469,3.5965788,True
314,12.52,11,0.9049703478813172,535.9243011474609,392.65625,15.917692,7.7716856,True
314,12.52,13,0.8436961770057678,719.6456909179688,274.4120178222656,18.75613,3.7169354,True
314,12.52,14,0.8863818645477295,451.4344787597656,393.5137634277344,14.793932,7.7188883,True
314,12.52,15,0.8768860697746277,761.7081604003906,437.5038757324219,18.71306,9.400991,True
314,12.52,17,0.775873064994812,751.5584716796875,473.529541015625,18.466877,10.466786,True
315,12.56,0,0.9322006702423096,391.0693359375,545.1658935546875,13.966659,12.214727,True
315,12.56,1,0.886752724647522,635.57373046875,206.2202606201172,17.774166,0.7682588,True
315,12.56,4,0.9003344774246216,367.31719970703125,340.0972900390625,13.661952,5.776256,True
315,12.56,6,0.8363574147224426,515.3356323242188,521.5256958007812,15.484213,11.653991,True
315,12.56,8,0.8825905323028564,106.72858047485352,290.19219970703125,9.806397,3.5615537,True
315,12.56,11,0.8983248472213745,536.4473571777344,392.9871826171875,15.924097,7.7831397,True
315,12.56,13,0.8435459136962891,719.1260681152344,274.0943298339844,18.750006,3.7038434,True
315,12.56,14,0.8847100138664246,458.32374572753906,393.1479797363281,14.8861,7.713368,True
315,12.56,15,0.8721742033958435,760.4100646972656,435.133056640625,18.704985,9.327322,True
315,12.56,16,0.7778719067573547,726.6837158203125,676.9006958007812,17.624985,15.643844,False
315,12.56,17,0.5462359189987183,752.031982421875,475.4250793457031,18.466585,10.522205,True
316,12.6,0,0.9285849332809448,389.0276794433594,546.0895385742188,13.941932,12.238283,True
316,12.6,1,0.8890987038612366,636.4483947753906,206.4759826660156,17.78655,0.78084576,True
316,12.6,4,0.8948618173599243,366.2938232421875,343.1606750488281,13.647959,5.886006,True
316,12.6,6,0.8260762691497803,520.1768493652344,520.4468383789062,15.544155,11.627541,True
316,12.6,8,0.8886064291000366,106.08058166503906,291.030029296875,9.799413,3.5942717,True
316,12.6,11,0.8685261011123657,550.2896423339844,391.0494689941406,16.110462,7.7322445,True
316,12.6,13,0.8328978419303894,720.4154968261719,272.69537353515625,18.773893,3.6506178,True
316,12.6,14,0.8917949199676514,469.1537322998047,391.4426879882813,15.031997,7.667059,True
316,12.6,15,0.8751811981201172,760.2141418457031,440.3924560546875,18.684351,9.487834,True
316,12.6,16,0.7764748930931091,730.6063232421875,666.3497924804688,17.69217,15.407749,False
316,12.6,17,0.5689602494239807,752.2818603515625,478.9000549316406,18.458504,10.622951,True
317,12.64,0,0.9321774244308472,392.30311584472656,545.5296630859375,13.981498,12.225371,True
317,12.64,1,0.8820141553878784,637.7735290527344,205.5832061767578,17.809664,0.74346083,True
317,12.64,4,0.9030532836914062,365.5798797607422,343.8612365722656,13.638064,5.910506,True
317,12.64,6,0.8477080464363098,523.1390838623047,519.9534301757812,15.580662,11.615962,True
317,12.64,8,0.8868838548660278,104.12267303466797,293.586669921875,9.778444,3.6938744,True
317,12.64,11,0.8691970705986023,551.0192260742188,389.7203063964844,16.122398,7.6888413,True
317,12.64,13,0.8557595014572144,720.4271545410156,273.8078308105469,18.769632,3.6942568,True
317,12.64,14,0.8824589252471924,470.53001403808594,383.0158386230469,15.058236,7.3858547,True
317,12.64,15,0.8751612901687622,758.2678833007812,435.9022216796875,18.675406,9.349085,True
317,12.64,16,0.6956311464309692,733.4766845703125,663.7965087890625,17.729443,15.351101,False
317,12.64,17,0.7231695652008057,755.6669616699219,480.4263000488281,18.494904,10.669533,True
318,12.68,0,0.9301041960716248,397.23561096191406,543.4137573242188,14.0413265,12.1715145,True
318,12.68,1,0.8680692315101624,641.3232727050781,205.34043884277344,17.86429,0.73808527,True
318,12.68,4,0.8979361057281494,364.4847869873047,343.4521789550781,13.622713,5.89454,True
318,12.68,6,0.8425998091697693,530.9144744873047,518.3766479492188,15.676911,11.577734,True
318,12.68,8,0.8352136015892029,102.7055435180664,300.6883239746094,9.780415,3.973553,True
318,12.68,11,0.8740066885948181,548.2660217285156,388.6369018554688,16.087757,7.650166,True
318,12.68,13,0.8287832736968994,723.5238647460938,271.2578125,18.823881,3.5980642,True
318,12.68,14,0.8576631546020508,478.4035949707031,388.7269592285156,15.158047,7.58539,True
318,12.68,15,0.8410414457321167,761.5741577148438,438.2896118164063,18.708656,9.424876,True
318,12.68,16,0.7408954501152039,739.8759460449219,664.2418212890625,17.797918,15.36433,False
318,12.68,17,0.8000738620758057,755.1709899902344,478.2358093261719,18.49591,10.605971,True
319,12.72,0,0.9188051223754884,401.3330078125,542.79736328125,14.090907,12.157592,True
319,12.72,1,0.8823086619377136,642.484375,205.57553100585935,17.881067,0.7502061,True
319,12.72,4,0.9086540937423706,364.4430236816406,343.1878356933594,13.622094,5.884949,True
319,12.72,6,0.8628233075141907,533.3152008056641,518.1864624023438,15.706274,11.574153,True
319,12.72,8,0.8810423016548157,103.54394149780273,304.82354736328125,9.806193,4.1370234,True
319,12.72,11,0.8707796931266785,554.5736389160156,387.2344665527344,16.173836,7.6095715,True
319,12.72,13,0.8159791231155396,723.4765625,271.35430908203125,18.822819,3.6017992,True
319,12.72,14,0.8569023013114929,487.61988830566406,371.4172058105469,15.300359,7.0084853,True
319,12.72,15,0.8482076525688171,759.6770629882812,441.8443298339844,18.67264,9.531533,True
319,12.72,17,0.8691915273666382,756.42041015625,477.9373779296875,18.512129,10.598302,True
320,12.76,0,0.9297356009483336,402.9457092285156,542.2894897460938,14.110484,12.144928,True
320,12.76,1,0.8959735631942749,643.1296081542969,205.0790863037109,17.892569,0.7292655,True
320,12.76,4,0.9065797924995422,366.4355773925781,341.7144470214844,13.649781,5.833879,True
320,12.76,6,0.8345025181770325,532.3312835693359,515.8982543945312,15.697277,11.509865,True
320,12.76,8,0.8883360624313354,105.97273254394531,306.4764099121094,9.847412,4.2046494,True
320,12.76,11,0.900053083896637,557.8348388671875,387.5260620117188,16.21657,7.622447,True
320,12.76,13,0.8218642473220825,725.8299255371094,270.6264343261719,18.859264,3.576142,True
320,12.76,14,0.8784180879592896,493.78955078125,371.4903259277344,15.383607,7.017248,True
320,12.76,15,0.8658971190452576,767.0601196289062,448.3168640136719,18.742468,9.733307,True
320,12.76,17,0.8775750994682312,750.0286865234375,477.528564453125,18.435358,10.581599,True
321,12.8,0,0.9272352457046508,406.19105529785156,541.3229370117188,14.149899,12.120926,True
321,12.8,1,0.901573121547699,643.8237915039062,205.56610107421875,17.901386,0.7518036,True
321,12.8,4,0.9132391214370728,367.0873718261719,342.7123107910156,13.659002,5.8706837,True
321,12.8,6,0.8514235615730286,535.6256103515625,516.3397216796875,15.736713,11.524487,True
321,12.8,8,0.8900466561317444,107.1405029296875,306.460693359375,9.86463,4.2054825,True
321,12.8,11,0.8842686414718628,564.3419189453125,387.6116333007813,16.30266,7.631597,True
321,12.8,13,0.7901151180267334,728.8875427246094,269.79266357421875,18.906208,3.5471828,True
321,12.8,14,0.858680009841919,500.475341796875,369.95709228515625,15.475785,6.97145,True
321,12.8,15,0.8534440398216248,765.1579895019531,454.3362426757813,18.698132,9.912119,True
321,12.8,17,0.8741589784622192,749.4268798828125,476.7219543457031,18.43057,10.557794,True
322,12.84,0,0.9233471751213074,410.27149963378906,540.7432861328125,14.199339,12.107964,True
322,12.84,1,0.9042617082595824,644.3523254394531,206.62155151367188,17.905708,0.79911494,True
322,12.84,4,0.910201370716095,369.5646667480469,342.6537475585937,13.693624,5.8712974,True
322,12.84,6,0.861527144908905,536.8670043945312,515.6386108398438,15.752712,11.50586,True
322,12.84,8,0.8970520496368408,110.21916580200195,306.036865234375,9.908819,4.1927524,True
322,12.84,11,0.8904656171798706,567.9121704101562,386.4931335449219,16.352068,7.5977993,True
322,12.84,13,0.7968869209289551,728.5559692382812,269.49395751953125,18.902706,3.534988,True
322,12.84,14,0.8612727522850037,509.98809814453125,366.3419494628906,15.609153,6.8567634,True
322,12.84,15,0.854331910610199,764.084228515625,467.1180419921875,18.64164,10.289312,True
322,12.84,17,0.8633195161819458,750.898681640625,487.9006042480469,18.413115,10.88015,True
323,12.88,0,0.9198479056358336,414.77272033691406,538.7953491210938,14.254304,12.058112,True
323,12.88,1,0.909626841545105,649.2463073730469,208.18411254882807,17.974203,0.8751351,True
323,12.88,4,0.9095556735992432,374.6258544921875,340.6258239746094,13.764297,5.803515,True
323,12.88,6,0.8540399670600891,543.6045532226562,518.5451049804688,15.8305235,11.59136,True
323,12.88,8,0.8691983222961426,108.41693115234375,305.59130859375,9.880767,4.1731105,True
323,12.88,11,0.8808110356330872,575.0850219726562,386.3211364746094,16.447453,7.599025,True
323,12.88,13,0.8146225214004517,728.5027465820312,267.8293762207031,18.908772,3.4692059,True
323,12.88,14,0.813615620136261,533.6848449707031,360.7000427246094,15.938533,6.685929,True
323,12.88,15,0.8656938672065735,766.7330932617188,469.6958312988281,18.665522,10.366812,True
323,12.88,17,0.8362641334533691,750.761962890625,524.2908325195312,18.299732,11.892702,True
324,12.92,0,0.91493558883667,417.6891784667969,538.4388427734375,14.289681,12.050398,True
324,12.92,1,0.904672145843506,651.7136535644531,209.1970672607422,18.007849,0.92323697,True
324,12.92,4,0.9039044976234436,375.2621154785156,341.3069763183594,13.773208,5.828883,True
324,12.92,6,0.8622676730155945,546.4391632080078,517.09765625,15.866881,11.553209,True
324,12.92,8,0.8987709879875183,109.86873626708984,305.7966613769531,9.902886,4.182936,True
324,12.92,11,0.8593516945838928,582.5227966308594,385.1280212402344,16.548378,7.5664616,True
324,12.92,13,0.8548942804336548,730.94970703125,274.84869384765625,18.914835,3.7481992,True
324,12.92,14,0.8408275842666626,538.9373779296875,363.2644958496094,16.005445,6.78022,True
324,12.92,15,0.8470078110694885,769.5024108886719,470.2504577636719,18.697617,10.385157,True
324,12.92,17,0.860295832157135,748.3876037597656,534.3937377929688,18.241716,12.163631,True
325,12.96,0,0.9196510314941406,419.37904357910156,537.4439086914062,14.310455,12.024472,True
325,12.96,1,0.9002445340156555,651.9391784667969,208.57986450195312,18.013454,0.8965167,True
325,12.96,4,0.9134405851364136,375.5474090576172,343.3446350097656,13.777221,5.902825,True
325,12.96,6,0.8690457344055176,546.1878662109375,516.910400390625,15.864097,11.547832,True
325,12.96,8,0.8951665163040161,108.0502700805664,305.51318359375,9.875096,4.1696014,True
325,12.96,11,0.8405197262763977,588.0440979003906,384.29876708984375,16.623247,7.544152,True
325,12.96,13,0.8340455889701843,728.2657775878906,271.21337890625,18.891548,3.6023164,True
325,12.96,14,0.8405271172523499,542.3192749023438,356.4383544921875,16.062832,6.5465,True
325,12.96,15,0.8707706928253174,770.4828796386719,463.6222839355469,18.73219,10.191631,True
325,12.96,17,0.8871322274208069,749.9374389648438,547.7091674804688,18.221025,12.518339,True
326,13.0,0,0.9261282086372375,421.7662048339844,535.10107421875,14.340188,11.962211,True
326,13.0,1,0.8913875818252563,653.0584106445312,208.1512908935547,18.031883,0.87938267,True
326,13.0,4,0.9152255654335022,375.0712585449219,346.6788024902344,13.770629,6.022281,True
326,13.0,6,0.8737181425094604,549.4373168945312,515.2656860351562,15.905834,11.504412,True
326,13.0,8,0.8913471698760986,107.17591094970703,303.9730834960937,9.857283,4.1082373,True
326,13.0,11,0.8410056829452515,595.0079956054688,384.2477722167969,16.715601,7.549226,True
326,13.0,13,0.86583012342453,727.8150939941406,271.3517150878906,18.884571,3.607185,True
326,13.0,14,0.878609836101532,547.0374145507812,355.3081970214844,16.128925,6.5119424,True
326,13.0,15,0.8624646663665771,772.0316467285156,466.4832153320313,18.74146,10.276923,True
326,13.0,17,0.8908147215843201,748.5804748535156,545.6231689453125,18.211224,12.4624605,True
327,13.04,0,0.9286391139030457,423.62315368652344,535.1322021484375,14.362669,11.964333,True
327,13.04,1,0.868714451789856,655.4264831542969,207.1354217529297,18.071306,0.8383023,True
327,13.04,4,0.9154796004295348,377.1433563232422,348.9175720214844,13.799468,6.104746,True
327,13.04,6,0.85833740234375,551.9598388671875,515.8438110351562,15.935606,11.522284,True
327,13.04,8,0.8993358016014099,106.86154174804688,303.5970458984375,9.851431,4.0931044,True
327,13.04,11,0.8364637494087219,599.95751953125,384.6292419433594,16.780285,7.566765,True
327,13.04,13,0.8682230710983276,727.280029296875,271.85809326171875,18.874899,3.6264071,True
327,13.04,14,0.873080313205719,553.3390808105469,356.2836608886719,16.212776,6.552627,True
327,13.04,15,0.8773326277732849,777.3511657714844,472.238525390625,18.786968,10.449156,True
327,13.04,17,0.8814384341239929,748.1148376464844,545.6618041992188,18.20567,12.463179,True
328,13.08,0,0.93404358625412,431.11938476562506,533.4630737304688,14.4541645,11.923852,True
328,13.08,1,0.8653656244277954,654.7073974609375,207.9907989501953,18.057354,0.8747991,True
328,13.08,4,0.9125075340270996,382.7255554199219,351.193603515625,13.87688,6.1920204,True
328,13.08,6,0.8672042489051819,553.5489196777344,514.4739379882812,15.956876,11.485292,True
328,13.08,8,0.8925610184669495,108.8338394165039,303.8327941894531,9.881401,4.1048064,True
328,13.08,11,0.851752758026123,610.7593994140625,383.2862854003906,16.92624,7.5324564,True
328,13.08,13,0.900823175907135,727.9250183105469,273.5314636230469,18.87727,3.6928613,True
328,13.08,14,0.8445895910263062,560.8737487792969,360.4959411621094,16.307018,6.7070003,True
328,13.08,15,0.8901132345199585,782.421630859375,470.79827880859375,18.854,10.411153,True
328,13.08,17,0.8680909872055054,742.6894226074219,545.0891723632812,18.143883,12.444532,True
329,13.12,0,0.9351431131362916,432.568359375,534.5631103515625,14.471219,11.954914,True
329,13.12,1,0.867110013961792,653.5689086914062,208.83773803710935,18.037125,0.9102516,True
329,13.12,4,0.9163151979446412,385.563720703125,352.4800720214844,13.916105,6.240854,True
329,13.12,6,0.886452317237854,553.7388916015625,514.566650390625,15.959045,11.48801,True
329,13.12,8,0.8989397287368774,108.53607940673828,304.3534851074219,9.878632,4.124834,True
329,13.12,11,0.8461998701095581,619.0083618164062,382.94482421875,17.036154,7.5290866,True
329,13.12,13,0.8923759460449219,728.4852294921875,273.6479187011719,18.884752,3.6981273,True
329,13.12,14,0.8525159955024719,567.9641723632812,357.88409423828125,16.408005,6.623652,True
329,13.12,15,0.8986215591430664,783.85888671875,470.9422302246094,18.871088,10.416459,True
329,13.12,17,0.8355565071105957,742.9979858398438,547.4064331054688,18.140882,12.505888,True
330,13.16,0,0.9394847750663756,434.8730773925781,535.4789428710938,14.498684,11.981487,True
330,13.16,1,0.8799712061882019,650.8997802734375,209.4070281982422,17.994823,0.9312241,True
330,13.16,4,0.931002914905548,387.96630859375,350.8138427734375,13.9495735,6.184138,True
330,13.16,6,0.8912455439567566,555.4363098144531,513.828125,15.980734,11.468643,True
330,13.16,8,0.9055371284484864,108.04710388183594,304.7132873535156,9.872526,4.1383114,True
330,13.16,11,0.8544556498527527,626.7789001464844,382.6450500488281,17.139606,7.526644,True
330,13.16,13,0.8957367539405823,729.0372314453125,273.71435546875,18.89232,3.701423,True
330,13.16,14,0.8644382953643799,570.5413208007812,356.2228088378906,16.446217,6.56848,True
330,13.16,15,0.9126870632171632,786.2745056152344,473.356201171875,18.892178,10.488511,True
330,13.16,17,0.8372661471366882,746.4582214355469,546.0776977539062,18.18511,12.473084,True
331,13.2,0,0.9361809492111206,440.99586486816406,536.268310546875,14.572313,12.00718,True
331,13.2,1,0.858465850353241,650.1848449707031,208.76837158203125,17.986303,0.9021693,True
331,13.2,4,0.9238640666007996,389.5120544433594,353.3207397460937,13.970657,6.2749476,True
331,13.2,6,0.8203122019767761,564.1160583496094,509.6644287109375,16.092531,11.35851,True
331,13.2,8,0.8988500237464905,108.17304992675781,304.4952392578125,9.873703,4.1299324,True
331,13.2,11,0.8824130892753601,630.8960266113281,383.2196960449219,17.192564,7.5498214,True
331,13.2,13,0.8838769197463989,728.6207275390625,272.1976013183594,18.892582,3.6414316,True
331,13.2,14,0.8507482409477234,574.1716918945312,352.14337158203125,16.503757,6.429628,True
331,13.2,15,0.9214773178100586,786.42822265625,478.9306945800781,18.874596,10.649809,True
331,13.2,17,0.8288607597351074,742.4215698242188,539.815185546875,18.155842,12.304471,True
332,13.24,0,0.9238126873970032,447.4141540527344,537.6114501953125,14.6490755,12.048087,True
332,13.24,1,0.8360230922698975,647.6248779296875,208.6153564453125,17.948195,0.89164186,True
332,13.24,4,0.9270278215408324,390.82501220703125,356.6171875,13.988326,6.393044,True
332,13.24,6,0.7990891933441162,569.3290710449219,509.1850280761719,16.156698,11.348828,True
332,13.24,8,0.8979960083961487,109.31632232666016,304.592041015625,9.890936,4.1351447,True
332,13.24,11,0.9027831554412842,634.2994995117188,382.1126403808594,17.240316,7.5161924,True
332,13.24,13,0.8664252758026123,727.2453918457031,269.53253173828125,18.883875,3.534844,True
332,13.24,14,0.8404524326324463,577.532958984375,354.2402038574219,16.545053,6.5065804,True
332,13.24,15,0.9272794723510742,787.8849182128906,483.7156372070313,18.87568,10.788275,True
332,13.24,17,0.8433665633201599,739.6393432617188,549.5376586914062,18.095644,12.559813,True
333,13.28,0,0.9232351779937744,442.3043212890625,537.436767578125,14.5875025,12.039868,True
333,13.28,1,0.8402144908905029,640.7244873046875,212.71702575683597,17.829937,1.0607842,True
333,13.28,4,0.9004234671592712,397.0142822265625,354.10888671875,14.074232,6.3109202,True
333,13.28,6,0.8668801784515381,566.167724609375,508.9949951171875,16.11854,11.341226,True
333,13.28,8,0.8963307738304138,113.06182098388672,304.37139892578125,9.945693,4.13117,True
333,13.28,11,0.8791384100914001,637.6624755859375,380.5576477050781,17.288752,7.4674964,True
333,13.28,13,0.8333767056465149,722.8417358398438,269.389404296875,18.82169,3.5236027,True
333,13.28,14,0.8704433441162109,585.6294555664062,344.37420654296875,16.676317,6.1678224,True
333,13.28,15,0.8951289653778076,786.8280944824219,497.14837646484375,18.816835,11.168371,True
333,13.28,17,0.8497991561889648,725.972412109375,565.4942626953125,17.893284,12.966421,True
334,13.32,0,0.9136047959327698,451.0657043457031,537.0665893554688,14.693453,12.035756,True
334,13.32,1,0.8400102853775024,638.4463806152344,214.2198638916016,17.790554,1.1228659,True
334,13.32,4,0.8982855081558228,397.20440673828125,353.7120361328125,14.076945,6.2970595,True
334,13.32,6,0.8478349447250366,571.0520935058594,508.9640808105469,16.178009,11.343877,True
334,13.32,8,0.8986986875534058,113.09451293945312,304.4086303710937,9.946292,4.1326675,True
334,13.32,11,0.8544484376907349,637.4762878417969,375.68402099609375,17.298918,7.303648,True
334,13.32,13,0.834701418876648,720.1193237304688,266.39727783203125,18.794868,3.4017925,True
334,13.32,14,0.8692772388458252,590.2643737792969,344.0625305175781,16.74028,6.161744,True
334,13.32,15,0.8802453875541687,784.2366638183594,498.3275146484375,18.781702,11.199598,True
334,13.32,17,0.8726485371589661,719.3973693847656,570.4339599609375,17.804405,13.089261,True
335,13.36,0,0.9187491536140442,452.09259033203125,536.3170776367188,14.706301,12.016065,True
335,13.36,1,0.7825225591659546,633.8063049316406,215.4477996826172,17.716661,1.1694081,True
335,13.36,4,0.9082529544830322,399.0694122314453,356.4440002441406,14.102069,6.395686,True
335,13.36,6,0.8359232544898987,571.4394836425781,508.9017333984375,16.182821,11.342408,True
335,13.36,8,0.8963133096694946,116.2303237915039,304.3327941894531,9.992465,4.1336017,True
335,13.36,11,0.8821614980697632,640.1548156738281,374.7164306640625,17.336998,7.273669,True
335,13.36,13,0.8348696231842041,717.9466247558594,267.053466796875,18.761185,3.4250162,True
335,13.36,14,0.8768267631530762,598.5537719726562,344.9224548339844,16.851372,6.201097,True
335,13.36,15,0.8965842127799988,783.947998046875,497.7047424316406,18.78033,11.181908,True
335,13.36,17,0.8456965684890747,720.3573608398438,573.29736328125,17.80805,13.163039,True
336,13.4,0,0.9122297763824464,457.5309753417969,536.3914184570312,14.771881,12.021788,True
336,13.4,1,0.7558068633079529,632.1768493652344,216.447998046875,17.688873,1.2104149,True
336,13.4,4,0.9207634329795836,400.0266571044922,358.820556640625,14.114683,6.4804325,True
336,13.4,6,0.868675947189331,570.4342651367188,507.8237915039063,16.17233,11.311445,True
336,13.4,8,0.9028890132904052,117.49411010742188,303.7958679199219,10.009529,4.1141534,True
336,13.4,11,0.8831948041915894,638.9526062011719,370.4501037597656,17.332247,7.128039,True
336,13.4,13,0.8327848315238953,715.3363037109375,264.7524108886719,18.733007,3.3303354,True
336,13.4,14,0.844698965549469,603.4336242675781,347.9028625488281,16.910795,6.3115396,True
336,13.4,15,0.9095482230186462,780.9472045898438,498.811279296875,18.740555,11.210785,True
336,13.4,17,0.8831959962844849,708.0949401855469,573.3516845703125,17.666702,13.156977,True
337,13.44,0,0.8936042189598083,464.35333251953125,535.6085815429688,14.854718,12.005129,True
337,13.44,1,0.780161440372467,632.0130920410156,209.71934509277344,17.708578,0.9167975,True
337,13.44,4,0.8977595567703247,402.51116943359375,348.6408386230469,14.1516485,6.1223307,True
337,13.44,6,0.8822804689407349,571.896484375,507.0946960449219,16.191315,11.292025,True
337,13.44,8,0.9098429083824158,118.80561447143555,303.4668273925781,10.027943,4.1028976,True
337,13.44,11,0.8541808128356934,643.5645141601562,370.4914245605469,17.393543,7.1340604,True
337,13.44,13,0.8413941264152527,712.6250610351562,265.654052734375,18.690619,3.362684,True
337,13.44,14,0.8246535658836365,614.9866638183594,342.91436767578125,17.08016,6.1475677,True
337,13.44,15,0.926567554473877,778.6774597167969,497.7662658691406,18.716755,11.179809,True
337,13.44,17,0.8760201930999756,696.7201843261719,572.9103393554688,17.536648,13.1387825,True
338,13.48,0,0.8954675793647766,482.3172302246094,534.8120727539062,15.071926,11.995684,True
338,13.48,1,0.7873305082321167,628.3869018554688,209.70411682128903,17.653814,0.910727,True
338,13.48,4,0.8949735760688782,408.9562530517578,359.600830078125,14.237246,6.51726,True
338,13.48,6,0.8340330719947815,585.0618591308594,507.119384765625,16.351492,11.302234,True
338,13.48,8,0.9046477675437928,122.56235885620117,298.86639404296875,10.069752,3.9267025,True
338,13.48,11,0.8495368361473083,652.5647888183594,366.3161010742188,17.524895,7.0009656,True
338,13.48,13,0.8343574404716492,708.621826171875,270.4629211425781,18.614645,3.5478709,True
338,13.48,14,0.821569561958313,622.9729309082031,342.71875,17.189445,6.1492057,True
338,13.48,15,0.920190453529358,776.1528930664062,498.1871948242188,18.685,11.189797,True
338,13.48,17,0.8608964681625366,679.6170654296875,574.2122192382812,17.336218,13.161644,True
338,13.48,16,0.5749883651733398,779.8853454589844,646.4447631835938,18.2804,14.975347,True
339,13.52,0,0.8692324757575989,487.94586181640625,534.4078369140625,15.1401,11.988515,True
339,13.52,1,0.8140867352485657,627.0827331542969,216.5458526611328,17.611979,1.2071956,True
339,13.52,4,0.8571586608886719,411.0059814453125,361.7633972167969,14.264632,6.5951943,True
339,13.52,6,0.7833592295646667,576.7880859375,507.3792419433594,16.250393,11.303553,True
339,13.52,8,0.917259395122528,124.916259765625,297.09014892578125,10.099408,3.8594844,True
339,13.52,11,0.8178428411483765,655.9810180664062,362.5803833007813,17.581022,6.876556,True
339,13.52,13,0.8463068604469299,706.1852111816406,268.3432006835937,18.588024,3.4610443,True
339,13.52,14,0.8215162754058838,623.573974609375,342.55352783203125,17.19806,6.143993,True
339,13.52,15,0.9288944602012634,773.9213562011719,499.3697814941406,18.654278,11.22136,True
339,13.52,17,0.8784919381141663,669.52587890625,573.3218994140625,17.221651,13.132737,True
340,13.56,0,0.872092068195343,491.6495056152344,534.1419067382812,15.184959,11.9838,True
340,13.56,1,0.8381530046463013,625.2655944824219,215.0041961669922,17.58958,1.1375815,True
340,13.56,4,0.8715266585350037,412.1356964111328,388.6405944824219,14.270387,7.517769,True
340,13.56,6,0.8102541565895081,578.610107421875,507.3713684082031,16.272577,11.304648,True
340,13.56,8,0.9220443964004515,126.93181610107422,296.6820678710937,10.128168,3.8458853,True
340,13.56,11,0.8121961355209351,662.2963256835938,357.7640686035156,17.679455,6.7171626,True
340,13.56,13,0.8300350904464722,704.6151123046875,266.7680358886719,18.571623,3.3966255,True
340,13.56,14,0.8229683041572571,626.0711364746094,342.8165283203125,17.231373,6.1559963,True
340,13.56,15,0.9371033310890198,772.7510070800781,502.8201293945313,18.628942,11.31703,True
340,13.56,17,0.8744370341300964,665.6752014160156,575.8448486328125,17.17162,13.194858,True
341,13.6,0,0.8887432217597961,492.98744201660156,532.705078125,15.202427,11.945554,True
341,13.6,1,0.8250624537467957,622.9197387695312,215.61233520507807,17.552322,1.1605666,True
341,13.6,4,0.876543402671814,413.3191223144531,357.6955871582031,14.297913,6.4548965,True
341,13.6,6,0.8624882102012634,586.236083984375,507.4238586425781,16.36524,11.311627,True
341,13.6,8,0.920595109462738,129.51992797851562,296.7088623046875,10.166734,3.8502243,True
341,13.6,11,0.8390383124351501,664.1793212890625,354.9032287597656,17.713127,6.6200476,True
341,13.6,13,0.8241644501686096,702.4262084960938,265.109619140625,18.546625,3.3279238,True
341,13.6,14,0.8551353216171265,628.9272155761719,342.60699462890625,17.2708,6.1516347,True
341,13.6,15,0.9423488974571228,770.0019226074219,510.6131896972656,18.570885,11.531448,True
341,13.6,17,0.882163941860199,656.80419921875,578.3174438476562,17.063942,13.252489,True
342,13.64,0,0.911456286907196,499.2314758300781,532.3345947265625,15.27805,11.93972,True
342,13.64,1,0.8440878391265869,620.9809875488281,215.5398101806641,17.52336,1.1545659,True
342,13.64,4,0.8983213901519775,414.8956756591797,353.9347839355469,14.321108,6.3238425,True
342,13.64,6,0.8729522824287415,583.2036437988281,507.2161560058594,16.328722,11.303609,True
342,13.64,8,0.9262174367904664,131.58973693847656,295.5672912597656,10.1941805,3.807628,True
342,13.64,11,0.854849636554718,667.9725952148438,352.9901733398437,17.769814,6.5575237,True
342,13.64,13,0.810442328453064,701.1423645019531,263.60223388671875,18.533972,3.2662175,True
342,13.64,15,0.9423656463623048,766.6299438476562,512.9725341796875,18.523157,11.594154,True
342,13.64,17,0.8586089015007019,653.1124877929688,576.46630859375,17.025202,13.203097,True
343,13.68,0,0.9252408146858216,508.68927001953125,531.4733276367188,15.392907,11.922693,True
343,13.68,1,0.8564651012420654,620.557373046875,215.1035919189453,17.51835,1.134977,True
343,13.68,4,0.8882750868797302,415.67161560058594,358.384033203125,14.329985,6.481595,True
343,13.68,6,0.8491633534431458,585.5608215332031,510.2936401367188,16.352055,11.391515,True
343,13.68,8,0.9243061542510986,131.2520294189453,295.3402099609375,10.188492,3.7981942,True
343,13.68,11,0.7540451884269714,672.988525390625,350.60797119140625,17.84454,6.479755,True
343,13.68,13,0.8204512596130371,699.6584167480469,261.4942932128906,18.520702,3.1800656,True
343,13.68,14,0.8443175554275513,636.1255493164062,338.5572204589844,17.379782,6.0154557,True
343,13.68,15,0.9273094534873962,758.2992553710938,522.9178466796875,18.393196,11.860545,True
343,13.68,17,0.8802568316459656,631.783935546875,586.000244140625,16.760286,13.432182,True
344,13.72,0,0.9199075102806092,512.5619201660156,530.9246826171875,15.440164,11.910368,True
344,13.72,1,0.8345082402229309,620.1849975585938,214.62364196777344,17.514246,1.1135446,True
344,13.72,4,0.8787274360656738,415.78636169433594,362.2215270996094,14.329994,6.616213,True
344,13.72,6,0.8104928731918335,591.1997985839844,509.228271484375,16.422365,11.365765,True
344,13.72,8,0.9253523945808412,131.11533737182617,294.7745056152344,10.184805,3.775573,True
344,13.72,11,0.826530396938324,677.363525390625,348.97576904296875,17.90852,6.427318,True
344,13.72,13,0.8015880584716797,698.131103515625,261.6759033203125,18.498043,3.1853497,True
344,13.72,14,0.8401458859443665,639.2826538085938,335.5254211425781,17.431255,5.910588,True
344,13.72,15,0.9106388092041016,754.0885314941406,524.4224243164062,18.33874,11.898545,True
344,13.72,17,0.8740691542625427,621.0584106445312,588.8088989257812,16.631716,13.496598,True
345,13.76,0,0.9314360618591307,516.4672393798828,529.5142211914062,15.48881,11.874497,True
345,13.76,1,0.8432915210723877,619.855224609375,214.38682556152344,17.510017,1.1027474,True
345,13.76,4,0.8768807053565979,416.31153869628906,364.6171875,14.336204,6.7003264,True
345,13.76,6,0.8286738991737366,587.0344848632812,501.3237609863281,16.38566,11.14033,True
345,13.76,8,0.9172971248626708,132.22405242919922,294.6934814453125,10.201076,3.773767,True
345,13.76,11,0.7286388874053955,679.000244140625,344.4259338378906,17.944845,6.2693696,True
345,13.76,13,0.776246190071106,695.3825378417969,264.0283508300781,18.449657,3.2757683,True
345,13.76,14,0.8323554396629333,645.4920959472656,333.34625244140625,17.522314,5.8392506,True
345,13.76,15,0.9194654822349548,750.2740478515625,522.1605834960938,18.300333,11.834439,True
345,13.76,17,0.862909734249115,611.4306945800781,597.1583251953125,16.506472,13.699948,True
346,13.8,0,0.9250553250312804,519.2826080322266,527.9498291015625,15.524561,11.833601,True
346,13.8,1,0.8464032411575317,618.7089233398438,214.20314025878903,17.493309,1.0930558,True
346,13.8,4,0.8721849918365479,416.5641784667969,364.8287963867188,14.339572,6.7079554,True
346,13.8,6,0.8228626847267151,589.4218139648438,505.1033325195313,16.40808,11.248722,True
346,13.8,8,0.9212465882301332,133.5943717956543,293.0382080078125,10.216679,3.7097142,True
346,13.8,11,0.7969986200332642,685.4289245605469,345.4024353027344,18.02862,6.3105454,True
346,13.8,13,0.7423896789550781,689.3649291992188,273.4901428222656,18.328606,3.6426356,True
346,13.8,14,0.744645893573761,652.141357421875,333.1451721191406,17.613848,5.839317,True
346,13.8,15,0.910090982913971,743.6317138671875,522.0115356445312,18.221943,11.82582,True
346,13.8,17,0.8487377166748047,606.9602966308594,605.464599609375,16.44127,13.903166,True
347,13.84,0,0.8966438174247742,522.4769592285156,527.3445434570312,15.563814,11.819213,True
347,13.84,1,0.8569613695144653,618.0931701660156,212.6415557861328,17.488892,1.0240194,True
347,13.84,4,0.8989481329917908,418.36224365234375,373.1437683105469,14.360588,6.997393,True
347,13.84,6,0.8380945920944214,594.2615356445312,509.1849365234375,16.459602,11.366751,True
347,13.84,8,0.9210788607597352,135.6200828552246,291.3342590332031,10.2419615,3.6443968,True
347,13.84,11,0.8236484527587891,687.9834899902344,345.8992614746094,18.061506,6.3307037,True
347,13.84,13,0.7307834029197693,685.9154357910156,307.8309631347656,18.159365,4.9519877,True
347,13.84,15,0.919038474559784,736.7379760742188,521.3053588867188,18.142118,11.801825,True
347,13.84,17,0.8547916412353516,606.7499389648438,609.0060424804688,16.432941,13.990134,True
348,13.88,0,0.8950541019439697,533.0619964599609,526.2396240234375,15.692888,11.796222,True
348,13.88,1,0.8589426279067993,617.4429321289062,210.9545135498047,17.484333,0.9492485,True
348,13.88,4,0.8946324586868286,419.9433898925781,372.6903381347656,14.382272,6.983414,True
348,13.88,6,0.8433689475059509,595.9104614257812,507.6669921875,16.482372,11.325424,True
348,13.88,8,0.9153101444244384,141.22469329833984,283.8197631835937,10.304284,3.3499985,True
348,13.88,11,0.8855090737342834,692.9910888671875,345.01171875,18.131983,6.3048277,True
348,13.88,13,0.8072715997695923,674.1116333007812,308.03204345703125,17.994625,4.9457626,True
348,13.88,15,0.8888458609580994,720.2705993652344,524.9696044921875,17.936129,11.89032,True
348,13.88,17,0.8553377985954285,596.7850952148438,611.5808715820312,16.315548,14.047647,True
348,13.88,14,0.5521586537361145,667.4537353515625,334.5439453125,17.818777,5.906178,True
349,13.92,0,0.895137369632721,536.444091796875,528.2577514648438,15.731063,11.853872,True
349,13.92,1,0.868897020816803,616.0136108398438,210.0982208251953,17.465378,0.90957445,True
349,13.92,4,0.8763653635978699,419.57237243652344,370.8055114746094,14.378059,6.918127,True
349,13.92,6,0.8329492211341858,597.8912048339844,509.4083862304688,16.503233,11.375607,True
349,13.92,8,0.91084623336792,146.06072235107422,280.04638671875,10.366279,3.2035325,True
349,13.92,11,0.9091474413871764,695.1509704589844,344.0571594238281,18.164293,6.2735476,True
349,13.92,13,0.718744695186615,675.9720764160156,298.5119323730469,18.052097,4.590666,True
349,13.92,15,0.8978819847106934,715.6354675292969,533.322021484375,17.85848,12.112987,True
349,13.92,17,0.8223376274108887,595.9296875,608.3289794921875,16.311014,13.967428,True
349,13.92,14,0.5632420182228088,671.1054382324219,325.4691162109375,17.89702,5.5832987,True
350,13.96,0,0.8692939281463623,540.9822387695312,531.5326538085938,15.781352,11.946408,True
350,13.96,1,0.8675431609153748,613.8633422851562,209.06280517578125,17.436022,0.8608849,True
350,13.96,4,0.88102787733078,419.6490478515625,372.1946411132813,14.37849,6.9660616,True
350,13.96,6,0.8378538489341736,595.4148254394531,503.35052490234375,16.484217,11.203699,True
350,13.96,8,0.9159020781517028,149.84784698486328,276.5028686523437,10.413438,3.0642297,True
350,13.96,11,0.9101852774620056,695.3155517578125,343.2343139648437,18.16924,6.244747,True
350,13.96,13,0.7345560193061829,675.62646484375,309.73272705078125,18.0101,5.0107884,True
350,13.96,15,0.9033462405204772,711.7405395507812,537.2862548828125,17.801935,12.216717,True
350,13.96,17,0.8585509657859802,596.1553039550781,610.6367797851562,16.309898,14.024179,True
350,13.96,14,0.5052662491798401,677.0384826660156,320.1219177246094,17.995724,5.395252,True
351,14.0,0,0.8499991297721863,548.728271484375,535.7940673828125,15.868471,12.067403,True
351,14.0,1,0.8669165372848511,611.3872985839844,207.07568359375,17.404581,0.7696503,True
351,14.0,4,0.8828590512275696,419.1121368408203,375.10748291015625,14.369925,7.065543,True
351,14.0,6,0.8275836706161499,600.2485961914062,505.5325927734375,16.539019,11.268643,True
351,14.0,8,0.8848962783813477,154.19808197021484,273.5310974121094,10.470934,2.9483929,True
351,14.0,11,0.9132951498031616,695.5723571777344,341.8214111328125,18.177406,6.1951833,True
351,14.0,13,0.7034985423088074,675.3262939453125,302.68389892578125,18.029175,4.747121,True
351,14.0,15,0.891213059425354,705.62744140625,541.4916381835938,17.71895,12.324903,True
351,14.0,17,0.851830780506134,595.5593872070312,608.8890991210938,16.305908,13.980979,True
351,14.0,14,0.5881286859512329,682.1730041503906,321.86737060546875,18.060684,5.464734,True
352,14.04,0,0.8309827446937561,553.4680786132812,535.8525390625,15.9251175,12.072187,True
352,14.04,1,0.8668072819709778,611.2145690917969,206.33253479003903,17.404238,0.7365787,True
352,14.04,4,0.8844792246818542,418.6664581298828,370.15325927734375,14.36601,6.894694,True
352,14.04,6,0.8486948013305664,610.6950073242188,501.9638671875,16.672934,11.175718,True
352,14.04,8,0.8589737415313721,158.83214569091797,272.9114990234375,10.539301,2.9291723,True
352,14.04,11,0.8981361985206604,695.3912353515625,340.553955078125,18.179174,6.150192,True
352,14.04,13,0.6934448480606079,673.8002014160156,288.8923645019531,18.05386,4.221564,True
352,14.04,14,0.6459183096885681,682.3782958984375,324.87603759765625,18.053627,5.574348,True
352,14.04,15,0.885818362236023,701.3952026367188,544.6950073242188,17.661,12.407225,True
352,14.04,17,0.8599362969398499,594.8780212402344,604.5633544921875,16.305042,13.874081,True
353,14.08,0,0.8105613589286804,562.7481994628906,540.2662963867188,16.029549,12.197491,True
353,14.08,1,0.8634576201438904,611.4625244140625,203.30096435546875,17.417337,0.602673,True
353,14.08,4,0.8940327167510986,418.4745788574219,363.6905822753906,14.36619,6.6702933,True
353,14.08,6,0.7764881253242493,614.4005126953125,497.52337646484375,16.72689,11.052736,True
353,14.08,8,0.8855741024017334,167.32017517089844,269.23004150390625,10.658035,2.7890594,True
353,14.08,11,0.850774347782135,699.9588012695312,337.2190246582031,18.252293,6.0368366,True
353,14.08,13,0.7295373678207397,671.0250854492188,260.718017578125,18.110962,3.1116302,True
353,14.08,15,0.9037702083587646,686.7394104003906,546.01318359375,17.485596,12.432606,True
353,14.08,17,0.8649637699127197,588.4747314453125,592.8209228515625,16.250322,13.578219,True
353,14.08,14,0.5100868344306946,682.8599548339844,317.6034240722656,18.084234,5.309619,True
354,14.12,0,0.8056591749191284,565.5908203125,542.3944091796875,16.060232,12.256525,True
354,14.12,1,0.8702021837234497,610.6559448242188,202.7156219482422,17.406855,0.57544047,True
354,14.12,4,0.8983409404754639,419.0237121582031,356.2897033691406,14.376978,6.4114146,True
354,14.12,6,0.806891679763794,614.60400390625,496.6350402832031,16.731153,11.027652,True
354,14.12,8,0.8952492475509644,173.14954376220703,266.75732421875,10.740074,2.6947188,True
354,14.12,11,0.8692464232444763,707.2014770507812,334.75225830078125,18.359087,5.956848,True
354,14.12,13,0.7923712730407715,665.7779235839844,259.9306945800781,18.037899,3.0731137,True
354,14.12,15,0.9170612692832948,681.8430480957031,544.4530639648438,17.431795,12.388038,True
354,14.12,17,0.8788334131240845,593.0537414550781,596.4824829101562,16.297089,13.672466,True
354,14.12,14,0.5840175747871399,681.2574768066406,315.8638916015625,18.067879,5.2439017,True
355,14.16,0,0.8136217594146729,569.3783874511719,541.563232421875,16.106575,12.236747,True
355,14.16,1,0.8537492752075195,610.5726623535156,202.6567230224609,17.405767,0.5726953,True
355,14.16,4,0.8895782232284546,419.70520019531256,353.9910888671875,14.387396,6.3309636,True
355,14.16,6,0.7110494375228882,619.3486938476562,508.3372802734375,16.7654,11.3610525,True
355,14.16,8,0.9207331538200378,179.67998504638672,264.3989562988281,10.833327,2.6057632,True
355,14.16,11,0.8591736555099487,710.2887573242188,335.0333251953125,18.400024,5.9702163,True
355,14.16,13,0.8097381591796875,663.916748046875,262.26519775390625,18.003033,3.164451,True
355,14.16,14,0.7364488244056702,685.3706359863281,316.8024597167969,18.12154,5.283075,True
355,14.16,15,0.9115929007530212,675.8507385253906,544.1500244140625,17.361994,12.376068,True
355,14.16,17,0.8779067397117615,595.0883483886719,595.0311889648438,16.322762,13.637407,True
356,14.2,0,0.8044679164886475,573.4844055175781,540.9203491210938,16.15645,12.222223,True
356,14.2,1,0.8621508479118347,611.0723876953125,201.9990692138672,17.415413,0.5442004,True
356,14.2,4,0.8903200626373291,420.44482421875006,350.57501220703125,14.399171,6.2105966,True
356,14.2,6,0.738298237323761,624.0561828613281,490.6350708007813,16.859097,10.863494,True
356,14.2,8,0.9266000986099244,184.91078186035156,263.582275390625,10.9108,2.5789547,True
356,14.2,11,0.8423618078231812,714.8959350585938,332.93707275390625,18.47002,5.900409,True
356,14.2,13,0.8101691603660583,664.03564453125,261.1958312988281,18.008394,3.1216948,True
356,14.2,14,0.8250528573989868,690.5492248535156,316.93670654296875,18.19252,5.2938843,True
356,14.2,15,0.8740755319595337,665.0221862792969,544.4503173828125,17.23377,12.37696,True
356,14.2,17,0.861899733543396,599.0803833007812,594.8143310546875,16.36892,13.63431,True
357,14.24,0,0.8150278925895691,579.3786315917969,540.0966186523438,16.227932,12.204024,True
357,14.24,1,0.8603875041007996,611.4446716308594,201.25669860839844,17.423388,0.5117059,True
357,14.24,4,0.903085231781006,420.1173095703125,346.6778869628906,14.396444,6.07125,True
357,14.24,6,0.7243677973747253,631.00048828125,501.6278381347656,16.920662,11.181048,True
357,14.24,8,0.9322318434715272,189.714111328125,262.27996826171875,10.980706,2.5313108,True
357,14.24,11,0.8348976373672485,718.9239501953125,330.0087280273437,18.535343,5.799933,True
357,14.24,13,0.812927782535553,662.4422607421875,262.1889343261719,17.982014,3.1594725,True
357,14.24,15,0.8165873289108276,660.246826171875,547.7763671875,17.170097,12.462064,True
357,14.24,17,0.859658420085907,598.9300231933594,591.6572265625,16.3724,13.555154,True
357,14.24,14,0.5730416774749756,688.7718200683594,312.9840393066406,18.181427,5.1463537,True
358,14.28,0,0.8399444222450256,580.0,538.9347534179688,16.237211,12.173197,True
358,14.28,1,0.8517090678215027,613.723388671875,201.4468994140625,17.457554,0.52365375,True
358,14.28,4,0.9106578826904296,421.4569854736328,337.47235107421875,14.4194355,5.741092,True
358,14.28,6,0.7917585968971252,637.35009765625,509.0256652832031,16.981823,11.393188,True
358,14.28,8,0.9343169927597046,193.62655639648438,259.2212829589844,11.033154,2.4089284,True
358,14.28,11,0.8673025369644165,728.8326416015625,328.70166015625,18.67505,5.7638693,True
358,14.28,13,0.8145385384559631,661.7344970703125,258.0267944335937,17.985914,2.9910634,True
358,14.28,14,0.6042619943618774,694.6497497558594,310.5736083984375,18.271088,5.063955,True
358,14.28,15,0.8555796146392822,647.73779296875,556.6566162109375,17.004145,12.6877985,True
358,14.28,17,0.8811559081077576,604.0881958007812,584.3901977539062,16.44402,13.375012,True
359,14.32,0,0.8257310390472412,579.72998046875,537.7678833007812,16.235886,12.14159,True
359,14.32,1,0.847190260887146,614.0670166015625,201.3391876220703,17.46313,0.5193797,True
359,14.32,4,0.9238036274909972,423.9246368408203,333.39630126953125,14.455959,5.5955167,True
359,14.32,6,0.7427205443382263,638.4302368164062,515.1387939453125,16.981722,11.563869,True
359,14.32,8,0.932969868183136,196.0462188720703,258.6095886230469,11.068616,2.3866503,True
359,14.32,11,0.8642634749412537,732.5141906738281,325.2864685058594,18.738077,5.644902,True
359,14.32,13,0.8197202682495117,660.4752502441406,257.57354736328125,17.969213,2.9710965,True
359,14.32,15,0.7867051362991333,641.2332458496094,561.3148803710938,16.918457,12.8053,True
359,14.32,17,0.880311131477356,605.6320495605469,584.3206787109375,16.46196,13.374173,True
360,14.36,0,0.8385831713676453,579.6694641113281,536.3286743164062,16.2375,12.102722,True
360,14.36,1,0.8447518348693848,614.8029479980469,200.38916015625,17.47734,0.47814932,True
360,14.36,4,0.922624170780182,425.63926696777344,331.1933288574219,14.4811325,5.5168996,True
360,14.36,6,0.6309495568275452,639.8467102050781,505.7998046875,17.019026,11.304758,True
360,14.36,8,0.9351397156715392,198.21006774902344,257.68115234375,11.099496,2.3507133,True
360,14.36,11,0.772156298160553,738.5710144042969,324.3797607421875,18.824184,5.6188564,True
360,14.36,13,0.8023760318756104,660.2192687988281,260.9459533691406,17.954111,3.1066701,True
360,14.36,15,0.6736347675323486,634.2449951171875,566.1316528320312,16.82729,12.925959,True
360,14.36,17,0.88576740026474,607.8472290039062,582.7432250976562,16.490265,13.335514,True
361,14.4,0,0.8176038265228271,582.6210021972656,535.7672729492188,16.273643,12.089545,True
361,14.4,1,0.8397937417030334,615.3945922851562,199.440185546875,17.489365,0.4366815,True
361,14.4,4,0.939424693584442,428.3630065917969,329.4847106933594,14.520275,5.457326,True
361,14.4,6,0.8183976411819458,643.921875,487.8605651855469,17.108606,10.798851,True
361,14.4,8,0.9354833364486694,201.55376434326172,258.55841064453125,11.152382,2.392123,True
361,14.4,11,0.8976345062255859,743.4009704589844,322.7577514648437,18.89642,5.5655303,True
361,14.4,13,0.8094595074653625,661.5763244628906,261.2006225585937,17.972857,3.1186757,True
361,14.4,15,0.7988832592964172,637.7489318847656,567.96923828125,16.864433,12.975634,True
361,14.4,17,0.8792216181755066,609.4728393554688,578.2857666015625,16.51686,13.223083,True
362,14.44,0,0.8032273650169373,585.0459594726562,537.2753295898438,16.300072,12.131879,True
362,14.44,1,0.8371068835258484,615.7609252929688,199.41966247558597,17.495024,0.43632546,True
362,14.44,4,0.9321133494377136,429.5433807373047,326.32818603515625,14.538668,5.342507,True
362,14.44,6,0.8171542286872864,645.5715942382812,493.0380859375,17.11704,10.9482155,True
362,14.44,8,0.9337792992591858,205.36697387695312,254.00428771972656,11.200611,2.205956,True
362,14.44,11,0.8652111291885376,746.0257568359375,322.1811218261719,18.93453,5.547559,True
362,14.44,13,0.8259938955307007,660.5134887695312,263.570068359375,17.94953,3.2122939,True
362,14.44,14,0.7131887078285217,702.2039184570312,300.7109375,18.411055,4.7046523,True
362,14.44,15,0.7006337642669678,636.7621154785156,564.2847900390625,16.86029,12.879674,True
362,14.44,17,0.8633260130882263,611.8325805664062,576.4739990234375,16.547413,13.178236,True
363,14.48,0,0.8344117403030396,591.0531616210938,539.1884155273438,16.368395,12.187405,True
363,14.48,1,0.8395364880561829,618.1261291503906,199.42893981933597,17.53111,0.4403617,True
363,14.48,4,0.9346128106117249,432.2978210449219,322.3847045898437,14.579822,5.19976,True
363,14.48,6,0.8403938412666321,647.8156127929688,485.6317443847656,17.161455,10.737704,True
363,14.48,8,0.9035593271255492,213.6634292602539,250.57676696777344,11.320231,2.0726068,True
363,14.48,11,0.8595935702323914,747.5112915039062,321.3535461425781,18.958097,5.5192,True
363,14.48,13,0.8080940842628479,659.3218078613281,264.2069091796875,17.930216,3.236222,True
363,14.48,14,0.6637104749679565,711.8148193359375,304.4291687011719,18.531225,4.855287,True
363,14.48,17,0.8749191761016846,611.9226379394531,573.314697265625,16.554096,13.09734,True
364,14.52,0,0.8399650454521179,590.6683349609375,538.8626708984375,16.36437,12.178389,True
364,14.52,1,0.8452028036117554,617.4931335449219,198.96722412109372,17.522919,0.4187555,True
364,14.52,4,0.9348692297935486,433.9294891357422,321.55206298828125,14.603362,5.1707234,True
364,14.52,6,0.8573341369628906,650.531982421875,477.8205871582031,17.21309,10.513675,True
364,14.52,8,0.885732889175415,217.12257385253906,249.56005859375,11.371114,2.0343373,True
364,14.52,11,0.8468180298805237,749.1252136230469,319.7325744628906,18.986616,5.462108,True
364,14.52,13,0.8098220229148865,655.9383239746094,260.400390625,17.894049,3.07913,True
364,14.52,14,0.7228760719299316,712.2242126464844,301.993896484375,18.54594,4.7646236,True
364,14.52,17,0.8861483335494995,611.0881042480469,571.873779296875,16.54697,13.059795,True
365,14.56,0,0.8305277824401855,591.3258972167969,539.330078125,16.371397,12.191394,True
365,14.56,1,0.8263320922851562,617.5209655761719,197.6786956787109,17.527456,0.36111924,True
365,14.56,4,0.9297595024108888,435.40191650390625,320.3118896484375,14.624945,5.1263065,True
365,14.56,6,0.8732888102531433,652.602783203125,476.2913208007813,17.24226,10.47073,True
365,14.56,8,0.8489571809768677,222.13470458984375,249.5059509277344,11.447746,2.039115,True
365,14.56,11,0.853769838809967,750.8271484375,319.9049987792969,19.009201,5.4702864,True
365,14.56,13,0.817412257194519,654.9563903808594,260.05841064453125,17.88098,3.0640779,True
365,14.56,14,0.7525210976600647,705.5498352050781,295.716796875,18.476007,4.5201263,True
365,14.56,17,0.8792218565940857,609.5066223144531,571.026611328125,16.53008,13.037015,True
366,14.6,0,0.8272387385368347,590.7643737792969,538.162353515625,16.366709,12.159608,True
366,14.6,1,0.8245363831520081,618.3472290039062,197.18508911132807,17.541674,0.34026226,True
366,14.6,4,0.9259835481643676,437.7229766845703,321.4361877441406,14.656962,5.1707916,True
366,14.6,6,0.8611879348754883,654.6583557128906,474.1556701660156,17.272753,10.409967,True
366,14.6,8,0.8203184604644775,226.57708740234375,249.90794372558597,11.516495,2.0624375,True
366,14.6,11,0.8341144323348999,751.4705200195312,319.2244873046875,19.020735,5.4462495,True
366,14.6,13,0.8153402805328369,654.1432189941406,257.9362487792969,17.876236,2.977409,True
366,14.6,14,0.7989354133605957,710.8958435058594,295.1305236816406,18.55299,4.5042944,True
366,14.6,15,0.6592236161231995,622.1891479492188,551.67724609375,16.714241,12.540521,True
366,14.6,17,0.8705157041549683,608.2297973632812,569.935302734375,16.517149,13.008099,True
367,14.64,0,0.8318148255348206,588.5901794433594,536.9613037109375,16.342848,12.125791,True
367,14.64,1,0.8131928443908691,619.1553039550781,195.49884033203125,17.55947,0.26577848,True
367,14.64,4,0.9156920313835144,440.97686767578125,321.7973937988281,14.702602,5.1879525,True
367,14.64,6,0.8591790199279785,654.2745971679688,473.2588195800781,17.270164,10.383429,True
367,14.64,8,0.8150825500488281,230.30799865722653,248.7210235595703,11.571339,2.0173213,True
367,14.64,11,0.8097535371780396,752.6942443847656,318.35467529296875,19.040985,5.4159436,True
367,14.64,13,0.8108760118484497,656.6036987304688,259.1288452148437,17.907911,3.0287838,True
367,14.64,14,0.75499427318573,712.8009033203125,295.0490417480469,18.579948,4.503482,True
367,14.64,17,0.8668885231018066,608.5296936035156,568.4057006835938,16.523354,12.968791,True
368,14.68,0,0.8193288445472717,585.2389526367188,535.4352416992188,16.30544,12.082336,True
368,14.68,1,0.8073431849479675,620.9559936523438,193.0466766357422,17.595037,0.15806386,True
368,14.68,4,0.8837869763374329,454.98207092285156,322.2752380371094,14.899502,5.2217755,True
368,14.68,6,0.8478291630744934,656.22119140625,472.0307312011719,17.297207,10.348966,True
368,14.68,8,0.8489947319030762,240.70191955566406,248.11936950683597,11.729267,2.0064476,True
368,14.68,11,0.792191207408905,756.0836791992188,317.61383056640625,19.09039,5.3927445,True
368,14.68,13,0.8095945119857788,656.6874389648438,258.8645324707031,17.910006,3.0182343,True
368,14.68,14,0.7823572158813477,702.6199951171875,287.11309814453125,18.4666,4.1883674,True
368,14.68,17,0.8216798305511475,606.3859252929688,565.6569213867188,16.5032,12.896283,True
368,14.68,15,0.535216212272644,618.6345825195312,549.6318969726562,16.676268,12.484156,True
369,14.72,0,0.7802612781524658,587.6180725097656,533.7910766601562,16.336615,12.039461,True
369,14.72,1,0.7983439564704895,622.1286926269531,191.65057373046875,17.617617,0.09677536,True
369,14.72,4,0.8900920152664185,461.2055969238281,318.6171264648437,14.990474,5.0930624,True
369,14.72,6,0.862305760383606,653.7507019042969,470.2369995117188,17.27095,10.294364,True
369,14.72,8,0.8785924315452576,246.86969757080078,247.36700439453125,11.822318,1.9831916,True
369,14.72,11,0.8104285597801208,757.1136474609375,316.6698913574219,19.108353,5.3594494,True
369,14.72,13,0.8275145888328552,655.0631713867188,257.8324584960937,17.889915,2.974427,True
369,14.72,14,0.8086324334144592,702.1051635742188,286.1114196777344,18.463047,4.1492295,True
369,14.72,15,0.6514157056808472,620.2803344726562,551.3136596679688,16.692463,12.529688,True
369,14.72,17,0.7770311832427979,597.8945922851562,565.5925903320312,16.404087,12.889306,True
370,14.76,0,0.8040744662284851,583.109375,536.2763671875,16.278633,12.103624,True
370,14.76,1,0.8142889738082886,622.086181640625,191.7617645263672,17.6166,0.101741135,True
370,14.76,4,0.8977952003479004,464.3302307128906,316.765869140625,15.036335,5.0276465,True
370,14.76,6,0.8660353422164917,653.1398315429688,468.7317199707031,17.267002,10.249581,True
370,14.76,8,0.8910524249076843,252.08555603027344,245.4641876220703,11.899041,1.9095701,True
370,14.76,11,0.8121958374977112,760.6656799316406,315.8009338378906,19.160593,5.3317027,True
370,14.76,13,0.8232380747795105,657.5281677246094,258.57989501953125,17.923134,3.0078554,True
370,14.76,14,0.8074439764022827,703.9115905761719,285.3710021972656,18.491276,4.1229377,True
370,14.76,15,0.7804561257362366,616.2029724121094,549.6961669921875,16.647476,12.484279,True
370,14.76,17,0.8104960918426514,591.0320739746094,565.741455078125,16.323595,12.888878,True
371,14.8,0,0.8101892471313477,581.9040222167969,534.8350830078125,16.26662,12.063858,True
371,14.8,1,0.8201629519462585,622.6854858398438,190.50254821777344,17.629957,0.045635536,True
371,14.8,4,0.8933272361755371,467.8186492919922,317.9933166503906,15.084341,5.0774837,True
371,14.8,6,0.8598026037216187,652.3372802734375,467.37603759765625,17.260305,10.208968,True
371,14.8,8,0.8748522400856018,253.13291931152344,245.37380981445312,11.91493,1.907205,True
371,14.8,11,0.8140586018562317,762.2901306152344,315.7565002441406,19.183035,5.331914,True
371,14.8,13,0.7928493022918701,661.3173522949219,258.88433837890625,17.976961,3.0251162,True
371,14.8,14,0.8195977807044983,705.1268310546875,284.49346923828125,18.5117,4.0906076,True
371,14.8,15,0.8282455801963806,622.7943115234375,546.6258544921875,16.73111,12.407145,True
371,14.8,17,0.6868907809257507,586.1610717773438,564.17333984375,16.269142,12.845067,True
372,14.84,0,0.774339497089386,582.7172241210938,529.1995239257812,16.285675,11.911376,True
372,14.84,1,0.8305382132530212,623.6424560546875,188.4967193603516,17.65133,-0.043975946,False
372,14.84,4,0.8965009450912476,471.1156005859375,320.4243469238281,15.128284,5.1716943,True
372,14.84,6,0.8560117483139038,652.8764343261719,466.6121826171875,17.268845,10.186834,True
372,14.84,8,0.8933607935905457,255.33533477783203,244.1368103027344,11.946725,1.857545,True
372,14.84,11,0.8301103711128235,763.5417785644531,315.4505310058594,19.201458,5.3221393,True
372,14.84,13,0.8018548488616943,663.1188354492188,258.3168640136719,18.004969,3.0045934,True
372,14.84,14,0.8183079361915588,706.6898803710938,284.3583068847656,18.534271,4.087313,True
372,14.84,15,0.850824236869812,627.0680847167969,540.1576538085938,16.794355,12.237391,True
372,14.84,17,0.793184757232666,585.1199951171875,563.8175659179688,16.257519,12.835153,True
373,14.88,0,0.736797034740448,580.3068542480469,526.3903198242188,16.26141,11.833,True
373,14.88,1,0.8210834264755249,626.7419128417969,184.50872802734372,17.712528,-0.22113459,False
373,14.88,4,0.8733158111572266,480.7734985351563,330.123291015625,15.253053,5.539789,True
373,14.88,6,0.8490548729896545,651.7694091796875,465.7399291992188,17.257189,10.160165,True
373,14.88,8,0.9078677296638488,258.46739959716797,243.26893615722656,11.993388,1.8249155,True
373,14.88,11,0.8269418478012085,764.4191284179688,316.7691345214844,19.20797,5.3713117,True
373,14.88,13,0.7720596790313721,664.4519653320312,259.1578674316406,18.021381,3.0402567,True
373,14.88,14,0.7980179190635681,708.7477111816406,283.33203125,18.567198,4.050231,True
373,14.88,15,0.8594393730163574,632.4375915527344,537.4212036132812,16.863548,12.167537,True
373,14.88,17,0.6628532409667969,578.5971984863281,561.343017578125,16.184937,12.766494,True
374,14.92,0,0.6323789358139038,582.3280639648438,524.4962158203125,16.288849,11.782506,True
374,14.92,1,0.8117863535881042,628.2292785644531,181.41200256347656,17.746088,-0.36097306,False
374,14.92,4,0.8608711957931519,486.4229736328125,323.925048828125,15.33926,5.3187194,True
374,14.92,6,0.8431733846664429,651.2862243652344,464.4714050292969,17.254232,10.122214,True
374,14.92,8,0.901092529296875,259.99896240234375,241.58750915527344,12.014347,1.7550938,True
374,14.92,11,0.833773136138916,773.5904541015625,318.3073425292969,19.326878,5.4376855,True
374,14.92,13,0.8043667674064636,663.9586791992188,259.1205444335937,18.014374,3.0381052,True
374,14.92,14,0.7908966541290283,711.4213562011719,283.3490905761719,18.60489,4.054179,True
374,14.92,15,0.8410235047340393,635.1121826171875,537.1195678710938,16.895912,12.161215,True
374,14.92,17,0.6045971512794495,579.4322204589844,556.014404296875,16.203136,12.627305,True
375,14.96,0,0.710766077041626,588.1632080078125,523.7909545898438,16.36021,11.767199,True
375,14.96,1,0.8342990279197693,633.7927856445312,180.31344604492188,17.836063,-0.4026756,False
375,14.96,4,0.8642841577529907,492.7628631591797,323.63739013671875,15.428412,5.3153415,True
375,14.96,6,0.8451422452926636,651.9127807617188,465.23138427734375,17.260197,10.1452265,True
375,14.96,8,0.8831688761711121,264.0140838623047,236.83547973632807,12.069057,1.5563035,True
375,14.96,11,0.8432310223579407,775.2109375,319.02740478515625,19.345932,5.465689,True
375,14.96,13,0.8151969313621521,664.8420104980469,259.3966369628906,18.026203,3.0503871,True
375,14.96,14,0.7734455466270447,713.9503784179688,283.5412292480469,18.639856,4.0647063,True
375,14.96,15,0.8123700618743896,632.0632019042969,537.0812377929688,16.859797,12.158146,True
375,14.96,17,0.8230960369110107,579.5184326171875,553.64990234375,16.207897,12.565049,True
376,15.0,0,0.7017855048179626,588.8112182617188,518.6573486328125,16.376886,11.626273,True
376,15.0,1,0.8326486349105835,632.5211486816406,180.98074340820312,17.814035,-0.37396196,False
376,15.0,4,0.8382134437561035,499.039306640625,327.85858154296875,15.510637,5.4775276,True
376,15.0,6,0.8471137285232544,651.851318359375,465.4910278320313,17.258806,10.152864,True
376,15.0,8,0.8681337237358093,268.4139709472656,234.4432830810547,12.133447,1.4591303,True
376,15.0,11,0.7878414988517761,772.2263488769531,319.2246398925781,19.304356,5.469516,True
376,15.0,13,0.8315387964248657,665.8012084960938,259.4582824707031,18.03986,3.0541275,True
376,15.0,14,0.7839617133140564,716.2812805175781,283.8710021972656,18.671474,4.080293,True
376,15.0,15,0.8242303729057312,634.7745971679688,536.0111083984375,16.894182,12.1311655,True
376,15.0,17,0.8221656680107117,580.474853515625,552.441650390625,16.221111,12.533752,True
377,15.04,0,0.7412543296813965,583.3934326171875,520.2316284179688,16.308844,11.665941,True
377,15.04,1,0.8388593196868896,632.8993225097656,181.0995178222656,17.819475,-0.36788633,False
377,15.04,4,0.8439383506774902,509.20924377441406,327.1629638671875,15.653419,5.463528,True
377,15.04,6,0.8426602482795715,650.1178588867188,464.1731262207031,17.240408,10.11244,True
377,15.04,8,0.8440015912055969,271.20975494384766,233.43487548828125,12.175181,1.41944,True
377,15.04,11,0.7964765429496765,765.7169189453125,318.8835754394531,19.216894,5.4498215,True
377,15.04,13,0.8390357494354248,666.8889770507812,259.3846435546875,18.055841,3.0525882,True
377,15.04,14,0.7438749074935913,721.13623046875,284.9226989746094,18.735825,4.1267667,True
377,15.04,15,0.832055389881134,637.1351928710938,536.11474609375,16.922005,12.135538,True
377,15.04,17,0.5805392265319824,582.9605712890625,554.309326171875,16.247446,12.584662,True
378,15.08,0,0.7299339175224304,579.5775451660156,520.3818969726562,16.262575,11.667417,True
378,15.08,1,0.8150489926338196,633.8038635253906,180.7275390625,17.834782,-0.38357168,False
378,15.08,4,0.8914750218391418,514.8547058105469,329.4418334960937,15.728684,5.553162,True
378,15.08,6,0.8218801617622375,649.3570861816406,464.6575317382813,17.22978,10.126195,True
378,15.08,8,0.6573055386543274,279.02455139160156,231.93490600585935,12.29382,1.3656607,True
378,15.08,11,0.7750833630561829,764.3844604492188,318.6260681152344,19.19976,5.4389567,True
378,15.08,13,0.8298460841178894,665.4375,258.5538024902344,18.037714,3.0171998,True
378,15.08,14,0.7746886610984802,726.0273132324219,288.377685546875,18.791042,4.265324,True
378,15.08,15,0.8008750081062317,635.666015625,535.6119995117188,16.905594,12.121015,True
378,15.08,17,0.8602170944213867,582.9881286621094,550.0328979492188,16.254683,12.471614,True
379,15.12,1,0.8258240818977356,635.6518249511719,180.4639587402344,17.864325,-0.39275625,False
379,15.12,4,0.8943917751312256,513.4949035644531,325.2193908691406,15.716047,5.3971066,True
379,15.12,6,0.8316406607627869,649.0946960449219,465.9538269042969,17.223423,10.164371,True
379,15.12,8,0.7870379686355591,281.7816162109375,231.9928436279297,12.336449,1.3722224,True
379,15.12,11,0.7849729061126709,764.9667358398438,319.0169982910156,19.206089,5.453834,True
379,15.12,13,0.8336251974105835,664.5429382324219,257.5484313964844,18.028223,2.9754417,True
379,15.12,14,0.7624598741531372,726.0382080078125,287.8549194335937,18.793259,4.245324,True
379,15.12,15,0.8236415386199951,634.9755249023438,534.8619384765625,16.898935,12.100336,True
379,15.12,17,0.8654111623764038,579.9741821289062,550.6505737304688,16.218054,12.486027,True
379,15.12,0,0.5225670337677002,583.4911804199219,525.0830078125,16.301847,11.799398,True
380,15.16,1,0.8057375550270081,633.8588256835938,179.91046142578125,17.838501,-0.4211569,False
380,15.16,4,0.9068716168403624,511.9525451660156,320.2863464355469,15.701826,5.213514,True
380,15.16,6,0.8197028040885925,649.0263366699219,465.1120300292969,17.224579,10.139398,True
380,15.16,11,0.7785152792930603,762.9486999511719,318.81573486328125,19.17935,5.444249,True
380,15.16,13,0.8251237869262695,666.0502624511719,257.7901916503906,18.049215,2.987191,True
380,15.16,14,0.77243572473526,723.4940185546875,286.71630859375,18.76198,4.1985793,True
380,15.16,15,0.823161780834198,634.8005065917969,534.9503173828125,16.896673,12.102601,True
380,15.16,17,0.8738136291503906,576.0750122070312,551.5765991210938,16.1705,12.50802,True
380,15.16,0,0.5486748814582825,601.0091857910156,502.2936401367188,16.554329,11.1779585,True
381,15.2,1,0.7955922484397888,634.8735961914062,180.2059783935547,17.853182,-0.40589726,False
381,15.2,4,0.9049766063690186,512.3886108398438,318.2764892578125,15.7109375,5.139527,True
381,15.2,6,0.8076725006103516,648.6563110351562,465.0400390625,17.220148,10.1369705,True
381,15.2,11,0.780386209487915,762.76904296875,318.6737976074219,19.17748,5.4388814,True
381,15.2,13,0.8169534802436829,669.0094909667969,257.8000793457031,18.092016,2.991485,True
381,15.2,14,0.7017620205879211,723.8002014160156,277.7887268066406,18.801636,3.8539326,True
381,15.2,15,0.8256347179412842,636.1019897460938,534.8372192382812,16.912376,12.100427,True
381,15.2,17,0.8468976616859436,576.4873352050781,549.3870239257812,16.17881,12.450246,True
381,15.2,0,0.5247007012367249,607.2649841308594,495.8814392089844,16.642939,11.000785,True
382,15.24,1,0.7995769381523132,637.6089172363281,180.32281494140625,17.895128,-0.3961243,False
382,15.24,4,0.8992428183555603,514.51318359375,317.62255859375,15.741741,5.117694,True
382,15.24,6,0.8306568264961243,647.3566589355469,468.2979736328125,17.196266,10.232235,True
382,15.24,8,0.7058358192443848,293.7406463623047,229.56137084960935,12.518254,1.2838391,True
382,15.24,11,0.7789576053619385,761.83544921875,319.13067626953125,19.162832,5.454459,True
382,15.24,13,0.8199241757392883,666.3143310546875,257.4017333984375,18.054382,2.9718487,True
382,15.24,14,0.7533395886421204,726.8904724121094,275.9482421875,18.852808,3.7860591,True
382,15.24,15,0.8574060797691345,635.2610168457031,534.2011108398438,16.903694,12.082701,True
382,15.24,17,0.8925260901451111,563.1952819824219,549.4119262695312,16.02136,12.442236,True
382,15.24,0,0.5070353746414185,608.2685852050781,488.80670166015625,16.669088,10.799172,True
383,15.28,1,0.8243578672409058,643.133544921875,179.6350555419922,17.983137,-0.41897365,False
383,15.28,4,0.8956250548362732,517.4897003173828,319.7908020019531,15.780152,5.201527,True
383,15.28,6,0.8292443156242371,648.9811706542969,476.9393005371094,17.196033,10.486816,True
383,15.28,8,0.8912261128425598,296.5505828857422,228.6246795654297,12.560663,1.2470742,True
383,15.28,11,0.7748512625694275,762.208740234375,318.7698669433594,19.169424,5.4417496,True
383,15.28,13,0.8349371552467346,667.3368835449219,257.4525756835937,18.069014,2.97525,True
383,15.28,14,0.7318728566169739,732.5184020996094,267.3388366699219,18.968084,3.454934,True
383,15.28,15,0.7856251001358032,633.4208068847656,530.0191040039062,16.890408,11.9682665,True
383,15.28,17,0.8744013905525208,549.1787414550781,536.0048217773438,15.873571,12.073412,True
384,15.32,1,0.8456292748451233,643.6886291503906,179.65858459472656,17.991644,-0.41699764,False
384,15.32,4,0.898949384689331,519.5548858642578,320.9620361328125,15.807242,5.2472067,True
384,15.32,6,0.7517868876457214,647.9731140136719,488.1971130371094,17.15747,10.81156,True
384,15.32,8,0.8819242715835571,297.699462890625,228.0341644287109,12.577804,1.2229531,True
384,15.32,11,0.767540454864502,760.1048889160156,318.7669372558594,19.140676,5.4392824,True
384,15.32,13,0.8296493887901306,669.1168823242188,257.4158020019531,18.094912,2.9761093,True
384,15.32,14,0.7593398690223694,736.131591796875,268.749267578125,19.01371,3.515248,True
384,15.32,15,0.7390506267547607,641.1448669433594,527.5257568359375,16.9878,11.905762,True
384,15.32,17,0.8397530317306519,546.8452758789062,531.4730834960938,15.8518505,11.948791,True
385,15.36,1,0.854283332824707,643.6551513671875,180.97113037109372,17.986351,-0.35658503,False
385,15.36,4,0.8984537124633789,521.3558502197266,322.7525939941406,15.829604,5.315316,True
385,15.36,6,0.7531150579452515,650.8474731445312,485.20306396484375,17.19965,10.7276535,True
385,15.36,8,0.8783391714096069,299.7100830078125,227.8085479736328,12.60865,1.2160544,True
385,15.36,11,0.7826521396636963,758.7141418457031,319.0856628417969,19.120354,5.449322,True
385,15.36,13,0.8242222666740417,667.7326965332031,257.5588684082031,18.074373,2.9800646,True
385,15.36,14,0.7477173209190369,737.591796875,273.70855712890625,19.013762,3.7119453,True
385,15.36,15,0.730018675327301,637.5374145507812,524.30126953125,16.951517,11.815316,True
385,15.36,17,0.843980073928833,543.1447143554688,530.6085205078125,15.808572,11.922699,True
386,15.4,1,0.8169856071472168,645.2117004394531,179.82424926757812,18.014614,-0.40691534,False
386,15.4,4,0.8918309211730957,522.1605529785156,319.9607849121094,15.845297,5.213176,True
386,15.4,6,0.7799633741378784,653.8276062011719,484.8694458007813,17.236998,10.7203,True
386,15.4,8,0.8736549615859985,301.2957305908203,227.31065368652344,12.632665,1.1966088,True
386,15.4,11,0.7712690234184265,758.3033752441406,319.3660888671875,19.11359,5.4590635,True
386,15.4,13,0.8074918389320374,666.4508972167969,256.87969970703125,18.058168,2.9509284,True
386,15.4,14,0.7438657283782959,737.8684997558594,275.577392578125,19.009905,3.7853146,True
386,15.4,15,0.7451047897338867,613.6723022460938,522.5590209960938,16.668962,11.75108,True
386,15.4,17,0.8577695488929749,536.0144958496094,529.7686767578125,15.723935,11.894888,True
387,15.44,1,0.862331748008728,647.4895629882812,179.9759521484375,18.049301,-0.3962712,False
387,15.44,4,0.8907660245895386,523.000244140625,320.26934814453125,15.856557,5.2255507,True
387,15.44,6,0.7499018311500549,653.1169738769531,482.8302001953125,17.233088,10.66092,True
387,15.44,8,0.8596362471580505,303.4537353515625,227.0534820556641,12.665777,1.1885417,True
387,15.44,11,0.7609157562255859,759.3695068359375,319.8124694824219,19.126331,5.4764876,True
387,15.44,13,0.8082969188690186,666.0052490234375,257.0921936035156,18.050976,2.958932,True
387,15.44,14,0.6981654167175293,740.066162109375,287.1522827148437,18.993069,4.2354546,True
387,15.44,15,0.8144806027412415,622.7505493164062,522.8077392578125,16.77742,11.764198,True
387,15.44,17,0.8597492575645447,530.4076843261719,529.146728515625,15.657228,11.874037,True
388,15.48,1,0.8348134756088257,651.5473937988281,180.198974609375,18.111225,-0.37949795,False
388,15.48,4,0.897514820098877,523.4734191894531,325.671875,15.85451,5.4250026,True
388,15.48,6,0.7858354449272156,651.4359741210938,490.7220153808594,17.194,10.886469,True
388,15.48,8,0.8102304935455322,307.72503662109375,227.53831481933597,12.732227,1.2160765,True
388,15.48,11,0.6981770396232605,759.1704406738281,320.6503295898437,19.120178,5.5066977,True
388,15.48,13,0.8242477774620056,669.4598999023438,257.5136413574219,18.099535,2.9805126,True
388,15.48,14,0.6290459036827087,746.3676452636719,284.28082275390625,19.093498,4.132938,True
388,15.48,15,0.8053268194198608,621.7760009765625,523.8786010742188,16.763601,11.79287,True
388,15.48,17,0.8920125961303711,538.62451171875,527.361572265625,15.758501,11.830836,True
388,15.48,0,0.5574679374694824,645.86181640625,521.3065185546875,17.057632,11.739044,True
389,15.52,0,0.7130922079086304,651.4398803710938,523.1702270507812,17.120302,11.793971,True
389,15.52,1,0.8178181052207947,652.1839294433594,182.3020477294922,18.11319,-0.28182393,False
389,15.52,4,0.902385950088501,524.5974731445312,323.9375305175781,15.872972,5.3626056,True
389,15.52,6,0.6008997559547424,632.0430297851562,482.8020935058594,16.973972,10.644042,True
389,15.52,8,0.7744084000587463,309.11180114746094,227.8253936767578,12.753898,1.2306772,True
389,15.52,11,0.7298823595046997,756.9912719726562,321.02349853515625,19.088902,5.5178065,True
389,15.52,13,0.8121480941772461,671.4822692871094,257.577880859375,18.12858,2.9857693,True
389,15.52,14,0.605973482131958,762.7963256835938,282.4782409667969,19.332132,4.08368,True
389,15.52,15,0.7886008024215698,617.4002685546875,523.5279541015625,16.71182,11.780237,True
389,15.52,17,0.8966988921165466,536.5595092773438,526.384521484375,15.734888,11.80262,True
390,15.56,0,0.7998572587966919,654.9059143066406,523.9576416015625,17.159985,11.817893,True
390,15.56,1,0.7906936407089233,655.0535583496094,181.67567443847656,18.15983,-0.30599818,False
390,15.56,4,0.8989073634147644,525.2109680175781,324.1720275878906,15.881151,5.37192,True
390,15.56,6,0.79790860414505,642.4846801757812,485.99407958984375,17.095213,10.7441025,True
390,15.56,8,0.727480947971344,310.28172302246094,228.3246917724609,12.772391,1.2542183,True
390,15.56,11,0.7377921938896179,755.5551147460938,321.1036071777344,19.068968,5.51911,True
390,15.56,13,0.8138221502304077,672.1666564941406,258.1973876953125,18.136301,3.011668,True
390,15.56,14,0.6778780221939087,759.8264465332031,287.8832397460937,19.266968,4.287371,True
390,15.56,15,0.7735318541526794,619.4757080078125,522.7891235351562,16.73817,11.761418,True
390,15.56,17,0.9000948667526245,526.7655334472656,524.794189453125,15.618674,11.7521305,True
391,15.6,0,0.8365695476531982,660.2822875976562,524.87939453125,17.222115,11.846761,True
391,15.6,1,0.825169563293457,655.7214660644531,180.98670959472656,18.172749,-0.33658308,False
391,15.6,4,0.896604061126709,525.827392578125,326.9186706542969,15.885292,5.473324,True
391,15.6,6,0.7832142114639282,624.8058776855469,486.3726806640625,16.877275,10.741628,True
391,15.6,8,0.7550563812255859,312.15423583984375,229.00933837890625,12.801857,1.2868556,True
391,15.6,11,0.7164148092269897,757.1929931640625,321.9192810058594,19.088013,5.5505114,True
391,15.6,13,0.8377124071121216,674.1376342773438,258.9488220214844,18.162142,3.0445414,True
391,15.6,14,0.7398103475570679,762.8509521484375,284.1807556152344,19.325443,4.1492305,True
391,15.6,15,0.7815489768981934,611.3326110839844,522.0218505859375,16.641891,11.734705,True
391,15.6,17,0.8797829151153564,520.9501953125,523.7432861328125,15.549631,11.719141,True
392,15.64,0,0.8448936939239502,658.5090637207031,524.2150268554688,17.202454,11.827406,True
392,15.64,1,0.8437110185623169,658.06591796875,182.74473571777344,18.202234,-0.25217003,False
392,15.64,4,0.8928951621055603,525.0242614746094,326.1412658691406,15.875365,5.4439573,True
392,15.64,6,0.7448979020118713,617.5105895996094,486.8282775878906,16.786657,10.749229,True
392,15.64,8,0.7698512077331543,313.40516662597656,229.51138305664065,12.821555,1.3105801,True
392,15.64,11,0.7877885699272156,757.6153564453125,320.5115661621094,19.09951,5.4999223,True
392,15.64,13,0.8415588140487671,673.3949279785156,257.9483337402344,18.154945,3.0032365,True
392,15.64,14,0.7651312351226807,766.0256958007812,283.80133056640625,19.371664,4.1385307,True
392,15.64,15,0.799560010433197,611.455078125,522.9828491210938,16.64153,11.761172,True
392,15.64,17,0.882696270942688,518.9990234375,524.2378540039062,15.525449,11.731407,True
393,15.68,0,0.8462162017822266,664.0036926269531,520.1357421875,17.277561,11.71951,True
393,15.68,1,0.7967423796653748,660.8844604492188,185.357666015625,18.235638,-0.1282745,False
393,15.68,4,0.8856293559074402,525.7297973632812,324.5713195800781,15.88774,5.387175,True
393,15.68,6,0.7824209332466125,614.5971374511719,480.7156372070313,16.763292,10.570192,True
393,15.68,11,0.737091600894928,760.0783081054688,321.0651550292969,19.130873,5.5227633,True
393,15.68,13,0.8189874291419983,676.0194396972656,257.88751220703125,18.193117,3.0042334,True
393,15.68,14,0.7921978235244751,765.936279296875,286.58074951171875,19.35818,4.244985,True
393,15.68,15,0.8704417943954468,609.5866088867188,524.4086303710938,16.6164,11.798962,True
393,15.68,17,0.9137686491012572,499.74444580078125,516.9945068359375,15.299691,11.517233,True
394,15.72,0,0.8555189371109009,666.8669128417969,516.0189819335938,17.321556,11.608196,True
394,15.72,1,0.8004763722419739,659.6177673339844,185.5776214599609,18.215322,-0.120245315,False
394,15.72,4,0.88648921251297,525.8138732910156,323.6976928710937,15.890333,5.3551693,True
394,15.72,6,0.8258472681045532,601.7026062011719,475.4071350097656,16.614302,10.40537,True
394,15.72,11,0.6892097592353821,760.9010314941406,321.5862731933594,19.13996,5.5425754,True
394,15.72,13,0.8201245069503784,678.4163513183594,259.6492919921875,18.221447,3.0783377,True
394,15.72,14,0.7968271970748901,766.657958984375,287.7420959472656,19.363182,4.2902465,True
394,15.72,15,0.872562825679779,611.0824584960938,525.5078125,16.632256,11.830073,True
394,15.72,17,0.9115296006202698,493.4156799316406,512.7185668945312,15.226757,11.393258,True
394,15.72,8,0.5441964864730835,315.8448028564453,230.7732696533203,12.86014,1.3690766,True
395,15.76,0,0.8487538695335388,664.6239929199219,513.4678344726562,17.30064,11.536085,True
395,15.76,1,0.7723666429519653,662.5162353515625,186.5757293701172,18.256037,-0.07022261,False
395,15.76,4,0.8876431584358215,525.6699829101562,323.038330078125,15.889399,5.3307486,True
395,15.76,6,0.7864434123039246,596.9479370117188,461.6188049316406,16.581907,9.993806,True
395,15.76,8,0.6702917814254761,315.9456329345703,230.6836853027344,12.861621,1.3653297,True
395,15.76,11,0.6308229565620422,762.5057067871094,322.3648376464844,19.158642,5.57256,True
395,15.76,13,0.8086420893669128,684.9279174804688,260.08740234375,18.313814,3.1044595,True
395,15.76,15,0.8907528519630432,608.4014892578125,525.5107421875,16.600111,11.828305,True
395,15.76,17,0.9055987000465392,491.53285217285156,509.7367858886719,15.20661,11.308169,True
395,15.76,14,0.5689525604248047,768.0545959472656,284.7643737792969,19.395866,4.177979,True
396,15.8,0,0.8733498454093933,661.4790649414062,509.04302978515625,17.273172,11.410921,True
396,15.8,1,0.7726637721061707,664.1318359375,187.12094116210935,18.278738,-0.042890485,False
396,15.8,4,0.8818446397781372,525.6998901367188,322.995849609375,15.889885,5.329219,True
396,15.8,6,0.777593195438385,595.1635131835938,470.3793029785156,16.542711,10.252438,True
396,15.8,8,0.7441381812095642,315.8661651611328,230.43707275390625,12.860203,1.3544893,True
396,15.8,11,0.6672694683074951,765.6789245605469,322.5916442871094,19.20095,5.5842934,True
396,15.8,13,0.7916684746742249,687.4276733398438,261.0833435058594,18.346191,3.147688,True
396,15.8,14,0.6180266737937927,767.6924133300781,284.0868835449219,19.393785,4.1515346,True
396,15.8,15,0.8873808979988098,612.7585754394531,525.6279296875,16.652115,11.834512,True
396,15.8,17,0.8895228505134583,488.8175811767578,508.9751281738281,15.174073,11.284757,True
397,15.84,0,0.8369287252426147,659.2289123535156,507.0703125,17.250624,11.354258,True
397,15.84,1,0.7488016486167908,664.4452819824219,187.1933441162109,18.283268,-0.039107762,False
397,15.84,4,0.8845648765563965,525.5988006591797,323.32470703125,15.8879385,5.341206,True
397,15.84,6,0.8104619979858398,591.8914184570312,473.8990478515625,16.495335,10.353478,True
397,15.84,11,0.6348475813865662,765.4359436035156,322.5802001953125,19.197685,5.5836096,True
397,15.84,13,0.8024523258209229,690.7063903808594,260.67694091796875,18.394928,3.135663,True
397,15.84,14,0.7723188996315002,767.668701171875,287.1445617675781,19.379953,4.268644,True
397,15.84,15,0.8553676605224609,616.3907775878906,524.4680786132812,16.697884,11.805289,True
397,15.84,17,0.8973410725593567,484.8621368408203,502.3361511230469,15.1316395,11.093949,True
398,15.88,0,0.8741646409034729,671.0956726074219,507.0281066894531,17.394018,11.36159,True
398,15.88,4,0.8904275894165039,526.2721557617188,328.5392150878906,15.888853,5.533039,True
398,15.88,6,0.824370265007019,592.2009582519531,465.5886840820313,16.514856,10.108248,True
398,15.88,8,0.8111631274223328,315.85626220703125,229.21356201171875,12.859084,1.3012036,True
398,15.88,11,0.6578941941261292,769.2729187011719,321.72857666015625,19.253523,5.557054,True
398,15.88,13,0.7846863865852356,692.9296264648438,260.10205078125,18.429106,3.1154954,True
398,15.88,14,0.7571441531181335,768.1417236328125,288.9779357910156,19.378498,4.3391795,True
398,15.88,15,0.8228010535240173,627.0377807617188,528.134765625,16.818054,11.912694,True
398,15.88,17,0.8905616402626038,476.2150115966797,505.6491394042969,15.022341,11.181618,True
398,15.88,18,0.798045814037323,653.7877197265625,183.6671142578125,18.13281,-0.21673015,False
399,15.92,0,0.8318668603897095,675.3404235839844,505.4856262207031,17.449043,11.321523,True
399,15.92,4,0.878346860408783,526.8325805664062,326.2062683105469,15.900445,5.4483795,True
399,15.92,6,0.8458786606788635,596.0594482421875,469.6230773925781,16.555323,10.230822,True
399,15.92,8,0.8620041608810425,314.3009033203125,228.9533843994141,12.834905,1.2875735,True
399,15.92,11,0.692306399345398,769.5569458007812,321.527587890625,19.258236,5.5500913,True
399,15.92,13,0.8179394006729126,693.6684265136719,260.1252746582031,18.439663,3.1173918,True
399,15.92,15,0.8028838038444519,634.5739135742188,530.1852416992188,16.903816,11.973559,True
399,15.92,17,0.9031900763511658,471.71742248535156,506.7218017578125,14.966171,11.208693,True
399,15.92,18,0.8026247024536133,650.0176086425781,182.6868896484375,18.07833,-0.2676221,False
400,15.96,0,0.8776029348373413,674.4595031738281,509.6031188964844,17.428291,11.435774,True
400,15.96,4,0.8869678974151611,527.454833984375,328.6343994140625,15.905138,5.5378394,True
400,15.96,6,0.8366103768348694,595.9146118164062,469.5028076171875,16.55375,10.227154,True
400,15.96,8,0.877297580242157,313.5177917480469,226.7462921142578,12.821015,1.1899838,True
400,15.96,11,0.73735111951828,771.5662231445312,321.8788452148437,19.28414,5.565046,True
400,15.96,13,0.837727427482605,693.8152465820312,260.1881408691406,18.441542,3.1201062,True
400,15.96,15,0.8094571828842163,635.8447265625,524.0968017578125,16.931688,11.808557,True
400,15.96,17,0.8940032124519348,467.7202606201172,505.9658203125,14.917611,11.184369,True
400,15.96,18,0.7983698844909668,654.8794555664062,182.6110992431641,18.153612,-0.2633614,False
401,16.0,0,0.8805199861526489,672.1695556640625,507.0788269042969,17.406853,11.363776,True
401,16.0,4,0.8838202953338623,528.0111389160156,328.4440612792969,15.913182,5.5315185,True
401,16.0,6,0.818492591381073,591.5532531738281,471.9744262695313,16.494734,10.296613,True
401,16.0,8,0.8946531414985657,312.98133850097656,226.1036529541016,12.812195,1.1610411,True
401,16.0,11,0.7502884268760681,772.0717163085938,321.9372253417969,19.290781,5.5677214,True
401,16.0,13,0.8286519646644592,694.3312072753906,261.9251403808594,18.442444,3.1903872,True
401,16.0,15,0.8483628034591675,639.9247436523438,534.6844482421875,16.958128,12.098876,True
401,16.0,17,0.8861079812049866,462.31219482421875,503.6596374511719,14.852731,11.114957,True
401,16.0,18,0.7637246251106262,659.7795715332031,180.92828369140625,18.235622,-0.332788,False
402,16.04,0,0.8656333088874817,668.4193115234375,506.9880065917969,17.36181,11.358551,True
402,16.04,4,0.8666097521781921,529.7744293212891,328.3963623046875,15.937769,5.531757,True
402,16.04,6,0.8289200067520142,587.4500122070312,471.1129760742188,16.44523,10.267996,True
402,16.04,8,0.895918071269989,311.607666015625,225.6841583251953,12.7906065,1.1406118,True
402,16.04,11,0.8000919222831726,773.4688415527344,322.4194641113281,19.307772,5.58672,True
402,16.04,13,0.7637293338775635,701.4029541015625,260.422119140625,18.54991,3.1393843,True
402,16.04,15,0.8860968351364136,645.2559814453125,537.4129638671875,17.015635,12.175873,True
402,16.04,17,0.9033822417259216,459.5257873535156,501.62347412109375,14.819805,11.054934,True
402,16.04,18,0.7803438305854797,659.523193359375,180.1911163330078,18.2345,-0.36709526,False
403,16.08,0,0.8683111071586609,667.4163208007812,507.6187744140625,17.348186,11.375444,True
403,16.08,4,0.8648840188980103,530.5803680419922,326.8527526855469,15.951547,5.476268,True
403,16.08,6,0.829804003238678,568.8912353515625,469.1002502441406,16.217169,10.193841,True
403,16.08,8,0.9077159762382508,308.7491760253906,222.6660003662109,12.743709,1.0036128,True
403,16.08,11,0.7971394658088684,773.0409240722656,323.383056640625,19.297876,5.6210647,True
403,16.08,13,0.8149128556251526,700.4289245605469,262.6462707519531,18.527378,3.2271328,True
403,16.08,15,0.927280843257904,651.9246520996094,542.7246704101562,17.08311,12.322427,True
403,16.08,17,0.9048093557357788,448.97711181640625,492.0570068359375,14.6954,10.772399,True
403,16.08,18,0.7768248915672302,657.23388671875,179.93930053710938,18.200098,-0.38234964,False
404,16.12,0,0.837662935256958,674.9825134277344,505.7277526855469,17.444122,11.328038,True
404,16.12,4,0.8812574744224548,531.3293304443359,330.3505249023437,15.956111,5.6046977,True
404,16.12,6,0.8220495581626892,561.2695617675781,466.26556396484375,16.126474,10.10365,True
404,16.12,8,0.9144527316093444,306.91224670410156,220.5858154296875,12.713305,0.9089531,True
404,16.12,11,0.8147274851799011,774.0242004394531,323.29998779296875,19.311605,5.619155,True
404,16.12,13,0.7890098690986633,705.0262451171875,265.6245422363281,18.581911,3.3517458,True
404,16.12,15,0.9203813672065736,654.7924499511719,542.9867553710938,17.116396,12.331299,True
404,16.12,17,0.922630488872528,443.94024658203125,487.0683898925781,14.635621,10.623831,True
404,16.12,18,0.7556645274162292,660.7671203613281,179.02322387695312,18.25823,-0.41889292,False
405,16.16,0,0.8499904274940491,673.5197448730469,505.7450256347656,17.426416,11.32747,True
405,16.16,4,0.8754216432571411,532.54150390625,326.5816650390625,15.979289,5.46856,True
405,16.16,6,0.8679958581924438,555.6779479980469,464.3116149902344,16.05947,10.040965,True
405,16.16,8,0.9128711223602296,305.1465606689453,218.2962188720703,12.683699,0.80473906,True
405,16.16,11,0.8240796327590942,775.9300537109375,323.36865234375,19.337244,5.623746,True
405,16.16,13,0.8106862306594849,707.60009765625,257.9959716796875,18.648586,3.050044,True
405,16.16,15,0.9157184958457948,659.5498657226562,544.6044921875,17.168938,12.377474,True
405,16.16,17,0.927944004535675,438.9917755126953,486.2393798828125,14.574251,10.595869,True
405,16.16,18,0.819691002368927,662.9603881835938,179.0100860595703,18.292181,-0.41598052,False
406,16.2,0,0.8239675164222717,684.9332275390625,504.4512939453125,17.567476,11.2994795,True
406,16.2,4,0.8706456422805786,532.7765655517578,325.2740478515625,15.984777,5.4209356,True
406,16.2,6,0.8973686099052429,550.2135162353516,462.0236206054688,15.994358,9.968179,True
406,16.2,8,0.8967732787132263,303.2957458496094,217.3266448974609,12.65393,0.75880486,True
406,16.2,11,0.8136164546012878,777.6899108886719,322.796142578125,19.363625,5.60502,True
406,16.2,13,0.8272840976715088,707.6046752929688,256.99041748046875,18.652609,3.009564,True
406,16.2,15,0.9054089188575744,662.6496887207031,545.9677124023438,17.202408,12.4157,True
406,16.2,17,0.92340487241745,435.4241180419922,485.2565002441406,14.530142,10.564435,True
406,16.2,18,0.8597129583358765,665.880126953125,177.46163940429688,18.343407,-0.48274997,False
407,16.24,0,0.8420708775520325,693.4944152832031,505.2278442382813,17.668774,11.327366,True
407,16.24,4,0.869925856590271,533.1201934814453,328.13824462890625,15.984699,5.5260925,True
407,16.24,6,0.8595162630081177,547.7479095458984,460.6703796386719,15.965389,9.925624,True
407,16.24,8,0.9131455421447754,302.1437530517578,216.5607147216797,12.635211,0.72292894,True
407,16.24,11,0.8269352316856384,778.8301086425781,323.0193786621094,19.37818,5.614348,True
407,16.24,13,0.7985400557518005,714.9971008300781,256.7666320800781,18.760075,3.0102532,True
407,16.24,15,0.8957149386405945,668.91796875,546.0328369140625,17.276031,12.421516,True
407,16.24,17,0.936234414577484,432.9243927001953,483.6705627441406,14.499631,10.5161295,True
407,16.24,18,0.8405881524085999,666.1064758300781,177.1364288330078,18.348194,-0.4974163,False
408,16.28,0,0.8430262804031372,699.9728393554688,505.8374633789063,17.745249,11.349048,True
408,16.28,4,0.8845674395561218,536.9302825927734,321.3531799316406,16.04947,5.281497,True
408,16.28,6,0.8413057923316956,558.7832336425781,457.08203125,16.110157,9.826728,True
408,16.28,8,0.9105656743049622,302.52471923828125,215.23294067382807,12.639843,0.6642408,True
408,16.28,11,0.8379728198051453,783.5557556152344,323.2926025390625,19.441261,5.629446,True
408,16.28,13,0.7754535675048828,720.3482971191406,259.1941833496094,18.82728,3.114838,True
408,16.28,15,0.8605296015739441,683.493408203125,548.5448608398438,17.441387,12.497455,True
408,16.28,17,0.9398770928382874,427.49317932128906,486.0163269042969,14.430514,10.580497,True
408,16.28,18,0.8547389507293701,666.9803466796875,177.95494079589844,18.35847,-0.45819774,False
409,16.32,0,0.8784171342849731,705.0967407226562,502.7125854492188,17.815437,11.265314,True
409,16.32,4,0.8832187056541443,540.8518524169922,317.71942138671875,16.110762,5.151645,True
409,16.32,6,0.8132458925247192,552.4078369140625,456.7676086425781,16.030197,9.812032,True
409,16.32,8,0.9025659561157228,302.6201934814453,214.8437042236328,12.640949,0.6469867,True
409,16.32,11,0.8089173436164856,787.2174682617188,323.8419189453125,19.488628,5.6533084,True
409,16.32,13,0.7850911617279053,720.6258544921875,260.8758544921875,18.824432,3.1825595,True
409,16.32,15,0.8218465447425842,689.2840576171875,547.7696533203125,17.511194,12.480728,True
409,16.32,17,0.9418083429336548,421.59327697753906,487.6619873046875,14.356,10.623941,True
409,16.32,18,0.8586852550506592,667.5474853515625,177.7540740966797,18.368036,-0.4665597,False
409,16.32,14,0.526699960231781,775.0776062011719,295.21270751953125,19.447643,4.5838323,True
410,16.36,0,0.831912636756897,704.6082458496094,501.3604736328125,17.813217,11.227025,True
410,16.36,4,0.8716551065444946,541.2708435058594,321.7359924316406,16.109377,5.300555,True
410,16.36,6,0.8721973299980164,537.818359375,455.2817077636719,15.848008,9.755176,True
410,16.36,8,0.9117152094841005,303.2685241699219,214.51010131835935,12.650751,0.6330554,True
410,16.36,11,0.6902665495872498,786.9066467285156,325.9610595703125,19.47519,5.7292285,True
410,16.36,13,0.765066385269165,724.0301513671875,257.2824401855469,18.888073,3.0428615,True
410,16.36,15,0.7890328764915466,699.7004089355469,548.6685791015625,17.631073,12.5112,True
410,16.36,17,0.9346559047698976,416.5887908935547,489.3746948242188,14.292786,10.669947,True
410,16.36,18,0.8481348752975464,669.1236267089844,177.24012756347656,18.394459,-0.48776445,False
411,16.4,0,0.8726744651794434,708.8359069824219,501.9492492675781,17.862648,11.246612,True
411,16.4,4,0.8746083974838257,543.4244384765625,326.0762939453125,16.13154,5.462337,True
411,16.4,6,0.8485532999038696,554.7276611328125,455.9976196289063,16.06071,9.790703,True
411,16.4,8,0.9102959036827089,305.10206604003906,214.1565093994141,12.679063,0.6200344,True
411,16.4,11,0.8405194878578186,790.7346496582031,324.6468200683594,19.532854,5.6861825,True
411,16.4,13,0.7846294045448303,724.4353637695312,257.3254089355469,18.893728,3.0451205,True
411,16.4,15,0.7702536582946777,706.9039916992188,550.316162109375,17.711195,12.559243,True
411,16.4,17,0.9212471842765808,411.68621826171875,490.7587585449219,14.231065,10.706404,True
411,16.4,18,0.8431587815284729,670.34423828125,176.42388916015625,18.416613,-0.52354103,False
411,16.4,14,0.5106557011604309,775.2701721191406,291.96875,19.464725,4.461408,True
412,16.44,0,0.8068806529045105,713.1500244140625,502.4434814453125,17.913326,11.263588,True
412,16.44,4,0.8721879720687866,546.0563659667969,322.7331848144531,16.17429,5.3427005,True
412,16.44,6,0.8558619618415833,545.1681823730469,457.8714599609375,15.937094,9.839379,True
412,16.44,8,0.9121668934822084,307.0831298828125,213.69248962402344,12.709588,0.60228866,True
412,16.44,11,0.8165968656539917,791.735595703125,323.60760498046875,19.551012,5.649856,True
412,16.44,13,0.8439397811889648,727.7836608886719,258.5670166015625,18.936739,3.0993772,True
412,16.44,14,0.6797958612442017,781.8885192871094,298.87554931640625,19.525824,4.7295856,True
412,16.44,15,0.7975853085517883,713.9065551757812,557.2691650390625,17.774937,12.745758,True
412,16.44,17,0.9171358942985536,408.1760711669922,491.5742492675781,14.186976,10.727386,True
412,16.44,18,0.8315721750259399,672.8419799804688,177.0738525390625,18.452631,-0.489462,False
413,16.48,0,0.827014148235321,722.1125183105469,503.9354553222656,18.01711,11.311808,True
413,16.48,4,0.8634995222091675,549.8942260742188,320.31982421875,16.232327,5.2581844,True
413,16.48,6,0.8974077701568604,552.8332214355469,460.1905517578125,16.030188,9.915355,True
413,16.48,8,0.9161359667778016,309.1705627441406,212.6654357910156,12.741285,0.55945075,True
413,16.48,11,0.8171881437301636,797.3110961914062,322.7821044921875,19.630383,5.6262546,True
413,16.48,13,0.7920282483100891,740.0106811523438,253.4194183349609,19.134562,2.9081063,True
413,16.48,15,0.8590598702430725,726.9551086425781,565.04736328125,17.905834,12.955513,True
413,16.48,17,0.9113842248916626,397.28985595703125,495.2195129394531,14.050269,10.824607,True
413,16.48,18,0.7991080284118652,679.302978515625,176.5797576904297,18.554539,-0.50189286,False
414,16.52,0,0.8590695261955261,724.6174011230469,506.3232421875,18.040419,11.3802395,True
414,16.52,4,0.8637510538101196,554.2402954101562,317.9273986816406,16.29762,5.174743,True
414,16.52,6,0.8893742561340332,547.7378845214844,460.0484008789063,15.96621,9.906948,True
414,16.52,8,0.8868867754936218,311.22669982910156,212.3946228027344,12.773204,0.55045533,True
414,16.52,11,0.8243806958198547,801.3161010742188,320.3700256347656,19.695654,5.543532,True
414,16.52,13,0.833768904209137,738.8315734863281,255.0056304931641,19.110723,2.9705932,True
414,16.52,14,0.7302216291427612,776.406494140625,295.7059326171875,19.463919,4.6040015,True
414,16.52,15,0.8915724158287048,736.7428588867188,569.5806884765625,18.0066,13.078018,True
414,16.52,17,0.9144912362098694,389.9845886230469,496.5128173828125,13.958971,10.856408,True
414,16.52,18,0.7626132965087891,683.45654296875,175.66412353515625,18.622564,-0.53754497,False
415,16.56,0,0.7440866231918335,738.1626892089844,520.7495727539062,18.160667,11.787635,True
415,16.56,4,0.8541746735572815,556.7868957519531,317.6728210449219,16.33371,5.168243,True
415,16.56,6,0.8790193200111389,548.0341796875,460.2127075195313,15.969693,9.912122,True
415,16.56,8,0.9035910964012146,311.9339294433594,211.20675659179688,12.783235,0.49818763,True
415,16.56,11,0.8125291466712952,804.0743408203125,319.9646911621094,19.735003,5.5319266,True
415,16.56,13,0.8579948544502258,741.9444274902344,255.18014526367188,19.15477,2.9817207,True
415,16.56,14,0.7247548699378967,779.3225708007812,295.954833984375,19.503304,4.6168323,True
415,16.56,15,0.8950563669204712,740.4637145996094,573.2361450195312,18.039438,13.173676,True
415,16.56,17,0.901350438594818,387.98687744140625,497.6403198242188,13.933947,10.887394,True
415,16.56,18,0.8181608319282532,683.5437622070312,174.8424530029297,18.627363,-0.57545674,False
416,16.6,0,0.8209957480430603,742.8094482421875,514.2025756835938,18.235283,11.611346,True
416,16.6,4,0.8432577848434448,556.3118286132812,321.126220703125,16.320276,5.295233,True
416,16.6,6,0.8483585119247437,549.9509887695312,459.1902465820313,15.995423,9.882966,True
416,16.6,8,0.900140106678009,313.4532165527344,210.6774139404297,12.806569,0.47671843,True
416,16.6,11,0.8085389733314514,805.87890625,319.64068603515625,19.761023,5.5222015,True
416,16.6,13,0.8126204013824463,752.0802001953125,259.489990234375,19.281382,3.167982,True
416,16.6,15,0.9030853509902954,753.2675170898438,575.5743408203125,18.179874,13.24089,True
416,16.6,17,0.8949529528617859,384.6817321777344,498.094482421875,13.892717,10.897984,True
416,16.6,18,0.8483975529670715,684.7858581542969,175.04824829101562,18.645714,-0.56391376,False
416,16.6,14,0.5480824708938599,793.8102111816406,297.93212890625,19.695162,4.708236,True
417,16.64,0,0.8035095930099487,746.7267761230469,509.7977294921875,18.295301,11.492467,True
417,16.64,4,0.849949061870575,562.9529113769531,314.4224853515625,16.426508,5.054723,True
417,16.64,6,0.8434689044952393,546.3896789550781,458.91455078125,15.9509325,9.871775,True
417,16.64,8,0.9097265005111694,315.1918487548828,210.2113342285156,12.833408,0.45842037,True
417,16.64,11,0.8393343687057495,808.6920776367188,317.5899353027344,19.808737,5.4509406,True
417,16.64,13,0.764565646648407,758.1804809570312,264.0384216308594,19.348356,3.3570385,True
417,16.64,15,0.8919144868850708,764.1885375976562,576.94287109375,18.301014,13.282156,True
417,16.64,17,0.9161805510520936,383.0387878417969,498.5867309570313,13.872212,10.910913,True
417,16.64,18,0.8752073645591736,686.8582763671875,175.36801147460938,18.676409,-0.54576,False
418,16.68,0,0.8561320900917053,760.337158203125,519.8884887695312,18.426678,11.779411,True
418,16.68,4,0.8681102395057678,571.7508239746094,319.7220764160156,16.53828,5.261098,True
418,16.68,6,0.7955783009529114,549.3844299316406,459.1141357421875,15.988397,9.880217,True
418,16.68,8,0.8892554640769958,319.6541442871094,210.01206970214844,12.9031315,0.4563317,True
418,16.68,11,0.8882253170013428,809.6429443359375,314.0014343261719,19.838348,5.3212676,True
418,16.68,13,0.8017385601997375,767.306884765625,260.09002685546875,19.49655,3.2116957,True
418,16.68,15,0.8955199122428894,775.0257873535156,577.3553466796875,18.42371,13.2990885,True
418,16.68,17,0.9369052052497864,391.3231964111328,498.0736389160156,13.975466,10.902377,True
418,16.68,18,0.8629745244979858,691.4838562011719,174.24737548828125,18.752728,-0.5901971,False
419,16.72,0,0.8556426763534546,765.111328125,518.9567260742188,18.486256,11.757257,True
419,16.72,4,0.8761997222900391,574.3325805664062,318.1980895996094,16.577536,5.207802,True
419,16.72,6,0.8446661829948425,547.5036315917969,458.4379577636719,15.965712,9.858344,True
419,16.72,8,0.8871696591377258,320.09600830078125,209.8971099853516,12.909963,0.4518371,True
419,16.72,11,0.9127429723739624,808.8182983398438,312.7886047363281,19.832735,5.275984,True
419,16.72,13,0.790848970413208,770.4286193847656,255.7904357910156,19.56114,3.0436206,True
419,16.72,15,0.9014291763305664,780.4742431640625,577.7883911132812,18.48465,13.313297,True
419,16.72,17,0.9409191012382508,395.7277374267578,498.3572692871094,14.030269,10.913844,True
419,16.72,18,0.8632733821868896,694.5255126953125,174.1254425048828,18.800293,-0.5909287,False
420,16.76,0,0.8789111375808716,772.0100402832031,516.99267578125,18.574402,11.708306,True
420,16.76,4,0.8852615356445312,577.2644348144531,317.0241394042969,16.620989,5.1677537,True
420,16.76,6,0.8818308115005493,541.5796966552734,457.9726867675781,15.891632,9.839496,True
420,16.76,8,0.8943257927894592,324.9803466796875,209.6971893310547,12.986284,0.45037055,True
420,16.76,11,0.9321658611297609,806.8641052246094,313.6490783691406,19.80204,5.3052497,True
420,16.76,13,0.7718918919563293,775.7630920410156,253.97288513183597,19.646196,2.9775095,True
420,16.76,15,0.9092892408370972,780.0269165039062,578.1878662109375,18.478342,13.323126,True
420,16.76,17,0.9367087483406068,401.32518005371094,498.1319580078125,14.099977,10.911569,True
420,16.76,18,0.8481730818748474,696.5148010253906,174.00689697265625,18.831566,-0.59320575,False
421,16.8,0,0.8564791083335876,774.3583068847656,514.180908203125,18.61134,11.632803,True
421,16.8,4,0.882926344871521,579.3877868652344,315.560546875,16.653868,5.1159744,True
421,16.8,6,0.8629552125930786,542.0777130126953,458.3625183105469,15.897345,9.8516445,True
421,16.8,8,0.891951322555542,326.697509765625,209.48834228515625,13.01302,0.4436155,True
421,16.8,11,0.9226438999176024,808.3712158203125,314.0806579589844,19.82062,5.322726,True
421,16.8,13,0.7445000410079956,775.6924438476562,257.52764892578125,19.628397,3.1201603,True
421,16.8,15,0.9171175956726074,783.5044860839844,577.5240478515625,18.520046,13.308425,True
421,16.8,17,0.9247360229492188,407.1821594238281,498.22265625,14.172814,10.918571,True
421,16.8,18,0.8538817167282104,696.8701782226562,174.2498779296875,18.835997,-0.5813693,False
422,16.84,0,0.8501148819923401,780.4175415039062,509.6781311035156,18.698195,11.512954,True
422,16.84,4,0.8868198394775391,581.7707824707031,314.8197021484375,16.68881,5.0912337,True
422,16.84,6,0.9014975428581238,544.6269226074219,461.5186462402344,15.9248,9.94853,True
422,16.84,8,0.8882812857627869,329.3951721191406,209.2217712402344,13.055068,0.4357728,True
422,16.84,11,0.9238411784172058,809.7895812988281,314.58697509765625,19.837624,5.342815,True
422,16.84,13,0.7366925477981567,779.2916870117188,259.724853515625,19.669474,3.2126408,True
422,16.84,15,0.9112727046012878,789.37890625,575.2064819335938,18.594229,13.253274,True
422,16.84,17,0.906656801700592,404.86231994628906,498.8017883300781,14.143822,10.933471,True
422,16.84,18,0.8513587713241577,698.5274658203125,174.57766723632812,18.860167,-0.5635075,False
423,16.88,0,0.8303182125091553,784.0250549316406,508.1875,18.746172,11.474267,True
423,16.88,1,0.8004012107849121,705.8026123046875,173.488525390625,18.977419,-0.60220855,False
423,16.88,4,0.8916307091712952,585.5421142578125,314.30181884765625,16.74267,5.0763583,True
423,16.88,6,0.9015381932258606,545.1225891113281,467.0859375,15.922735,10.11514,True
423,16.88,8,0.8913090825080872,331.5731964111328,207.67007446289065,13.088211,0.36915642,True
423,16.88,11,0.916256844997406,813.1229248046875,314.31427001953125,19.884378,5.336621,True
423,16.88,13,0.7546886205673218,783.8507690429688,257.82354736328125,19.743668,3.142613,True
423,16.88,15,0.9211909770965576,809.4160461425781,569.5379638671875,18.841368,13.121254,True
423,16.88,17,0.8987314105033875,414.6022491455078,499.18011474609375,14.264749,10.951622,True
423,16.88,18,0.8427743911743164,700.8603820800781,173.7665557861328,18.899801,-0.59731644,False
424,16.92,0,0.8321704864501953,788.6834716796875,506.9872131347656,18.805807,11.444312,True
424,16.92,4,0.8940777778625488,587.2919311523438,314.44256591796875,16.766785,5.083606,True
424,16.92,6,0.9037164449691772,545.1304626464844,468.1109313964844,15.921312,10.145606,True
424,16.92,8,0.8670265078544617,332.21400451660156,208.1444549560547,13.098535,0.39156166,True
424,16.92,11,0.9124680757522584,813.0978393554688,314.28289794921875,19.884184,5.335447,True
424,16.92,13,0.7578507661819458,786.3418579101562,258.5438537597656,19.775797,3.1746364,True
424,16.92,14,0.6619299054145813,821.9913635253906,294.4751281738281,20.101654,4.6116366,True
424,16.92,15,0.917116641998291,822.2760009765625,569.4481811523438,18.988823,13.126781,True
424,16.92,17,0.9195953607559204,432.4482421875,499.0252075195313,14.486278,10.960522,True
424,16.92,18,0.8575413823127747,701.3724365234375,174.60641479492188,18.903984,-0.5575822,False
425,16.96,0,0.8416811227798462,792.8080749511719,505.767578125,18.859203,11.413404,True
425,16.96,4,0.8987077474594116,588.711669921875,316.04083251953125,16.782887,5.144506,True
425,16.96,6,0.895180344581604,551.7390441894531,469.1100769042969,16.00259,10.1805105,True
425,16.96,8,0.887839138507843,331.8514404296875,208.6760711669922,13.093177,0.4149763,True
425,16.96,11,0.9114177823066713,812.69287109375,313.8321533203125,19.880772,5.318528,True
425,16.96,13,0.7401219010353088,789.6497192382812,258.5023498535156,19.82323,3.1772685,True
425,16.96,15,0.9051803946495056,832.5411987304688,569.1349487304688,19.107244,13.125034,True
425,16.96,17,0.9062605500221252,437.3038787841797,499.84710693359375,14.546052,10.987684,True
425,16.96,18,0.8493340015411377,702.3085327148438,174.89779663085938,18.917145,-0.5425873,False
426,17.0,0,0.8650449514389038,794.4627990722656,504.9407043457031,18.881796,11.391614,True
426,17.0,1,0.7316010594367981,703.756591796875,174.98536682128906,18.939106,-0.536201,False
426,17.0,4,0.8994643688201904,589.6149597167969,314.72003173828125,16.79857,5.0965853,True
426,17.0,6,0.9040210843086244,551.1610412597656,469.6522216796875,15.994522,10.1961155,True
426,17.0,8,0.8875989317893982,333.9763488769531,208.2579803466797,13.126196,0.39940962,True
426,17.0,11,0.8978930711746216,811.0719604492188,314.3226318359375,19.856356,5.334612,True
426,17.0,13,0.7444598078727722,789.2062377929688,258.7610778808594,19.815643,3.1870234,True
426,17.0,15,0.8614416718482971,842.9830322265625,560.1988525390625,19.257933,12.902477,True
426,17.0,17,0.9084882736206056,443.7281036376953,499.4143981933594,14.625858,10.980087,True
426,17.0,18,0.804262638092041,701.9248046875,174.5769805908203,18.912645,-0.5580529,False
426,17.0,14,0.5054363012313843,825.9297180175781,288.5638732910156,20.18567,4.3929396,True
427,17.04,0,0.8837990760803223,797.9705810546875,505.5796508789063,18.921513,11.411859,True
427,17.04,4,0.8966002464294434,589.7148132324219,315.1639404296875,16.798925,5.1131663,True
427,17.04,6,0.9053953289985656,551.4809875488281,469.4069213867188,15.998903,10.189103,True
427,17.04,8,0.8876915574073792,334.8628234863281,207.8705139160156,13.139856,0.38330033,True
427,17.04,11,0.9046762585639954,810.7238159179688,314.070068359375,19.852783,5.3249955,True
427,17.04,13,0.761300265789032,789.7453918457031,259.906494140625,19.817781,3.2334003,True
427,17.04,15,0.824796199798584,847.9007568359375,547.8956298828125,19.358665,12.58611,True
427,17.04,17,0.9028958678245544,443.26556396484375,499.2100830078125,14.620246,10.973893,True
427,17.04,18,0.8562164902687073,702.7271423339844,175.47975158691406,18.921017,-0.5150035,False
428,17.08,0,0.8894855380058289,800.2701721191406,506.6266174316406,18.94535,11.442535,True
428,17.08,4,0.9003139138221741,590.5086059570312,323.2530212402344,16.791119,5.41213,True
428,17.08,6,0.9037243723869324,552.7109985351562,470.1175537109375,16.0132,10.211123,True
428,17.08,8,0.8755983710289001,332.6373291015625,208.48431396484372,13.105366,0.4075458,True
428,17.08,11,0.8595158457756042,806.5270080566406,313.85919189453125,19.796463,5.3125496,True
428,17.08,13,0.7608475685119629,792.1710205078125,263.53729248046875,19.834719,3.3807447,True
428,17.08,15,0.8520248532295227,857.612548828125,558.280029296875,19.43282,12.862093,True
428,17.08,17,0.9155583381652832,445.63629150390625,500.0858154296875,14.649094,11.000718,True
428,17.08,18,0.8720292448997498,702.8301391601562,177.42428588867188,18.913963,-0.42512396,False
428,17.08,14,0.5533763766288757,818.4435424804688,293.9344482421875,20.0552,4.5870833,True
429,17.12,0,0.8996723294258118,801.18408203125,506.3896484375,18.957077,11.436614,True
429,17.12,4,0.9025884866714478,591.8705749511719,324.3121643066406,16.807533,5.4524136,True
429,17.12,6,0.9064710140228271,552.6206359863281,469.6817932128906,16.012743,10.19815,True
429,17.12,8,0.8750062584877014,329.9510192871094,208.5557861328125,13.06335,0.406615,True
429,17.12,11,0.8749045729637146,805.9930419921875,314.411376953125,19.786621,5.3321204,True
429,17.12,13,0.7360431551933289,793.999267578125,265.3755187988281,19.851772,3.4557667,True
429,17.12,15,0.8644805550575256,861.1519775390625,557.4203491210938,19.476618,12.842104,True
429,17.12,17,0.888812243938446,454.80247497558594,494.5362854003906,14.7661915,10.848335,True
429,17.12,18,0.8600410223007202,701.9257507324219,177.1278839111328,18.901344,-0.44023004,False
429,17.12,14,0.5781059861183167,810.3894653320312,286.61151123046875,19.979067,4.2999644,True
430,17.16,0,0.9025678038597108,802.5469360351562,505.28955078125,18.977167,11.407061,True
430,17.16,1,0.8342704772949219,699.9437866210938,176.8066864013672,18.872211,-0.45821935,False
430,17.16,4,0.9082650542259216,591.5137939453125,317.1946105957031,16.81924,5.1904073,True
430,17.16,6,0.903270661830902,553.0498199462891,469.9321594238281,16.017725,10.205904,True
430,17.16,8,0.8754988312721252,330.3715057373047,208.305908203125,13.069778,0.39599475,True
430,17.16,11,0.882103443145752,805.4412841796875,314.64599609375,19.778006,5.3400645,True
430,17.16,13,0.7548486590385437,794.4297790527344,262.267822265625,19.87302,3.3333192,True
430,17.16,15,0.8834636807441711,867.310791015625,555.996337890625,19.552645,12.809143,True
430,17.16,17,0.8766013979911804,465.53944396972656,495.9271545410156,14.898348,10.896411,True
430,17.16,18,0.7512180805206299,700.85693359375,176.6549835205078,18.88696,-0.46374986,False
431,17.2,0,0.8730228543281555,808.6986694335938,505.8507995605469,19.048622,11.427007,True
431,17.2,1,0.8665328621864319,697.663818359375,176.93930053710938,18.836475,-0.45576456,False
431,17.2,4,0.8985711932182312,592.8493957519531,323.28826904296875,16.82349,5.416064,True
431,17.2,6,0.8671678304672241,556.7867126464844,468.9778442382813,16.065979,10.180603,True
431,17.2,8,0.859804093837738,330.0163879394531,207.83746337890625,13.063922,0.3743028,True
431,17.2,11,0.8696368932723999,804.1814575195312,314.7959899902344,19.760118,5.344119,True
431,17.2,13,0.7689142823219299,792.3662719726562,263.1639404296875,19.839306,3.3662045,True
431,17.2,14,0.6842427849769592,813.4495544433594,293.20098876953125,19.989582,4.5535126,True
431,17.2,15,0.8890190720558167,873.874267578125,557.8951416015625,19.620872,12.862283,True
431,17.2,17,0.8899717926979065,484.8119812011719,493.24798583984375,15.1393795,10.833863,True
432,17.24,0,0.8633745908737183,817.7370300292969,508.4923706054688,19.146914,11.50651,True
432,17.24,1,0.8520578145980835,696.85546875,176.39764404296875,18.826374,-0.48205647,False
432,17.24,4,0.9065552949905396,594.0693969726562,330.278564453125,16.82401,5.6719346,True
432,17.24,6,0.8279486298561096,568.2628173828125,467.6234130859375,16.2118,10.149568,True
432,17.24,8,0.8774402737617493,330.9808654785156,207.42266845703125,13.078778,0.35706314,True
432,17.24,11,0.8774554133415222,804.1893920898438,314.2261047363281,19.762846,5.323316,True
432,17.24,13,0.7819889187812805,789.6759033203125,258.2996520996094,19.82459,3.1692069,True
432,17.24,14,0.7265507578849792,812.3985900878906,295.966552734375,19.961657,4.6563683,True
432,17.24,15,0.8698160648345947,883.9288330078125,558.9772338867188,19.73199,12.89641,True
432,17.24,17,0.9011954069137572,495.94580078125,496.1771240234375,15.274275,10.926364,True
433,17.28,0,0.8477906584739685,831.8256530761719,506.08013916015625,19.32338,11.449763,True
433,17.28,1,0.8607867360115051,695.11083984375,176.63775634765625,18.798412,-0.47377816,False
433,17.28,4,0.8991177082061768,592.8403930664062,332.5840759277344,16.80173,5.753915,True
433,17.28,6,0.8649007081985474,578.3121948242188,467.8423461914063,16.337101,10.164059,True
433,17.28,8,0.8836399912834167,329.3463134765625,207.4522857666016,13.053177,0.35586658,True
433,17.28,11,0.883830726146698,802.6211547851562,314.53125,19.740028,5.332692,True
433,17.28,13,0.7581167221069336,788.2424926757812,267.7797241210937,19.758545,3.543209,True
433,17.28,15,0.9095642566680908,898.1578063964844,560.55322265625,19.888638,12.94572,True
433,17.28,17,0.9041095972061156,489.8561553955078,498.9562683105469,15.196357,11.001328,True
433,17.28,14,0.5500990152359009,808.7834167480469,294.4700622558594,19.918795,4.5958095,True
434,17.32,0,0.8460693955421448,841.6422119140625,508.1635437011719,19.432302,11.514275,True
434,17.32,1,0.8732525706291199,695.3534545898438,176.65716552734375,18.80207,-0.4724924,False
434,17.32,4,0.9067408442497252,591.9185791015625,325.26373291015625,16.80598,5.487223,True
434,17.32,6,0.8581434488296509,580.7738342285156,465.900146484375,16.371351,10.108376,True
434,17.32,8,0.8733689188957214,325.38525390625,208.2890167236328,12.991652,0.38751504,True
434,17.32,11,0.8756852746009827,801.21337890625,313.88006591796875,19.72378,5.3073053,True
434,17.32,13,0.7952921390533447,786.5127563476562,256.4658508300781,19.788275,3.0917227,True
434,17.32,14,0.6875067353248596,812.0865478515625,296.470947265625,19.954912,4.674939,True
434,17.32,15,0.9047040939331056,902.3304138183594,559.07666015625,19.942162,12.910366,True
434,17.32,17,0.9301876425743104,498.66737365722656,500.61962890625,15.303289,11.055299,True
435,17.36,0,0.8416604399681091,842.4851989746094,511.6404113769531,19.4292,11.610569,True
435,17.36,1,0.8623164296150208,695.1818237304688,176.5673065185547,18.799812,-0.4769157,False
435,17.36,4,0.9023074507713318,589.6928405761719,317.8314819335937,16.792389,5.2118487,True
435,17.36,6,0.8522178530693054,582.4583740234375,463.2369689941406,16.397264,10.030437,True
435,17.36,8,0.8811851143836975,326.51075744628906,208.62371826171875,13.009513,0.4043582,True
435,17.36,11,0.8852141499519348,799.9400634765625,313.7839050292969,19.706818,5.302349,True
435,17.36,13,0.8016752600669861,785.7318725585938,254.5052795410156,19.786589,3.0120068,True
435,17.36,15,0.8694757223129272,907.2189331054688,556.8829956054688,20.006838,12.856927,True
435,17.36,17,0.9359402656555176,507.44212341308594,505.6324157714844,15.40576,11.203976,True
436,17.4,0,0.8694010972976685,846.5214233398438,514.5305786132812,19.46607,11.69258,True
436,17.4,1,0.8711504936218262,694.4276428222656,176.16995239257812,18.789898,-0.496477,False
436,17.4,4,0.8923957347869873,588.2181091308594,317.821533203125,16.771875,5.209793,True
436,17.4,6,0.8809677362442017,585.3843688964844,461.64642333984375,16.43687,9.985307,True
436,17.4,8,0.862000584602356,322.8942108154297,208.7949981689453,12.952975,0.40649003,True
436,17.4,11,0.8849358558654785,797.9537048339844,314.2413635253906,19.677591,5.3168287,True
436,17.4,13,0.7839006781578064,785.2865600585938,253.56919860839844,19.784742,2.9737594,True
436,17.4,15,0.8957822918891907,905.4747009277344,554.4563598632812,19.996605,12.793188,True
436,17.4,17,0.9377695918083192,509.96180725097656,505.2496032714844,15.4370775,11.194992,True
437,17.44,0,0.8871253728866577,851.3363647460938,511.0730895996094,19.536205,11.601169,True
437,17.44,1,0.8737099170684814,694.8873291015625,175.8994140625,18.798168,-0.5082365,False
437,17.44,4,0.888359010219574,587.4288330078125,316.73846435546875,16.763382,5.168854,True
437,17.44,6,0.8825474381446838,586.6926879882812,462.9508972167969,16.45086,10.025309,True
437,17.44,8,0.8753746151924133,322.22560119628906,209.37954711914065,12.942926,0.43181017,True
437,17.44,11,0.8992621898651123,798.6496887207031,314.5047912597656,19.685905,5.3272414,True
437,17.44,13,0.770458996295929,785.7845458984375,259.2757263183594,19.764315,3.203129,True
437,17.44,15,0.8409983515739441,905.9774169921875,547.025146484375,20.03238,12.60041,True
437,17.44,17,0.9214319586753844,514.8360900878906,506.3883666992188,15.495507,11.2307205,True
438,17.48,0,0.8925970196723938,863.9339599609375,511.0077209472656,19.68558,11.60817,True
438,17.48,1,0.8833022117614746,692.2247314453125,175.32034301757812,18.759552,-0.5393057,False
438,17.48,4,0.8859934210777283,585.5046691894531,311.7829895019531,16.747948,4.982577,True
438,17.48,6,0.9042141437530518,603.9324340820312,461.669677734375,16.6693,10.000953,True
438,17.48,8,0.8790002465248108,316.9557800292969,209.24685668945312,12.86026,0.4176857,True
438,17.48,11,0.8769799470901489,800.9982299804688,317.41180419921875,19.704746,5.435845,True
438,17.48,13,0.7462044358253479,785.5214538574219,258.03533935546875,19.766527,3.1532521,True
438,17.48,15,0.8375457525253296,907.7169799804688,532.1453857421875,20.113579,12.209258,True
438,17.48,17,0.8981401920318604,518.3124084472656,506.701416015625,15.537701,11.2420845,True
438,17.48,14,0.5064387321472168,767.4021301269531,283.999267578125,19.390102,4.147815,True
439,17.52,0,0.9221430420875548,865.603515625,508.4051208496094,19.715614,11.537782,True
439,17.52,1,0.8900498151779175,690.714111328125,174.6115264892578,18.739256,-0.5745648,False
439,17.52,4,0.8797123432159424,584.6615600585938,315.468505859375,16.727701,5.1186376,True
439,17.52,6,0.8526943922042847,602.846435546875,460.0874633789063,16.658867,9.952795,True
439,17.52,8,0.8844693303108215,312.68101501464844,210.10870361328125,12.793987,0.44992453,True
439,17.52,11,0.8505648970603943,803.7467041015625,320.4739685058594,19.728228,5.5499988,True
439,17.52,13,0.7743129134178162,780.1396789550781,253.9976348876953,19.708866,2.9842515,True
439,17.52,15,0.8441874384880066,911.5752563476562,529.25048828125,20.170546,12.134617,True
439,17.52,17,0.8785550594329834,518.5068969726562,507.2752075195313,15.5394,11.258406,True
439,17.52,14,0.5044763088226318,797.597412109375,299.1318054199219,19.742,4.757624,True
440,17.56,0,0.9221456050872804,865.0712585449219,507.7445983886719,19.71192,11.519208,True
440,17.56,1,0.888982355594635,690.1622009277344,174.77520751953125,18.730019,-0.56787384,False
440,17.56,4,0.8644110560417175,583.44189453125,312.7366638183594,16.716896,5.015719,True
440,17.56,6,0.892720103263855,599.769775390625,461.18798828125,16.618113,9.983212,True
440,17.56,8,0.8934215307235718,313.0,209.41944885253903,12.798395,0.41935307,True
440,17.56,11,0.8342595100402832,805.313720703125,320.19287109375,19.750813,5.5415683,True
440,17.56,13,0.7486617565155029,781.2156066894531,252.7463836669922,19.730307,2.9352477,True
440,17.56,14,0.65848708152771,765.0176086425781,288.4366149902344,19.337198,4.31477,True
440,17.56,15,0.8483495116233826,915.0502624511719,528.7700805664062,20.213026,12.124091,True
440,17.56,17,0.895125150680542,517.64501953125,504.6170349121094,15.531997,11.182716,True
441,17.6,0,0.9119523167610168,865.04052734375,507.1520080566406,19.713902,11.502844,True
441,17.6,1,0.8775730133056641,688.4325256347656,174.48829650878906,18.704496,-0.5839652,False
441,17.6,4,0.8792836666107178,580.9539794921875,309.4837951660156,16.689442,4.89137,True
441,17.6,6,0.9142630696296692,598.663818359375,460.5187377929688,16.605568,9.962315,True
441,17.6,8,0.8993017673492432,311.0370330810547,209.40676879882807,12.767606,0.4157461,True
441,17.6,11,0.7979593873023987,805.9878540039062,321.943603515625,19.751974,5.605605,True
441,17.6,13,0.7840063571929932,778.2883911132812,249.4979248046875,19.703833,2.7999964,True
441,17.6,14,0.6313472986221313,771.9879150390625,291.91827392578125,19.419214,4.4555674,True
441,17.6,15,0.8267736434936523,913.9864196777344,527.9533081054688,20.204086,12.101541,True
441,17.6,17,0.904286563396454,518.3599548339844,504.216064453125,15.541237,11.171894,True
442,17.64,0,0.9202997088432312,863.5227966308594,505.2921142578125,19.703257,11.450396,True
442,17.64,1,0.8847275376319885,686.7607727050781,174.65235900878906,18.677937,-0.57906467,False
442,17.64,4,0.8861721754074097,578.4166564941406,313.03875732421875,16.645908,5.02114,True
442,17.64,6,0.9310994148254396,596.6567687988281,462.0403442382813,16.577436,10.006157,True
442,17.64,8,0.8797641396522522,307.2994079589844,209.2183532714844,12.708805,0.40146253,True
442,17.64,11,0.7889949083328247,805.1484680175781,322.7591857910156,19.736866,5.6341004,True
442,17.64,13,0.7657771706581116,776.1547241210938,248.5082092285156,19.677841,2.756986,True
442,17.64,15,0.8220230340957642,914.5409545898438,525.9530029296875,20.219007,12.048321,True
442,17.64,17,0.9048618078231812,515.8241882324219,501.9344482421875,15.512817,11.105349,True
442,17.64,14,0.5660223960876465,768.6604309082031,292.5577087402344,19.37003,4.4758253,True
443,17.68,0,0.8968453407287598,870.4500427246094,498.90185546875,19.811247,11.277863,True
443,17.68,1,0.8822335004806519,681.1579284667969,173.45545959472656,18.596235,-0.6436854,False
443,17.68,4,0.8944393992424011,576.3941040039062,309.1533508300781,16.626196,4.873658,True
443,17.68,6,0.9205414652824402,592.5306091308594,464.7478637695313,16.520576,10.083517,True
443,17.68,8,0.8876656293869019,306.10374450683594,209.2987060546875,12.690119,0.4032385,True
443,17.68,11,0.7627398371696472,800.4278564453125,323.8045349121094,19.668098,5.666553,True
443,17.68,13,0.7764178514480591,770.8370971679688,245.21792602539065,19.616762,2.615812,True
443,17.68,14,0.6130884885787964,760.9922180175781,287.809814453125,19.283604,4.2859774,True
443,17.68,15,0.8372453451156616,912.9692993164062,522.955322265625,20.213362,11.966684,True
443,17.68,17,0.8497052192687988,509.2096405029297,492.3709716796875,15.442317,10.827013,True
444,17.72,0,0.8996357917785645,872.2986450195312,494.7511901855469,19.850183,11.1631365,True
444,17.72,1,0.875883162021637,679.9857482910156,173.23626708984375,18.578983,-0.65577626,False
444,17.72,4,0.899689257144928,572.8752746582031,309.41290283203125,16.576225,4.8792624,True
444,17.72,6,0.9181288480758668,589.1307983398438,462.2729797363281,16.482681,10.007041,True
444,17.72,8,0.9068498611450196,305.66766357421875,209.15823364257807,12.683141,0.39622274,True
444,17.72,11,0.7616819143295288,794.6791687011719,324.52899169921875,19.58689,5.6862917,True
444,17.72,13,0.7686751484870911,765.3715515136719,244.60235595703125,19.540606,2.5832934,True
444,17.72,15,0.8133435845375061,918.4186706542969,520.4605712890625,20.287743,11.903076,True
444,17.72,17,0.8538235425949097,505.4209899902344,480.9349670410156,15.408134,10.492313,True
444,17.72,14,0.5787636041641235,759.0526428222656,281.94842529296875,19.281815,4.0586696,True
445,17.76,0,0.871467649936676,876.4412536621094,489.4754638671875,19.92147,11.017727,True
445,17.76,1,0.8713059425354004,676.9945678710938,173.1046600341797,18.533154,-0.666756,False
445,17.76,4,0.8964341282844543,571.3965454101562,310.67242431640625,16.55274,4.9246755,True
445,17.76,6,0.9002218246459961,584.8702087402344,459.1637573242188,16.435007,9.9105625,True
445,17.76,8,0.9232275485992432,303.50439453125,208.3665771484375,12.648404,0.35710275,True
445,17.76,11,0.7914225459098816,794.8723754882812,325.3428649902344,19.585903,5.7157755,True
445,17.76,13,0.782030463218689,763.5394287109375,250.1310577392578,19.488392,2.8060975,True
445,17.76,15,0.8310339450836182,921.4090881347656,514.6503295898438,20.34792,11.747564,True
445,17.76,17,0.877061128616333,505.48170471191406,480.0422058105469,15.409891,10.466234,True
446,17.8,0,0.8590145111083984,880.8252868652344,484.4971618652344,19.994892,10.879964,True
446,17.8,1,0.8639616370201111,674.7863159179688,172.86663818359375,18.49988,-0.68142086,False
446,17.8,4,0.8655480742454529,570.316162109375,316.9859924316406,16.524097,5.1583586,True
446,17.8,6,0.8979819416999817,582.2927856445312,455.51849365234375,16.409292,9.798845,True
446,17.8,8,0.9233359694480896,300.4516906738281,208.66482543945312,12.600746,0.36584997,True
446,17.8,11,0.7958411574363708,792.79296875,324.7503967285156,19.560324,5.692179,True
446,17.8,13,0.8068759441375732,763.3154296875,246.99188232421875,19.499716,2.6781397,True
446,17.8,15,0.8124648928642273,919.1513061523438,509.8212890625,20.342405,11.614127,True
446,17.8,17,0.8494914174079895,502.89556884765625,480.5299682617188,15.37708,10.478504,True
446,17.8,14,0.5554049611091614,767.9967346191406,291.5028076171875,19.365396,4.435026,True
447,17.84,0,0.8599274754524231,883.7256774902344,480.5593872070313,20.046463,10.769947,True
447,17.84,1,0.8523314595222473,674.5378112792969,172.46920776367188,18.497654,-0.70032823,False
447,17.84,4,0.8789845108985901,569.9252624511719,319.623779296875,16.513056,5.2553887,True
447,17.84,6,0.8979776501655579,580.930419921875,449.6974487304688,16.40279,9.621488,True
447,17.84,8,0.91373211145401,300.0613250732422,208.85479736328125,12.59481,0.37383074,True
447,17.84,11,0.7848214507102966,790.41748046875,324.4242858886719,19.529528,5.677822,True
447,17.84,13,0.8381739854812622,760.4095458984375,249.39183044433597,19.44667,2.7719316,True
447,17.84,15,0.8245986104011536,919.7616577148438,501.8356323242188,20.38466,11.394598,True
447,17.84,17,0.8669247031211853,502.56736755371094,480.3569030761719,15.373175,10.473184,True
447,17.84,14,0.5012836456298828,752.2726440429688,277.633056640625,19.204933,3.883289,True
448,17.88,0,0.8485984802246094,888.8261413574219,474.1966247558594,20.135359,10.591304,True
448,17.88,1,0.8557687401771545,672.4878845214844,174.0124969482422,18.459558,-0.6318744,False
448,17.88,4,0.8610861897468567,565.7788391113281,314.614501953125,16.465666,5.0651336,True
448,17.88,6,0.7661859393119812,573.4234313964844,442.6734008789063,16.320282,9.40054,True
448,17.88,8,0.8662248253822327,290.34788513183594,209.5472717285156,12.442944,0.3900623,True
448,17.88,11,0.7684096097946167,791.7783203125,325.1974182128906,19.544594,5.707141,True
448,17.88,13,0.804518461227417,757.6444396972656,247.836181640625,19.413883,2.7049654,True
448,17.88,15,0.8653637170791626,921.0951843261719,488.96533203125,20.457895,11.036085,True
448,17.88,17,0.8554461002349854,496.6537628173828,475.9465026855469,15.303974,10.339025,True
448,17.88,14,0.5958617925643921,762.4087524414062,280.30908203125,19.336203,3.9995148,True
449,17.92,0,0.8293780088424683,892.8659057617188,474.088134765625,20.18468,10.591253,True
449,17.92,1,0.8430753350257874,672.2812805175781,173.14637756347656,18.459871,-0.6724778,False
449,17.92,4,0.8516243696212769,565.0747985839844,310.4602966308594,16.46447,4.909357,True
449,17.92,6,0.7450743913650513,572.5843811035156,442.33099365234375,16.310213,9.389309,True
449,17.92,8,0.9075905680656432,296.625244140625,210.0396270751953,12.5421,0.42200604,True
449,17.92,11,0.7797554135322571,789.884033203125,323.7074584960937,19.52543,5.651409,True
449,17.92,13,0.7617632150650024,755.9281005859375,253.19546508789065,19.364773,2.9200573,True
449,17.92,15,0.8795850872993469,926.0867309570312,485.7001953125,20.532349,10.947578,True
449,17.92,17,0.8727622628211975,499.36488342285156,465.4173889160156,15.349314,10.028664,True
450,17.96,0,0.8377934694290161,896.4232788085938,475.5144653320313,20.22142,10.634988,True
450,17.96,1,0.8445983529090881,672.2706604003906,173.0829620361328,18.459965,-0.6754458,False
450,17.96,4,0.8401835560798645,564.2221069335938,311.6361083984375,16.450052,4.9523263,True
450,17.96,6,0.7820618152618408,572.0664978027344,443.6546630859375,16.301268,9.429519,True
450,17.96,8,0.8961370587348938,295.375,210.1031188964844,12.522541,0.4229368,True
450,17.96,11,0.7773356437683105,790.5179443359375,323.8124084472656,19.533577,5.655892,True
450,17.96,13,0.7293811440467834,754.6792602539062,254.6201934814453,19.340395,2.9758892,True
450,17.96,15,0.880052924156189,931.6715698242188,483.7453308105469,20.60815,10.896345,True
450,17.96,17,0.8742546439170837,495.9471130371094,456.2298889160156,15.315998,9.749387,True
451,18.0,0,0.870770275592804,900.6548461914062,480.9088439941406,20.248747,10.792599,True
451,18.0,1,0.8515183925628662,672.8563842773438,173.5298614501953,18.467234,-0.65370685,False
451,18.0,4,0.8531251549720764,563.7505798339844,313.51739501953125,16.439545,5.021956,True
451,18.0,6,0.7807324528694153,565.701904296875,442.7619323730469,16.221828,9.396728,True
451,18.0,8,0.8659330010414124,288.19183349609375,209.94039916992188,12.409521,0.4044777,True
451,18.0,11,0.7990436553955078,790.6438293457031,323.895263671875,19.534922,5.659017,True
451,18.0,13,0.7054821252822876,754.9558715820312,252.5845947265625,19.353537,2.8940907,True
451,18.0,15,0.8421761393547058,933.8570251464844,483.4778442382813,20.635551,10.890379,True
451,18.0,17,0.8626790046691895,500.63800048828125,444.3106689453125,15.388955,9.389246,True
451,18.0,14,0.5289082527160645,753.8298950195312,271.9750671386719,19.251472,3.6644797,True
452,18.04,0,0.9108703136444092,906.6665649414062,483.6562805175781,20.308867,10.87527,True
452,18.04,1,0.8568962216377258,672.9541625976562,174.1670684814453,18.466158,-0.6239383,False
452,18.04,4,0.8394216895103455,561.5269775390625,321.8894958496094,16.391405,5.3292584,True
452,18.04,6,0.7092200517654419,569.3038940429688,443.3975524902344,16.266577,9.419295,True
452,18.04,8,0.8616834282875061,288.881103515625,209.70831298828125,12.420078,0.39506415,True
452,18.04,11,0.7999603152275085,791.2176513671875,324.5587463378906,19.539795,5.683545,True
452,18.04,13,0.7543551325798035,756.3979187011719,252.17984008789065,19.37613,2.8796275,True
452,18.04,15,0.7900301218032837,929.7864685058594,467.6705627441406,20.660383,10.434108,True
452,18.04,17,0.8758838772773743,499.60987854003906,442.828857421875,15.377463,9.342686,True
452,18.04,14,0.5846234560012817,749.2410278320312,271.1990051269531,19.189726,3.6282558,True
453,18.08,0,0.8663665652275085,895.4548645019531,476.4368896484375,20.205688,10.660746,True
453,18.08,1,0.8573799729347229,671.9209899902344,174.43850708007812,18.449041,-0.6130095,False
453,18.08,4,0.8113481402397156,554.832763671875,317.1129455566406,16.307495,5.145254,True
453,18.08,6,0.7170974016189575,569.1535339355469,443.5613403320313,16.264376,9.424196,True
453,18.08,8,0.8793241381645203,289.93506622314453,209.4513702392578,12.436342,0.38508976,True
453,18.08,11,0.7810419797897339,790.2022705078125,325.83648681640625,19.520418,5.728377,True
453,18.08,13,0.7187663316726685,753.1513366699219,252.04502868652344,19.329975,2.8698802,True
453,18.08,15,0.78624027967453,939.3794250488281,480.7335815429688,20.714508,10.816528,True
453,18.08,17,0.8775862455368042,504.5269470214844,445.7226257324219,15.437073,9.435975,True
454,18.12,0,0.862555205821991,895.2831115722656,472.3996276855469,20.221317,10.544417,True
454,18.12,1,0.8507195711135864,670.9218139648438,174.36021423339844,18.43387,-0.61826444,False
454,18.12,4,0.8248396515846252,554.4268798828125,330.9107666015625,16.275145,5.650799,True
454,18.12,6,0.6045699119567871,569.7315368652344,444.4710388183594,16.270134,9.452583,True
454,18.12,8,0.8944898247718811,289.928955078125,210.1816253662109,12.4371,0.41805515,True
454,18.12,11,0.781747579574585,790.0302734375,325.7286071777344,19.518559,5.7243114,True
454,18.12,13,0.724168598651886,751.0847473144531,241.36557006835935,19.348349,2.4310908,True
454,18.12,15,0.8139006495475769,936.8541564941406,478.4578552246094,20.694897,10.749778,True
454,18.12,17,0.879329264163971,508.67535400390625,443.38287353515625,15.4929085,9.367484,True
455,18.16,0,0.8534194827079773,891.4447021484375,467.5973815917969,20.195892,10.402397,True
455,18.16,1,0.8578660488128662,670.946044921875,174.9813995361328,18.431738,-0.58939606,False
455,18.16,4,0.8365322947502136,555.9509582519531,326.9476623535156,16.303898,5.508275,True
455,18.16,8,0.851567804813385,284.17144775390625,211.6625518798828,12.348469,0.47592247,True
455,18.16,11,0.7604265213012695,788.1064758300781,326.72869873046875,19.488117,5.7581105,True
455,18.16,13,0.7154644727706909,751.2827453613281,244.60284423828125,19.336535,2.5643427,True
455,18.16,15,0.848942756652832,939.2030334472656,473.1969604492188,20.747969,10.600836,True
455,18.16,17,0.8632840514183044,509.2403259277344,441.3088684082031,15.502659,9.3039465,True
455,18.16,6,0.5287699699401855,569.7088317871094,442.38287353515625,16.273512,9.388469,True
456,18.2,0,0.8522335290908813,889.80615234375,463.6334228515625,20.193403,10.285618,True
456,18.2,1,0.8612138628959656,669.4477844238281,175.14891052246094,18.40785,-0.5840518,False
456,18.2,4,0.8204222917556763,556.0888366699219,325.0323486328125,16.309536,5.4384146,True
456,18.2,6,0.7824769020080566,577.8573913574219,436.7734069824219,16.387545,9.222338,True
456,18.2,8,0.8522115349769592,276.1342468261719,212.7275390625,12.22367,0.51147145,True
456,18.2,11,0.8142828941345215,785.622802734375,326.84393310546875,19.453959,5.75952,True
456,18.2,13,0.709453284740448,751.3667907714844,269.1399230957031,19.228848,3.5499928,True
456,18.2,15,0.8376975059509277,936.9656372070312,467.0121154785156,20.75037,10.42055,True
456,18.2,17,0.8727407455444336,507.8608703613281,436.2078552246094,15.491145,9.144498,True
457,18.24,0,0.8828703165054321,892.5631103515625,460.4563293457031,20.241074,10.194747,True
457,18.24,1,0.8604171872138977,667.6628112792969,175.64260864257812,18.378223,-0.5640505,False
457,18.24,4,0.7942889332771301,552.4755859375,326.9425964355469,16.255674,5.5041857,True
457,18.24,6,0.7968586683273315,577.6354370117188,429.6286926269531,16.397955,8.99975,True
457,18.24,8,0.8879621028900146,274.28186798095703,214.6837158203125,12.197272,0.59648067,True
457,18.24,11,0.79356849193573,784.28857421875,326.8030090332031,19.436049,5.756587,True
457,18.24,13,0.7140961289405823,746.8057250976562,273.724365234375,19.144344,3.7241304,True
457,18.24,15,0.8990287780761719,941.4021301269531,460.28131103515625,20.836512,10.227948,True
457,18.24,17,0.852813184261322,511.4103240966797,429.9883728027344,15.54458,8.953072,True
458,18.28,0,0.8645275831222534,885.1713562011719,454.7311706542969,20.176062,10.020191,True
458,18.28,1,0.8818086981773376,666.8653869628906,175.5048828125,18.366417,-0.57172394,False
458,18.28,4,0.8377251029014587,545.6330413818359,349.25347900390625,16.120499,6.2977033,True
458,18.28,6,0.8039621710777283,578.0301818847656,420.9640502929688,16.4193,8.7273245,True
458,18.28,8,0.8924722075462341,273.67552947998047,218.05284118652344,12.192402,0.74619246,True
458,18.28,11,0.8109774589538574,782.6109924316406,327.4732666015625,19.410429,5.778792,True
458,18.28,13,0.7934005856513977,747.5228271484375,273.917236328125,19.153683,3.7325704,True
458,18.28,15,0.8870267271995544,940.0129699707031,456.2976989746094,20.838951,10.109977,True
458,18.28,17,0.8201018571853638,519.2496948242188,419.9840698242188,15.659192,8.643598,True
459,18.32,0,0.8716931343078613,891.294921875,443.3130493164063,20.302565,9.68465,True
459,18.32,1,0.8681446313858032,661.2319030761719,178.15589904785156,18.268782,-0.45816085,False
459,18.32,4,0.7944937944412231,549.230224609375,337.9284362792969,16.190254,5.89837,True
459,18.32,6,0.7785042524337769,580.7511901855469,404.833740234375,16.485704,8.212884,True
459,18.32,8,0.8851334452629089,266.34415435791016,222.79275512695312,12.084693,0.94564676,True
459,18.32,11,0.8386127352714539,775.6819152832031,328.1491394042969,19.313646,5.7954307,True
459,18.32,13,0.7689821720123291,742.713623046875,273.0660095214844,19.089119,3.6932292,True
459,18.32,15,0.8935340046882629,936.1540832519531,452.5834655761719,20.809921,9.997337,True
459,18.32,17,0.7107948660850525,526.0184478759766,408.8773498535156,15.762956,8.293236,True
460,18.36,0,0.8769107460975647,888.4302673339844,439.7233581542969,20.283457,9.574134,True
460,18.36,1,0.8769466876983643,660.9771728515625,178.79495239257812,18.262362,-0.42908153,False
460,18.36,4,0.6914761662483215,553.9797058105469,341.34033203125,16.249216,6.025718,True
460,18.36,6,0.7284929156303406,576.7531127929688,393.43170166015625,16.455572,7.8363338,True
460,18.36,8,0.899178147315979,263.22534942626953,223.43182373046875,12.037047,0.96923167,True
460,18.36,11,0.8356347680091858,776.4096069335938,328.05975341796875,19.323887,5.7930236,True
460,18.36,13,0.7595669031143188,742.5553894042969,254.2282257080078,19.167704,2.9441316,True
460,18.36,15,0.8890266418457031,936.2906494140625,450.86859130859375,20.81993,9.946659,True
460,18.36,17,0.6491795182228088,523.0079040527344,409.0469970703125,15.723288,8.295947,True
461,18.4,0,0.8624125123023987,885.7254943847656,436.3375854492188,20.265306,9.469355,True
461,18.4,1,0.8660342693328857,657.3613586425781,180.18809509277344,18.201117,-0.370693,False
461,18.4,4,0.7570303082466125,557.7191925048828,345.0307922363281,16.293486,6.161147,True
461,18.4,6,0.7626330256462097,574.5299987792969,392.5038757324219,16.428072,7.803595,True
461,18.4,8,0.8859070539474487,260.74405670166016,223.9022674560547,11.999108,0.98630446,True
461,18.4,11,0.8531004190444946,774.5543518066406,328.658935546875,19.29622,5.812461,True
461,18.4,13,0.7260600328445435,742.0731811523438,251.8623809814453,19.171074,2.8478189,True
461,18.4,15,0.8888537287712097,935.2187194824219,447.0593566894531,20.825377,9.832547,True
461,18.4,17,0.6822558641433716,521.5171203613281,405.9078369140625,15.708137,8.192775,True
461,18.4,14,0.526300311088562,735.5403137207031,284.9269714355469,18.938576,4.144548,True
462,18.44,0,0.8485033512115479,885.1054382324219,433.8918151855469,20.268723,9.394459,True
462,18.44,1,0.8364753127098083,653.6517333984375,181.0772857666016,18.140444,-0.33572528,False
462,18.44,6,0.7451581954956055,574.6930236816406,389.5575256347656,16.435944,7.7062416,True
462,18.44,8,0.9017390608787536,254.9656753540039,224.88352966308597,11.910649,1.0209845,True
462,18.44,11,0.8455410599708557,772.9598083496094,330.55517578125,19.26669,5.8785405,True
462,18.44,13,0.767943263053894,742.8733215332031,257.3491516113281,19.158709,3.0701962,True
462,18.44,14,0.6693597435951233,732.4024963378906,300.5035400390625,18.832317,4.732444,True
462,18.44,15,0.8541253805160522,932.4553527832031,442.2700805664063,20.814846,9.687042,True
462,18.44,17,0.6789063215255737,529.7660522460938,404.2404479980469,15.81886,8.146211,True
462,18.44,4,0.5572203993797302,549.0682983398438,363.47454833984375,16.142015,6.7979026,True
463,18.48,0,0.8409618735313416,883.0476379394531,434.105224609375,20.242168,9.399233,True
463,18.48,1,0.8838635087013245,649.5037841796875,181.8226776123047,18.073603,-0.30809826,False
463,18.48,6,0.7514224052429199,580.4506530761719,388.0098571777344,16.515125,7.6604114,True
463,18.48,8,0.9010757803916932,252.57517242431635,225.8321533203125,11.874968,1.0592504,True
463,18.48,11,0.8507614135742188,767.1612548828125,331.3052673339844,19.185106,5.8990107,True
463,18.48,13,0.7923184037208557,741.1327209472656,244.18966674804688,19.191143,2.53371,True
463,18.48,14,0.618132472038269,730.8048706054688,303.7611083984375,18.797361,4.852512,True
463,18.48,15,0.8743360042572021,934.1446533203125,439.4248352050781,20.849632,9.602866,True
463,18.48,17,0.7238609790802002,529.5853881835938,393.312255859375,15.8327675,7.7873235,True
463,18.48,4,0.5562736392021179,544.2794036865234,365.15911865234375,16.07442,6.8511143,True
464,18.52,0,0.817588746547699,882.21337890625,435.9909362792969,20.223274,9.455896,True
464,18.52,1,0.8742133975028992,647.4931945800781,181.09576416015625,18.045227,-0.34471518,False
464,18.52,4,0.6753875613212585,540.84228515625,371.6196594238281,16.017223,7.0692506,True
464,18.52,6,0.7986739277839661,582.85986328125,388.4073791503906,16.546175,7.67594,True
464,18.52,8,0.9090348482131958,245.75457763671875,226.5355529785156,11.769977,1.0800631,True
464,18.52,11,0.8666608333587646,761.0923461914062,331.9224548339844,19.100447,5.9144354,True
464,18.52,13,0.7534406781196594,740.7510986328125,260.0966796875,19.116398,3.177531,True
464,18.52,15,0.8444148302078247,934.44189453125,438.9115905761719,20.855827,9.587641,True
464,18.52,17,0.7467555999755859,525.8387756347656,391.5513610839844,15.785738,7.725377,True
464,18.52,14,0.5619330406188965,728.8719177246094,312.5803527832031,18.73655,5.177367,True
465,18.56,0,0.7860016226768494,883.0303344726562,435.30316162109375,20.236528,9.435676,True
465,18.56,1,0.8701152801513672,647.4626770019531,180.3101501464844,18.047651,-0.3809191,False
465,18.56,4,0.8053938746452332,536.3836822509766,376.1075744628906,15.950056,7.2175236,True
465,18.56,6,0.6974250674247742,576.5714416503906,383.9019165039063,16.471928,7.519711,True
465,18.56,8,0.8894386291503906,244.38180541992188,226.09912109375,11.747843,1.0587822,True
465,18.56,11,0.8705335259437561,760.5506286621094,332.22967529296875,19.091875,5.924804,True
465,18.56,13,0.787883460521698,739.7970581054688,270.95330810546875,19.056616,3.606676,True
465,18.56,15,0.8842247128486633,923.6329650878906,439.1878356933594,20.721115,9.587052,True
465,18.56,17,0.7956185936927795,507.3083038330078,389.7743225097656,15.542063,7.6484065,True
465,18.56,14,0.5408524870872498,729.0402221679688,313.0977478027344,18.736887,5.1966114,True
466,18.6,0,0.7856758236885071,885.4588623046875,434.8926696777344,20.26856,9.425222,True
466,18.6,1,0.8737810850143433,647.5007629394531,179.5960235595703,18.050877,-0.41376597,False
466,18.6,4,0.8435400724411011,533.6338806152344,378.67962646484375,15.909149,7.30189,True
466,18.6,6,0.7740208506584167,591.5989685058594,374.1355895996094,16.69211,7.205746,True
466,18.6,8,0.8943491578102112,240.30601501464844,226.12152099609372,11.684383,1.0536811,True
466,18.6,11,0.8832467794418335,759.6035766601562,332.0556030273437,19.079758,5.9175673,True
466,18.6,13,0.7807708382606506,739.4639587402344,271.9037170410156,19.047888,3.643577,True
466,18.6,15,0.907932996749878,923.5472106933594,438.0869140625,20.725391,9.55375,True
466,18.6,17,0.7872336506843567,506.2496337890625,388.97369384765625,15.529006,7.620691,True
467,18.64,0,0.7397660613059998,894.3564758300781,436.03228759765625,20.37379,9.467285,True
467,18.64,1,0.8726176619529724,647.8539123535156,179.40203857421875,18.057058,-0.42214525,False
467,18.64,4,0.8465673327445984,531.2238616943359,366.5295715332031,15.89592,6.884965,True
467,18.64,6,0.7822169661521912,596.6324462890625,371.1314697265625,16.765911,7.1087584,True
467,18.64,8,0.8862689137458801,237.7486114501953,225.5542449951172,11.643486,1.0248256,True
467,18.64,11,0.8860602378845215,761.0158386230469,331.93292236328125,19.09937,5.914726,True
467,18.64,13,0.8028912544250488,740.1319885253906,268.62567138671875,19.071203,3.515459,True
467,18.64,15,0.8855937719345093,923.8865661621094,436.7653503417969,20.736002,9.514073,True
467,18.64,17,0.7697476148605347,506.3618621826172,387.50335693359375,15.532392,7.5717015,True
468,18.68,1,0.8723118901252747,646.0047912597656,178.984375,18.029974,-0.44438785,False
468,18.68,4,0.8221714496612549,527.75927734375,362.4872131347656,15.855395,6.7417893,True
468,18.68,6,0.7815064787864685,599.7861022949219,369.9993591308594,16.81061,7.0733733,True
468,18.68,8,0.8900341987609863,237.40892028808594,225.76043701171875,11.638567,1.0334194,True
468,18.68,11,0.8875206112861633,762.2571716308594,332.2774353027344,19.114775,5.92836,True
468,18.68,13,0.7645367980003357,739.9268493652344,274.4234924316406,19.043888,3.7428339,True
468,18.68,15,0.8943624496459961,925.6603393554688,434.4896545410156,20.769041,9.446573,True
468,18.68,17,0.653804361820221,505.03277587890625,387.088623046875,15.515206,7.5565376,True
469,18.72,0,0.8456194996833801,895.1235046386719,434.9356384277344,20.388378,9.434613,True
469,18.72,1,0.8672758936882019,643.6273803710938,178.57546997070312,17.994644,-0.46709672,False
469,18.72,4,0.7940329313278198,526.6831665039062,346.8948059082031,15.865159,6.193974,True
469,18.72,6,0.823630690574646,602.7629699707031,368.86859130859375,16.853,7.037807,True
469,18.72,8,0.8868886828422546,237.90000915527344,225.75680541992188,11.646218,1.0339937,True
469,18.72,11,0.8964176177978516,763.179931640625,334.0600891113281,19.120028,5.9928236,True
469,18.72,13,0.7451672554016113,740.1950988769531,260.1954345703125,19.108004,3.1807578,True
469,18.72,15,0.872861385345459,939.7459716796875,423.45257568359375,20.999039,9.120978,True
469,18.72,19,0.8588037490844727,527.6932373046875,388.3504638671875,15.815101,7.620706,True
470,18.76,0,0.8562601804733276,885.8701171875,432.0313415527344,20.286718,9.338352,True
470,18.76,1,0.7853535413742065,644.2349243164062,178.40570068359375,18.004679,-0.47396442,False
470,18.76,4,0.8440502882003784,523.3226318359375,344.0125427246094,15.823546,6.0878577,True
470,18.76,6,0.8272876143455505,604.0559387207031,366.1716613769531,16.876513,6.9468837,True
470,18.76,11,0.8719699382781982,761.9061279296875,332.120849609375,19.110659,5.9223957,True
470,18.76,13,0.7246232032775879,740.8885192871094,248.68072509765625,19.167871,2.716986,True
470,18.76,15,0.9017070531845092,944.8514709472656,414.3119812011719,21.109838,8.842061,True
470,18.76,19,0.764308750629425,540.0067596435547,386.0096740722656,15.982437,7.5545373,True
470,18.76,8,0.590068519115448,234.72344970703125,224.6078338623047,11.594524,0.978467,True
471,18.8,0,0.834764301776886,883.6833190917969,428.093017578125,20.277468,9.215874,True
471,18.8,1,0.8742846250534058,643.3827819824219,178.35011291503906,17.991676,-0.47790566,False
471,18.8,4,0.8472243547439575,522.2664489746094,346.708740234375,15.804885,6.1826296,True
471,18.8,6,0.8253656029701233,605.8775634765625,367.8761596679688,16.896975,7.0070586,True
471,18.8,8,0.8989688158035278,238.66387176513672,225.47833251953125,11.65762,1.0228438,True
471,18.8,11,0.8928553462028503,761.5865173339844,335.5232849121094,19.0926,6.0430684,True
471,18.8,13,0.6840506196022034,742.5627136230469,264.9183959960937,19.12164,3.3719122,True
471,18.8,15,0.9032160043716432,943.8583984375,410.4944458007813,21.117264,8.721779,True
471,18.8,17,0.8712196350097656,517.8988647460938,390.771240234375,15.681487,7.6918173,True
471,18.8,14,0.5441949367523193,738.0314025878906,318.085693359375,18.841196,5.3896327,True
472,18.84,0,0.8490347862243652,884.6849670410156,423.571533203125,20.310766,9.077407,True
472,18.84,1,0.827125608921051,645.1568603515625,178.2522735595703,18.01953,-0.47957194,False
472,18.84,4,0.8231697082519531,520.641845703125,350.17694091796875,15.77735,6.3036976,True
472,18.84,6,0.8602224588394165,607.7864990234375,366.4881896972656,16.925777,6.9615126,True
472,18.84,8,0.8975974321365356,239.0032730102539,225.63671875,11.663201,1.030344,True
472,18.84,11,0.8720285892486572,759.7739562988281,330.0575256347656,19.090126,5.8463745,True
472,18.84,13,0.6802347302436829,742.4049377441406,262.7035217285156,19.128881,3.2836843,True
472,18.84,15,0.8967674970626831,942.194580078125,407.7724304199219,21.11055,8.634757,True
472,18.84,17,0.8691264986991882,512.4588928222656,394.1578369140625,15.604697,7.7989025,True
473,18.88,0,0.8607078790664673,887.021728515625,418.9363708496094,20.361574,8.93569,True
473,18.88,1,0.7361330986022949,646.9561767578125,178.82920837402344,18.045279,-0.45002255,False
473,18.88,4,0.7789199948310852,511.1911163330078,348.78009033203125,15.649949,6.244207,True
473,18.88,6,0.8793814778327942,610.1264038085938,368.8547668457031,16.951536,7.0447636,True
473,18.88,8,0.8947885036468506,239.0055160522461,224.96804809570312,11.662021,1.0008154,True
473,18.88,11,0.8442031145095825,754.0350341796875,324.6860046386719,19.033785,5.6470523,True
473,18.88,15,0.9004455208778381,942.9137268066406,405.32177734375,21.132444,8.558091,True
473,18.88,17,0.9008294939994812,501.7556457519531,391.0912780761719,15.466546,7.6868773,True
473,18.88,13,0.5754052400588989,742.6644897460938,266.2720642089844,19.1173,3.4256864,True
474,18.92,0,0.872844934463501,892.692626953125,411.1717834472656,20.469582,8.697816,True
474,18.92,1,0.8468245267868042,666.9627380371094,176.1226806640625,18.365469,-0.5429414,False
474,18.92,4,0.8484079241752625,512.8191223144531,340.5937805175781,15.684062,5.954225,True
474,18.92,6,0.87884920835495,614.6904907226562,379.0025634765625,16.98835,7.392837,True
474,18.92,8,0.9030716419219972,238.57513427734375,224.51712036132807,11.654483,0.98023516,True
474,18.92,11,0.8361923694610596,745.6100463867188,324.2994079589844,18.92051,5.6237593,True
474,18.92,13,0.6845954060554504,746.1482238769531,236.1982421875,19.299887,2.2105598,True
474,18.92,15,0.853424072265625,940.3780212402344,408.4206237792969,21.084303,8.653548,True
474,18.92,17,0.8887791037559509,486.6502380371094,390.3654479980469,15.26632,7.6480985,True
475,18.96,0,0.8791628479957581,895.4099426269531,406.7409362792969,20.525162,8.560483,True
475,18.96,1,0.8032259941101074,669.0455932617188,176.6185302734375,18.395735,-0.5166301,False
475,18.96,4,0.8554778695106506,510.87652587890625,334.0240783691406,15.666702,5.7152953,True
475,18.96,6,0.8393075466156006,618.3551940917969,389.535888671875,17.011848,7.747451,True
475,18.96,8,0.8975481390953064,239.39710998535156,223.6066436767578,11.665657,0.9411731,True
475,18.96,11,0.8120958805084229,742.9606018066406,327.9760131835937,18.870062,5.7533193,True
475,18.96,13,0.7315962910652161,746.720458984375,257.2591247558594,19.214346,3.0716088,True
475,18.96,15,0.8993951082229614,945.2900695800781,404.9464721679688,21.164387,8.548354,True
475,18.96,17,0.901413083076477,486.10374450683594,390.8146362304688,15.258552,7.662538,True
476,19.0,0,0.8748666644096375,898.9900207519531,405.668701171875,20.57567,8.529744,True
476,19.0,1,0.6715838313102722,654.7725219726562,175.53179931640625,18.178814,-0.5900474,False
476,19.0,4,0.8778780102729797,509.6747741699219,319.89813232421875,15.670475,5.1965284,True
476,19.0,6,0.8794376254081726,626.0958862304688,373.4390258789063,17.153423,7.216533,True
476,19.0,8,0.9046431183815002,241.47396850585935,224.07171630859372,11.698922,0.96488327,True
476,19.0,11,0.8511542081832886,740.6130981445312,332.3827209472656,18.82118,5.908597,True
476,19.0,13,0.6736371517181396,754.0303649902344,255.5778045654297,19.326775,3.0135977,True
476,19.0,14,0.6080281734466553,741.3256225585938,331.28826904296875,18.835049,5.8702674,True
476,19.0,15,0.8773053884506226,948.8085021972656,407.4805908203125,21.195337,8.631444,True
476,19.0,17,0.8964594602584839,486.6855163574219,385.695556640625,15.271897,7.4919267,True
477,19.04,0,0.8789884448051453,898.59765625,404.5281982421875,20.576246,8.493232,True
477,19.04,1,0.6014176607131958,658.7431945800781,175.48109436035156,18.240602,-0.5859705,False
477,19.04,4,0.8714486360549927,506.77593994140625,316.0018615722656,15.635425,5.048437,True
477,19.04,6,0.8947301506996155,633.8070373535156,378.9739990234375,17.241802,7.4106603,True
477,19.04,8,0.8973497152328491,247.22943878173828,224.5259552001953,11.789504,0.9936057,True
477,19.04,13,0.7532352209091187,757.3887023925781,249.3578338623047,19.40324,2.7665308,True
477,19.04,14,0.8464432954788208,741.3832092285156,333.783203125,18.826248,5.9593787,True
477,19.04,15,0.8897555470466614,946.2618103027344,413.6276550292969,21.131079,8.821939,True
477,19.04,17,0.9205922484397888,484.9684143066406,388.155029296875,15.2462845,7.572657,True
478,19.08,0,0.8738570213317871,903.0288696289062,405.2489929199219,20.628853,8.520069,True
478,19.08,1,0.857262372970581,679.4500732421875,176.61891174316406,18.55665,-0.49984622,False
478,19.08,4,0.8602754473686218,504.10902404785156,303.96685791015625,15.615048,4.5924845,True
478,19.08,6,0.8731187582015991,639.1299743652344,379.5464477539063,17.310781,7.4350734,True
478,19.08,8,0.9148901700973512,246.75059509277344,225.12144470214844,11.783059,1.0191919,True
478,19.08,13,0.729530930519104,760.2847900390625,248.71104431152344,19.448,2.7440953,True
478,19.08,14,0.8624815940856934,744.2567138671875,334.3951110839844,18.862803,5.9842763,True
478,19.08,15,0.9010499119758606,947.3294067382812,415.0942993164063,21.136803,8.868613,True
478,19.08,17,0.9152361750602722,487.9637908935547,389.8143310546875,15.28443,7.6309943,True
478,19.08,11,0.5468944907188416,742.8629150390625,308.82977294921875,18.944162,5.054929,True
479,19.12,0,0.8986109495162964,906.7163696289062,404.3426208496094,20.68,8.494644,True
479,19.12,1,0.883106529712677,685.9039306640625,177.20285034179688,18.653904,-0.46249682,False
479,19.12,4,0.8270250558853149,503.1532287597656,316.4429016113281,15.583842,5.06067,True
479,19.12,6,0.906626284122467,646.7500610351562,397.9429626464844,17.362999,8.050353,True
479,19.12,8,0.8919124603271484,257.01902770996094,224.4747772216797,11.941978,1.0060129,True
479,19.12,13,0.6971445679664612,766.3596496582031,270.2870178222656,19.436646,3.6140668,True
479,19.12,14,0.8659437894821167,748.3318176269531,336.47760009765625,18.909836,6.0626464,True
479,19.12,15,0.8896429538726807,952.3554077148438,414.3443908691406,21.203663,8.849631,True
479,19.12,17,0.894565761089325,483.04034423828125,390.2403869628906,15.218343,7.6404305,True
480,19.16,0,0.8827168345451355,907.8315734863281,405.94671630859375,20.686193,8.54647,True
480,19.16,1,0.8523847460746765,689.4703063964844,177.61094665527344,18.70721,-0.4379481,False
480,19.16,4,0.8419064879417419,504.15887451171875,322.4099426269531,15.589609,5.2830696,True
480,19.16,6,0.8858332633972168,647.6278076171875,391.3728332519531,17.391693,7.835994,True
480,19.16,8,0.9067163467407228,260.3039016723633,224.82669067382807,11.993671,1.0264626,True
480,19.16,13,0.7167007327079773,770.8513793945312,265.9956970214844,19.519962,3.4507508,True
480,19.16,14,0.8284596800804138,747.3753356933594,336.9707336425781,18.895006,6.0790987,True
480,19.16,15,0.8866875767707825,956.0104370117188,415.4525451660156,21.243557,8.887337,True
480,19.16,17,0.8154924511909485,469.62933349609375,394.7848205566406,15.035269,7.7786093,True
480,19.16,11,0.584973931312561,741.1665344238281,306.87896728515625,18.928528,4.980651,True
481,19.2,0,0.8772475123405457,909.3518981933594,406.4667663574219,20.702848,8.564281,True
481,19.2,1,0.7825395464897156,685.368408203125,178.3319091796875,18.64089,-0.41130537,False
481,19.2,4,0.8443083763122559,504.37811279296875,316.7691345214844,15.60061,5.074238,True
481,19.2,6,0.8991348147392273,647.5257263183594,393.2316589355469,17.385462,7.896986,True
481,19.2,8,0.9259990453720092,264.3312301635742,224.50942993164065,12.055872,1.0184883,True
481,19.2,11,0.6120389699935913,745.2447509765625,312.8751220703125,18.960804,5.2069063,True
481,19.2,13,0.7030016779899597,775.2382507324219,257.3753356933594,19.622614,3.1134696,True
481,19.2,14,0.8369699716567993,745.0904846191406,337.36138916015625,18.862642,6.0904837,True
481,19.2,15,0.8682136535644531,958.3899841308594,409.73291015625,21.303795,8.710721,True
481,19.2,17,0.8399202823638916,460.59863281250006,398.9425048828125,14.911641,7.90746,True
482,19.24,0,0.881144106388092,913.3109436035156,404.1534118652344,20.764427,8.494571,True
482,19.24,1,0.7467571496963501,685.3876647949219,178.16445922851562,18.641891,-0.4189878,False
482,19.24,4,0.8522997498512268,507.8759460449219,316.08184814453125,15.65078,5.0526934,True
482,19.24,6,0.8878560662269592,646.6080932617188,384.16455078125,17.397371,7.5965285,True
482,19.24,8,0.8953860998153687,266.6052017211914,224.84033203125,12.091735,1.0364856,True
482,19.24,13,0.6500012278556824,778.3416748046875,253.5384826660156,19.685265,2.9633987,True
482,19.24,14,0.8327018022537231,747.5804748535156,337.7959289550781,18.894577,6.108542,True
482,19.24,15,0.8785073757171631,961.4563903808594,407.8070983886719,21.352654,8.652947,True
482,19.24,17,0.8695911765098572,459.06077575683594,393.412841796875,14.895712,7.722887,True
483,19.28,0,0.880477249622345,917.35107421875,404.65423583984375,20.813036,8.514075,True
483,19.28,1,0.7336018085479736,690.83740234375,178.10284423828125,18.726194,-0.41309166,False
483,19.28,4,0.8688170909881592,510.71685791015625,315.98944091796875,15.690863,5.052544,True
483,19.28,6,0.905236542224884,645.3440246582031,398.4390258789063,17.34337,8.065202,True
483,19.28,8,0.903652012348175,268.34739685058594,225.5856170654297,12.119892,1.0719271,True
483,19.28,13,0.6273464560508728,784.9719848632812,258.7377624511719,19.755299,3.180604,True
483,19.28,14,0.8600257039070129,746.5886535644531,338.14093017578125,18.87986,6.1196856,True
483,19.28,15,0.8716621398925781,966.3853454589844,406.8523864746094,21.419773,8.627283,True
483,19.28,17,0.8500264286994934,458.7866668701172,393.359130859375,14.892101,7.720837,True
484,19.32,0,0.9013327956199646,925.6483154296875,404.2592468261719,20.91995,8.5090065,True
484,19.32,1,0.7740175127983093,715.9385681152344,181.2496490478516,19.09817,-0.22872207,False
484,19.32,4,0.8790704607963562,515.2325439453125,310.9754943847656,15.76205,4.8703065,True
484,19.32,6,0.9173933267593384,638.3628540039062,398.381591796875,17.252438,8.056799,True
484,19.32,8,0.8033679127693176,273.17993927001953,227.21694946289065,12.197187,1.1508353,True
484,19.32,13,0.8103716969490051,790.0252380371094,237.2816467285156,19.933577,2.3156388,True
484,19.32,14,0.8377025127410889,750.1804809570312,341.0898742675781,18.916855,6.2275934,True
484,19.32,15,0.8687544465065002,979.3610534667969,408.5103454589844,21.57357,8.690891,True
484,19.32,17,0.8660158514976501,459.99671936035156,396.6193237304688,14.905552,7.8301444,True
485,19.36,0,0.9010958075523376,925.3147277832031,401.2597961425781,20.93107,8.413463,True
485,19.36,1,0.6753760576248169,695.23486328125,178.7528533935547,18.791157,-0.3761408,False
485,19.36,4,0.8710421323776245,517.0984191894531,305.3727722167969,15.797176,4.6612883,True
485,19.36,6,0.8933097124099731,632.4705200195312,379.933837890625,17.221666,7.4415298,True
485,19.36,8,0.8675299882888794,275.8706817626953,226.65719604492188,12.238175,1.130254,True
485,19.36,11,0.6061714887619019,761.9730834960938,302.96453857421875,19.232355,4.859152,True
485,19.36,13,0.6488821506500244,792.3289489746094,239.22052001953125,19.957224,2.398783,True
485,19.36,14,0.8359810709953308,750.7361450195312,340.8981628417969,18.92508,6.221434,True
485,19.36,15,0.9015795588493348,979.5987854003906,408.7189025878906,21.575394,8.697644,True
485,19.36,17,0.9405423402786256,453.4074401855469,402.1410217285156,14.81374,8.0058975,True
486,19.4,0,0.8853991627693176,929.6741333007812,402.0856628417969,20.982023,8.443661,True
486,19.4,1,0.7525853514671326,721.9123840332031,182.4876251220703,19.183966,-0.1627683,False
486,19.4,4,0.8799101710319519,518.2886199951172,300.1111755371094,15.822448,4.462671,True
486,19.4,6,0.8801904916763306,631.2521667480469,384.5677490234375,17.193886,7.595073,True
486,19.4,8,0.8803131580352783,279.1276550292969,228.0290069580078,12.290444,1.1952621,True
486,19.4,13,0.8071745038032532,794.1673889160156,238.0895233154297,19.9896,2.3546555,True
486,19.4,14,0.7874064445495605,755.7819213867188,340.5672607421875,18.994282,6.2151513,True
486,19.4,15,0.8759146332740784,985.7684936523438,410.0726013183594,21.645157,8.745499,True
486,19.4,17,0.936411678791046,449.6860046386719,406.3088684082031,14.761444,8.1388645,True
487,19.44,0,0.888749897480011,930.7278442382812,402.4079895019531,20.993692,8.454849,True
487,19.44,1,0.8032164573669434,724.9668884277344,183.55841064453125,19.225695,-0.10919648,False
487,19.44,4,0.8735197186470032,521.1687927246094,294.00103759765625,15.873461,4.2318015,True
487,19.44,6,0.882420539855957,631.3435668945312,395.2584838867188,17.16849,7.9481473,True
487,19.44,8,0.8713039755821228,281.56233978271484,227.42523193359372,12.327398,1.1724068,True
487,19.44,11,0.7147651314735413,761.141357421875,307.8824768066406,19.200134,5.040921,True
487,19.44,13,0.8151713609695435,796.5567932128906,235.67864990234372,20.036573,2.2582521,True
487,19.44,14,0.8285408020019531,762.10546875,342.2287902832031,19.07271,6.2803016,True
487,19.44,15,0.8896322250366211,990.8481140136719,410.6360168457031,21.705559,8.767587,True
487,19.44,17,0.938213050365448,449.7296905517578,407.5616149902344,14.761133,8.179766,True
488,19.48,0,0.8833619356155396,933.6175537109375,404.5086059570313,21.019363,8.524052,True
488,19.48,1,0.7927332520484924,725.2155456542969,185.63381958007807,19.219803,-0.014575461,False
488,19.48,4,0.8805307745933533,521.8661499023438,293.3825988769531,15.884452,4.20881,True
488,19.48,6,0.8577356934547424,628.1760559082031,387.0421752929688,17.14718,7.674306,True
488,19.48,8,0.8711684942245483,283.76881408691406,227.9609375,12.362228,1.1991501,True
488,19.48,11,0.6639805436134338,747.6483154296875,311.1153869628906,19.000948,5.1448555,True
488,19.48,13,0.8352190852165222,798.1661071777344,235.78477478027344,20.059406,2.2648528,True
488,19.48,14,0.8235540390014648,758.9868774414062,343.156982421875,19.027143,6.3095765,True
488,19.48,15,0.8924173712730408,994.3651733398438,415.61224365234375,21.7215,8.925646,True
488,19.48,17,0.9312323331832886,443.7117004394531,407.2392272949219,14.681848,8.16364,True
489,19.52,0,0.8800051808357239,940.5233154296875,409.5459899902344,21.080278,8.689059,True
489,19.52,1,0.7521600723266602,732.3621520996094,191.0703582763672,19.30308,0.24170803,True
489,19.52,4,0.8810180425643921,522.9552917480469,288.5395202636719,15.908162,4.022619,True
489,19.52,6,0.8512569069862366,616.6395263671875,397.5396118164063,16.970573,8.008942,True
489,19.52,8,0.8810819983482361,289.9206848144531,229.8513641357422,12.459577,1.2908705,True
489,19.52,11,0.8168975114822388,743.8750610351562,316.0760192871094,18.929243,5.3227787,True
489,19.52,13,0.8456916213035583,802.9342041015625,236.75704956054688,20.12359,2.3115954,True
489,19.52,14,0.8436069488525391,772.0278015136719,344.7608337402344,19.195581,6.379493,True
489,19.52,15,0.9067476391792296,994.9979248046875,424.8215637207031,21.67796,9.210118,True
489,19.52,17,0.9158114790916444,429.7090148925781,408.6438598632813,14.495929,8.196369,True
490,19.56,0,0.88861083984375,941.7479858398438,407.5634765625,21.106018,8.627779,True
490,19.56,1,0.7608133554458618,735.1132202148438,193.68896484375,19.332426,0.36316985,True
490,19.56,4,0.8859419822692871,522.4310760498047,290.1748046875,15.897894,4.085452,True
490,19.56,6,0.8943080902099609,609.4282531738281,405.84033203125,16.857573,8.271964,True
490,19.56,8,0.8929036855697632,292.77146911621094,229.85044860839844,12.503602,1.2950257,True
490,19.56,11,0.8151844143867493,743.509033203125,317.8195495605469,18.917324,5.3860893,True
490,19.56,13,0.8438747525215149,805.1638793945312,238.23095703125,20.148252,2.3754654,True
490,19.56,14,0.8354649543762207,771.5724182128906,345.3570251464844,19.187057,6.3998466,True
490,19.56,15,0.9051035046577454,997.6976318359375,427.5618286132813,21.696146,9.296167,True
490,19.56,17,0.884308397769928,423.07957458496094,409.2357482910156,14.407984,8.209475,True
491,19.6,0,0.8899759650230408,943.5819091796875,409.0890502929688,21.121128,8.677409,True
491,19.6,1,0.7918428182601929,736.0244140625,197.0389862060547,19.330402,0.51375073,True
491,19.6,4,0.8774038553237915,521.9465637207031,289.454833984375,15.892155,4.056924,True
491,19.6,6,0.8831900358200073,606.0501098632812,411.687744140625,16.800808,8.45701,True
491,19.6,8,0.8736401796340942,292.34251403808594,232.02085876464844,12.499358,1.388905,True
491,19.6,11,0.7946454286575317,743.2212829589844,316.8736877441406,18.917116,5.3512154,True
491,19.6,13,0.8443363308906555,805.8955993652344,239.10223388671875,20.154314,2.4123452,True
491,19.6,14,0.8193445205688477,773.4367980957031,346.7060852050781,19.20651,6.4488697,True
491,19.6,15,0.8934221863746643,996.8548889160156,432.0899658203125,21.660717,9.4331665,True
491,19.6,17,0.88677978515625,421.6113586425781,410.2595825195313,14.388121,8.24143,True
492,19.64,0,0.8922218084335327,944.1369018554688,413.3589172363281,21.105837,8.811686,True
492,19.64,1,0.7920846343040466,739.5147705078125,197.3173675537109,19.381756,0.53140914,True
492,19.64,4,0.886340856552124,521.6078033447266,292.4114990234375,15.882372,4.1710043,True
492,19.64,6,0.8820407390594482,605.1533508300781,414.1300354003906,16.783892,8.534319,True
492,19.64,8,0.890066385269165,296.0533447265625,231.6425018310547,12.556146,1.3778888,True
492,19.64,11,0.8287093639373779,743.185791015625,314.4299011230469,18.926306,5.261676,True
492,19.64,13,0.8471684455871582,807.2188720703125,244.34600830078125,20.146223,2.6290119,True
492,19.64,14,0.8234174251556396,774.0805969238281,347.501220703125,19.211876,6.477237,True
492,19.64,15,0.8794278502464294,1001.6282043457031,434.9649963378906,21.703587,9.524102,True
492,19.64,17,0.8891069889068604,417.9450225830078,409.42779541015625,14.33999,8.210949,True
493,19.68,0,0.90168035030365,945.3246154785156,414.7921142578125,21.11327,8.857446,True
493,19.68,1,0.7973508834838867,738.3836364746094,198.81414794921875,19.357613,0.596028,True
493,19.68,4,0.878701388835907,520.2412109375,291.671142578125,15.864041,4.140703,True
493,19.68,6,0.8662342429161072,600.7835388183594,418.4341735839844,16.71821,8.66742,True
493,19.68,8,0.8912127614021301,297.273681640625,232.24163818359372,12.575569,1.4057095,True
493,19.68,11,0.8289927840232849,741.3233337402344,313.7554626464844,18.903376,5.2347965,True
493,19.68,13,0.8579714298248291,807.21435546875,244.74505615234372,20.144094,2.6452823,True
493,19.68,14,0.8098171949386597,773.2235717773438,348.20806884765625,19.197548,6.500934,True
493,19.68,15,0.8870757818222046,1002.4058227539062,436.2991027832031,21.705769,9.564976,True
493,19.68,17,0.8878635168075562,413.8340301513672,414.5436401367188,14.283756,8.373171,True
494,19.72,0,0.8854873776435852,946.3919067382812,413.30908203125,21.13437,8.812105,True
494,19.72,1,0.790595293045044,739.08056640625,202.6374969482422,19.350079,0.76575696,True
494,19.72,4,0.87932950258255,516.8128509521484,293.03570556640625,15.812758,4.189231,True
494,19.72,6,0.8553371429443359,595.2019958496094,417.4346008300781,16.648176,8.630661,True
494,19.72,8,0.8966081142425537,297.8613586425781,234.93760681152344,12.587368,1.5233835,True
494,19.72,11,0.835986852645874,730.7705078125,313.69757080078125,18.758413,5.2206507,True
494,19.72,13,0.8493567109107971,808.7598571777344,251.6511383056641,20.130737,2.9273365,True
494,19.72,14,0.8421278595924377,766.7155456542969,348.7784423828125,19.108309,6.5139775,True
494,19.72,15,0.8988871574401855,1002.1738891601562,436.4895629882813,21.701872,9.570521,True
494,19.72,17,0.9009718298912048,400.93531799316406,421.1377868652344,14.112043,8.573702,True
495,19.76,0,0.8761727213859558,946.2169494628906,406.0415649414063,21.170298,8.583772,True
495,19.76,1,0.787115216255188,741.4328002929688,202.1683654785156,19.387625,0.7486464,True
495,19.76,4,0.8759511113166809,516.3205261230469,293.78814697265625,15.804512,4.2176633,True
495,19.76,6,0.8485579490661621,593.4396667480469,421.96881103515625,16.616161,8.7728195,True
495,19.76,8,0.895391047000885,298.29742431640625,235.3480529785156,12.594482,1.5417536,True
495,19.76,11,0.8303678035736084,729.3518676757812,318.8545227050781,18.719225,5.407914,True
495,19.76,13,0.848614513874054,808.1721496582031,254.94741821289065,20.105476,3.059106,True
495,19.76,14,0.7967151999473572,762.6545715332031,349.6754455566406,19.050493,6.5409117,True
495,19.76,15,0.8795889616012573,1001.2550659179688,436.5859375,21.69006,9.572666,True
495,19.76,17,0.8990527391433716,395.6876220703125,423.28656005859375,14.042688,8.637746,True
496,19.8,0,0.8444821238517761,949.3433532714844,403.581298828125,21.22275,8.508793,True
496,19.8,1,0.816386878490448,742.5282287597656,205.8643341064453,19.386583,0.9123908,True
496,19.8,4,0.882127583026886,515.0965881347656,294.7606201171875,15.78547,4.2536445,True
496,19.8,6,0.86446613073349,591.6351013183594,421.3566589355469,16.594133,8.7518635,True
496,19.8,8,0.8769517540931702,298.0345458984375,236.3851623535156,12.5914955,1.5861368,True
496,19.8,11,0.8256795406341553,725.0064697265625,322.9191589355469,18.644415,5.550889,True
496,19.8,13,0.8419762849807739,808.4404907226562,256.02410888671875,20.103827,3.1025965,True
496,19.8,14,0.8061972856521606,755.8357849121094,347.89990234375,18.96629,6.472048,True
496,19.8,15,0.8631592392921448,998.05615234375,437.0481872558594,21.648252,9.583948,True
496,19.8,17,0.9065813422203064,393.3945007324219,427.42181396484375,14.01193,8.767501,True
497,19.84,0,0.8152499198913574,953.692626953125,408.0184631347656,21.253925,8.652709,True
497,19.84,1,0.7834785580635071,737.45703125,204.9692840576172,19.314798,0.8656758,True
497,19.84,4,0.8801156282424927,513.4826049804688,295.5860290527344,15.761117,4.283444,True
497,19.84,6,0.8641117811203003,590.7553405761719,419.1388549804688,16.587242,8.680817,True
497,19.84,8,0.896003782749176,298.35365295410156,238.2364196777344,12.598256,1.6663071,True
497,19.84,11,0.8568111062049866,718.5550537109375,323.3983459472656,18.554386,5.5610743,True
497,19.84,13,0.8414062857627869,807.7264404296875,255.62550354003903,20.09566,3.0857036,True
497,19.84,14,0.8129788041114807,756.6205444335938,347.1352233886719,18.979778,6.446218,True
497,19.84,15,0.8544716835021973,996.2761840820312,437.6053161621094,21.623358,9.599249,True
497,19.84,17,0.8850794434547424,389.4367218017578,432.02935791015625,13.959562,8.90996,True
498,19.88,0,0.7957616448402405,956.1856994628906,402.85784912109375,21.312954,8.49202,True
498,19.88,1,0.7762070298194885,738.9916381835938,205.32542419433597,19.336138,0.88355637,True
498,19.88,4,0.8599951863288879,511.0887145996094,296.0176086425781,15.726261,4.297124,True
498,19.88,6,0.8828521966934204,589.1043090820312,420.28558349609375,16.563623,8.715703,True
498,19.88,8,0.8865718245506287,299.6251678466797,240.04684448242188,12.619524,1.7458398,True
498,19.88,11,0.8458091020584106,711.983154296875,326.5022277832031,18.453316,5.6660705,True
498,19.88,13,0.8408915400505066,807.8211364746094,258.94805908203125,20.080158,3.2185736,True
498,19.88,14,0.8160883188247681,751.7901611328125,346.1058959960937,18.919058,6.4052215,True
498,19.88,15,0.850043535232544,991.579833984375,438.19573974609375,21.562508,9.613144,True
498,19.88,17,0.8979620337486267,383.0754852294922,433.6581726074219,13.876425,8.95574,True
499,19.92,0,0.8441666960716248,958.1490173339844,427.1255493164063,21.208883,9.249422,True
499,19.92,1,0.8336561322212219,742.8132019042969,200.7763671875,19.41498,0.68940246,True
499,19.92,4,0.8838798999786377,508.53514099121094,294.0034484863281,15.692828,4.2164383,True
499,19.92,6,0.8790051341056824,587.3395385742188,420.4024353027344,16.540607,8.717832,True
499,19.92,8,0.8973140716552734,302.2196807861328,242.83349609375,12.66185,1.8686714,True
499,19.92,11,0.7167115211486816,705.4256286621094,340.1845092773437,18.316235,6.14787,True
499,19.92,13,0.8072236180305481,805.2918090820312,272.20001220703125,19.978167,3.7378798,True
499,19.92,14,0.8023360371589661,744.6457824707031,338.84063720703125,18.850956,6.1423454,True
499,19.92,15,0.8709985613822937,991.9358215332031,439.5152587890625,21.559732,9.653075,True
499,19.92,17,0.9290999174118042,369.8408966064453,440.1753845214844,13.704114,9.14873,True
500,19.96,0,0.8483593463897705,952.3079528808594,429.7368469238281,21.122932,9.32428,True
500,19.96,1,0.8210741877555847,743.8187255859375,200.59451293945312,19.430967,0.6828949,True
500,19.96,4,0.8799635171890259,506.8976287841797,292.22674560546875,15.672052,4.1457887,True
500,19.96,6,0.8848055005073547,587.0870971679688,413.3026123046875,16.551445,8.491507,True
500,19.96,8,0.9108893871307372,305.5535583496094,243.92860412597656,12.713692,1.9200577,True
500,19.96,11,0.8562307953834534,698.4688720703125,336.3881225585937,18.234886,6.0056705,True
500,19.96,13,0.8162502646446228,805.300048828125,269.0085144042969,19.994041,3.6130476,True
500,19.96,14,0.8575436472892761,741.6557922363281,339.0990600585937,18.809633,6.148278,True
500,19.96,15,0.8751904964447021,990.4627075195312,440.4994812011719,21.53636,9.68139,True
500,19.96,17,0.9348583221435548,365.3727722167969,443.7428588867188,13.646398,9.256103,True
501,20.0,0,0.8190581202507019,947.1024169921875,431.8924560546875,21.047432,9.385577,True
501,20.0,1,0.8243541717529297,742.9533386230469,200.24887084960935,19.419601,0.66634107,True
501,20.0,4,0.8830758929252625,505.2208709716797,290.7693786621094,15.650179,4.087267,True
501,20.0,6,0.8922659754753113,586.448486328125,413.7460632324219,16.542276,8.505118,True
501,20.0,8,0.90423321723938,307.585205078125,244.90402221679688,12.745498,1.9644059,True
501,20.0,11,0.8289218544960022,696.0361328125,336.42291259765625,18.201735,6.004277,True
501,20.0,13,0.8149673342704773,801.5515747070312,266.4855651855469,19.95345,3.509147,True
501,20.0,14,0.8949024677276611,739.5980834960938,343.5463256835937,18.765099,6.302723,True
501,20.0,15,0.8566060662269592,986.548095703125,441.0995178222656,21.48516,9.696172,True
501,20.0,17,0.9337840676307678,362.7119903564453,447.0773315429688,13.61231,9.357303,True
502,20.04,0,0.8266562223434448,946.0503540039062,434.6568298339844,21.02039,9.468641,True
502,20.04,1,0.7986118793487549,745.7476806640625,202.8556365966797,19.449135,0.785326,True
502,20.04,4,0.8885866403579712,504.6429138183594,290.2555236816406,15.642643,4.066614,True
502,20.04,6,0.8137789964675903,585.7850952148438,416.9434814453125,16.527346,8.606572,True
502,20.04,8,0.9142866134643556,310.5458679199219,246.8900451660156,12.792213,2.0527937,True
502,20.04,11,0.8140839338302612,690.0277709960938,337.784912109375,18.115627,6.0462337,True
502,20.04,13,0.8421233296394348,803.7605285644531,265.9845275878906,19.987228,3.4922125,True
502,20.04,14,0.9033958911895752,734.4462280273438,343.74627685546875,18.695053,6.3042884,True
502,20.04,15,0.8437426090240479,981.636962890625,442.3653259277344,21.418243,9.730058,True
502,20.04,17,0.9200286865234376,360.18043518066406,450.5030822753906,13.580059,9.460971,True
503,20.08,0,0.7398229241371155,947.2037658691406,433.4330749511719,21.040852,9.432483,True
503,20.08,1,0.7989944815635681,745.5201721191406,206.32977294921875,19.429163,0.9371712,True
503,20.08,4,0.9015419483184814,503.0433654785156,288.6783447265625,15.621981,4.003327,True
503,20.08,6,0.8903568983078003,585.4654235839844,419.9943237304688,16.51721,8.703225,True
503,20.08,8,0.8852237462997437,312.45904541015625,247.3188323974609,12.821619,2.0736246,True
503,20.08,11,0.8222333788871765,685.9635009765625,338.71533203125,18.057423,6.074903,True
503,20.08,13,0.8509554862976074,803.1232604980469,267.71588134765625,19.969639,3.5595472,True
503,20.08,14,0.8914687037467957,735.7696533203125,343.81298828125,18.712608,6.308031,True
503,20.08,15,0.8862535357475281,973.9496459960938,442.7914123535156,21.321808,9.736542,True
503,20.08,17,0.9220342040061952,359.53623962402344,453.1601257324219,13.572156,9.542156,True
504,20.12,0,0.6152632832527161,940.6132507324219,432.4507141113281,20.96428,9.397122,True
504,20.12,1,0.8529272675514221,748.8239440917969,209.2128753662109,19.464804,1.0676552,True
504,20.12,4,0.8971823453903198,496.00245666503906,288.83349609375,15.520509,4.000626,True
504,20.12,6,0.894520103931427,584.5647583007812,424.681396484375,16.496452,8.850535,True
504,20.12,8,0.7994006276130676,317.1033935546875,250.0369415283203,12.894144,2.1947913,True
504,20.12,11,0.8336277604103088,678.0058898925781,343.0948791503906,17.935577,6.22139,True
504,20.12,13,0.8584126234054565,802.0197448730469,265.99835205078125,19.962488,3.4905448,True
504,20.12,14,0.9058363437652588,732.0005187988281,345.0831298828125,18.657227,6.348593,True
504,20.12,15,0.9094136357307434,968.5563049316406,446.3927001953125,21.237043,9.839637,True
504,20.12,17,0.9279667735099792,357.4932861328125,456.6285400390625,13.546424,9.646678,True
505,20.16,0,0.7381653785705566,935.8876953125,440.0838928222656,20.867863,9.624148,True
505,20.16,1,0.8559003472328186,749.1733703613281,209.1043243408203,19.470535,1.0634522,True
505,20.16,4,0.8935246467590332,495.7144317626953,289.9384155273437,15.514846,4.0432506,True
505,20.16,6,0.8848364353179932,584.60986328125,426.1376953125,16.49421,8.896392,True
505,20.16,8,0.8749952912330627,319.1122283935547,250.71258544921875,12.92504,2.2260044,True
505,20.16,11,0.8415168523788452,676.2640991210938,346.24713134765625,17.902168,6.330518,True
505,20.16,13,0.8530746698379517,800.4800415039062,266.0890808105469,19.940214,3.4921637,True
505,20.16,14,0.8739029169082642,728.3348388671875,344.51708984375,18.609997,6.324874,True
505,20.16,15,0.8983652591705322,966.5668640136719,447.4115295410156,21.207464,9.868345,True
505,20.16,17,0.9284618496894836,356.1181182861328,456.7138366699219,13.528751,9.648137,True
506,20.2,1,0.861524760723114,751.7425537109375,209.31077575683597,19.507875,1.0762031,True
506,20.2,4,0.8940737843513489,494.4899139404297,291.0261535644531,15.495767,4.083978,True
506,20.2,6,0.8760292530059814,584.9580688476562,425.1627807617188,16.50058,8.866037,True
506,20.2,8,0.911694347858429,321.1912078857422,251.75230407714844,12.957208,2.2725499,True
506,20.2,11,0.8449146747589111,674.4535827636719,348.2508544921875,17.871525,6.398884,True
506,20.2,13,0.8562399744987488,798.9900817871094,267.1878967285156,19.91371,3.5335467,True
506,20.2,14,0.8911303877830505,724.6917114257812,345.201171875,18.558506,6.345014,True
506,20.2,15,0.9016525149345398,963.5506286621094,449.0303649902344,21.16231,9.914004,True
506,20.2,17,0.918826937675476,355.068359375,456.75732421875,13.515257,9.64859,True
506,20.2,0,0.590732753276825,940.4019165039062,440.2120971679688,20.922836,9.631719,True
507,20.24,0,0.6227137446403503,929.643310546875,437.0953063964844,20.805534,9.528831,True
507,20.24,1,0.854081928730011,753.6400756835938,210.22073364257807,19.531786,1.1184821,True
507,20.24,4,0.9022843241691588,493.6195526123047,291.6473999023437,15.482429,4.106999,True
507,20.24,6,0.8746892809867859,585.951171875,423.7942199707031,16.516033,8.823803,True
507,20.24,8,0.9272966980934144,322.5929260253906,252.8583526611328,12.979134,2.3208437,True
507,20.24,11,0.8708775043487549,667.0682373046875,347.09967041015625,17.77532,6.3507257,True
507,20.24,13,0.8474635481834412,798.9057006835938,266.860595703125,19.914116,3.5205567,True
507,20.24,14,0.8718690872192383,717.4901428222656,344.996826171875,18.46231,6.3302383,True
507,20.24,15,0.9022498726844788,962.1263122558594,450.5779113769531,21.137035,9.958736,True
507,20.24,17,0.9160428047180176,354.0617980957031,459.0943298339844,13.502789,9.719044,True
508,20.28,1,0.8507022261619568,755.3416442871094,210.5402374267578,19.555593,1.1348276,True
508,20.28,4,0.8980071544647217,493.1997985839844,292.1611328125,15.475713,4.1263895,True
508,20.28,6,0.8622730374336243,586.2635192871094,426.139892578125,16.515472,8.897915,True
508,20.28,8,0.926766574382782,324.02734375,253.9980316162109,13.001531,2.370492,True
508,20.28,11,0.8571590185165405,663.2947692871094,348.77215576171875,17.719353,6.4053864,True
508,20.28,13,0.8466565012931824,797.5771179199219,267.7044677734375,19.891172,3.5520763,True
508,20.28,14,0.8571901917457581,713.0359497070312,346.9031066894531,18.395689,6.392335,True
508,20.28,15,0.9051891565322876,960.2154541015625,453.3722534179688,21.099579,10.039806,True
508,20.28,17,0.9177058935165404,347.4976501464844,463.2286071777344,13.419547,9.839196,True
508,20.28,0,0.5443921089172363,932.4842224121094,442.2337036132813,20.815382,9.685974,True
509,20.32,0,0.8003431558609009,911.5690612792969,438.1405029296875,20.577095,9.545452,True
509,20.32,1,0.8124890327453613,758.8758239746094,214.2491912841797,19.590174,1.3001796,True
509,20.32,4,0.8864235281944275,492.2361297607422,293.2119140625,15.460485,4.165875,True
509,20.32,6,0.8140687346458435,593.4353942871094,431.3328247070313,16.597233,9.066724,True
509,20.32,8,0.927352488040924,326.28143310546875,255.3510589599609,13.036361,2.4300601,True
509,20.32,11,0.8513616919517517,652.3221740722656,350.6387939453125,17.565807,6.459159,True
509,20.32,13,0.8446404933929443,794.6519470214844,269.1468505859375,19.842762,3.6050372,True
509,20.32,14,0.7921749353408813,701.5167846679688,348.1543273925781,18.236448,6.4239817,True
509,20.32,15,0.9043212532997132,953.8421020507812,456.6748046875,21.005444,10.131989,True
509,20.32,17,0.9191816449165344,341.5240173339844,469.7950744628906,13.345054,10.032354,True
510,20.36,0,0.7846660614013672,915.2066040039062,439.22113037109375,20.616909,9.5810995,True
510,20.36,1,0.8457177877426147,758.1216430664062,213.1548309326172,19.584282,1.2519249,True
510,20.36,4,0.8904393911361694,491.3647155761719,294.0689697265625,15.446859,4.19793,True
510,20.36,6,0.8297296166419983,586.1925659179688,432.5232849121094,16.502163,9.097538,True
510,20.36,8,0.9240604639053344,327.02313232421875,256.6029357910156,13.048299,2.4832017,True
510,20.36,11,0.8293781876564026,645.6607971191406,349.7249755859375,17.478413,6.420185,True
510,20.36,13,0.8547270894050598,795.1478576660156,267.7169189453125,19.856703,3.549489,True
510,20.36,14,0.8546559810638428,684.3155517578125,348.1359558105469,18.004868,6.4052467,True
510,20.36,15,0.8897160887718201,952.0412292480469,456.1915588378906,20.985933,10.116364,True
510,20.36,17,0.8795701265335083,339.1950378417969,476.4353942871094,13.317545,10.228947,True
511,20.4,0,0.81087726354599,912.1517333984375,440.4746398925781,20.573225,9.616378,True
511,20.4,1,0.8379505276679993,757.6776123046875,211.3213348388672,19.586582,1.1720698,True
511,20.4,4,0.8997442722320557,491.0209045410156,293.53826904296875,15.442628,4.177001,True
511,20.4,6,0.8667300939559937,584.6380615234375,435.6979370117188,16.476183,9.194836,True
511,20.4,8,0.9227070808410645,327.27626037597656,257.3607482910156,13.052569,2.515047,True
511,20.4,11,0.8254770040512085,635.1956176757812,347.7922668457031,17.34209,6.34133,True
511,20.4,13,0.8524069786071777,792.7497863769531,268.0032958984375,19.821346,3.5577133,True
511,20.4,14,0.8191377520561218,672.9605407714844,346.71051025390625,17.856112,6.3432946,True
511,20.4,15,0.8896957039833069,949.6796264648438,457.6460571289063,20.950008,10.1572275,True
511,20.4,17,0.9148365259170532,335.73524475097656,483.89349365234375,13.276274,10.446974,True
512,20.44,0,0.8192623257637024,911.2646484375,443.5125427246094,20.547935,9.70699,True
512,20.44,1,0.8212636709213257,757.2113647460938,211.00308227539065,19.58119,1.1576135,True
512,20.44,4,0.90131413936615,490.4549865722656,292.9068298339844,15.435339,4.1518826,True
512,20.44,6,0.7903582453727722,590.9061584472656,437.1267700195313,16.553425,9.244453,True
512,20.44,8,0.9276576042175292,332.78016662597656,257.2417907714844,13.135203,2.5176325,True
512,20.44,11,0.8643373250961304,623.9257202148438,343.9819030761719,17.199146,6.1949635,True
512,20.44,13,0.8506684303283691,792.4385070800781,269.18896484375,19.811232,3.6038952,True
512,20.44,14,0.8227860927581787,666.9664916992188,348.2839050292969,17.77038,6.3921514,True
512,20.44,15,0.8938710689544678,946.66259765625,457.52679443359375,20.913898,10.15135,True
512,20.44,17,0.8952702283859253,333.9923400878906,491.0005493164063,13.256886,10.653901,True
513,20.48,0,0.8139275312423706,908.7168273925781,442.8585815429688,20.519608,9.685272,True
513,20.48,1,0.7790114283561707,755.3521728515625,212.3187255859375,19.547157,1.2117945,True
513,20.48,4,0.8916206955909729,488.61663818359375,293.17242431640625,15.40862,4.1598988,True
513,20.48,6,0.8001329898834229,592.0560607910156,434.0120544433594,16.57425,9.148906,True
513,20.48,8,0.920382559299469,331.7462158203125,257.0541687011719,13.119566,2.5084252,True
513,20.48,11,0.8618960976600647,619.5350952148438,346.08795166015625,17.134056,6.264684,True
513,20.48,13,0.8515710234642029,791.232666015625,269.79608154296875,19.791256,3.62619,True
513,20.48,14,0.8250119686126709,659.3674926757812,349.8077697753906,17.66329,6.437502,True
513,20.48,15,0.8976951241493225,945.4481811523438,460.0804138183594,20.886637,10.22524,True
513,20.48,17,0.9026723504066468,332.1400451660156,496.1572570800781,13.235566,10.802346,True
514,20.52,0,0.7792425155639648,903.0948486328125,450.4755859375,20.415077,9.90833,True
514,20.52,1,0.7744190096855164,754.2200927734375,213.26693725585935,19.52576,1.2510796,True
514,20.52,4,0.8994322419166565,487.03306579589844,292.3215026855469,15.386979,4.1250052,True
514,20.52,6,0.8280407786369324,584.1201782226562,437.8683776855469,16.465437,9.261578,True
514,20.52,8,0.9263136982917786,330.9896545410156,257.9136047363281,13.108683,2.5430722,True
514,20.52,11,0.8280724883079529,598.8409118652344,347.1471252441406,16.850113,6.2800164,True
514,20.52,13,0.8460126519203186,787.1651000976562,272.4244689941406,19.721249,3.7239397,True
514,20.52,14,0.8289967179298401,651.8183898925781,350.3150329589844,17.559929,6.4473104,True
514,20.52,15,0.8070939779281616,931.1768493652344,465.9977111816406,20.685106,10.386641,True
514,20.52,17,0.9057931303977966,328.172607421875,501.3400268554688,13.187968,10.948926,True
515,20.56,0,0.8044306635856628,901.9847717285156,451.8139953613281,20.395319,9.947194,True
515,20.56,1,0.8089954257011414,760.2297973632812,211.889404296875,19.621778,1.2003642,True
515,20.56,4,0.8895372152328491,484.8321075439453,292.38946533203125,15.355287,4.1249266,True
515,20.56,6,0.8501408100128174,587.0874633789062,434.2805480957031,16.510212,9.152961,True
515,20.56,8,0.9208250045776368,330.67120361328125,257.93280029296875,13.103911,2.543434,True
515,20.56,11,0.7730312943458557,581.177734375,356.1857604980469,16.590363,6.578289,True
515,20.56,13,0.8489554524421692,787.5674438476562,270.8722839355469,19.734282,3.6637428,True
515,20.56,14,0.8765063881874084,640.2966003417969,351.7890930175781,17.400267,6.486735,True
515,20.56,15,0.8328630328178406,929.9554443359375,472.9879455566406,20.637495,10.587797,True
515,20.56,17,0.8467357754707336,326.4204406738281,503.1827392578125,13.166858,11.000548,True
516,20.6,0,0.815430223941803,898.0427856445312,452.3129577636719,20.344706,9.958838,True
516,20.6,1,0.7891244888305664,760.2550659179688,212.1968231201172,19.620653,1.2136834,True
516,20.6,4,0.8923296332359314,483.6101531982422,292.84210205078125,15.33718,4.140955,True
516,20.6,6,0.8371652960777283,580.6590270996094,437.53021240234375,16.421911,9.248161,True
516,20.6,8,0.9140254855155944,332.20362854003906,257.4840087890625,13.126676,2.5269015,True
516,20.6,11,0.7388037443161011,572.7041015625,364.9874572753906,16.457886,6.8742833,True
516,20.6,13,0.8628827929496765,786.1587524414062,271.4670104980469,19.711548,3.6852486,True
516,20.6,14,0.8654289245605469,636.0204467773438,355.3854064941406,17.332905,6.6075463,True
516,20.6,15,0.8510403633117676,926.0870971679688,476.9184265136719,20.572649,10.697676,True
516,20.6,17,0.9126300811767578,325.7816619873047,506.2477111816406,13.1602125,11.087828,True
517,20.64,0,0.8278747200965881,896.3172912597656,454.44915771484375,20.313885,10.020739,True
517,20.64,1,0.7706860899925232,758.3515319824219,213.1162109375,19.587885,1.2505938,True
517,20.64,4,0.8933518528938293,482.00640869140625,292.84197998046875,15.314151,4.1389756,True
517,20.64,6,0.8489296436309814,580.1525268554688,436.6821594238281,16.417028,9.22148,True
517,20.64,8,0.900983989238739,330.3645782470703,258.2049255371094,13.0994625,2.554303,True
517,20.64,11,0.7683554887771606,566.12548828125,353.89971923828125,16.390919,6.482699,True
517,20.64,13,0.8583590984344482,784.4428100585938,270.7008972167969,19.69089,3.6530979,True
517,20.64,14,0.883126437664032,635.4486083984375,353.73052978515625,17.329609,6.5493784,True
517,20.64,15,0.8387051224708557,922.5537109375,478.9756774902344,20.520704,10.753837,True
517,20.64,17,0.9059439301490784,324.9966125488281,509.95123291015625,13.152057,11.192799,True
518,20.68,0,0.8438815474510193,894.838623046875,456.1373596191406,20.288181,10.069444,True
518,20.68,1,0.7824727892875671,757.8521118164062,212.38726806640625,19.584,1.2184031,True
518,20.68,4,0.8785347938537598,480.5426483154297,293.4294128417969,15.292427,4.159916,True
518,20.68,6,0.863795280456543,583.7199096679688,438.322509765625,16.459469,9.275267,True
518,20.68,8,0.9013778567314148,332.1095275878906,258.34490966796875,13.125736,2.562487,True
518,20.68,11,0.8025979995727539,561.2418823242188,343.7147521972656,16.344242,6.11818,True
518,20.68,13,0.8637568354606628,782.9179382324219,271.1409912109375,19.66725,3.668415,True
518,20.68,14,0.8977912664413452,632.7183837890625,353.6917419433594,17.29288,6.5451775,True
518,20.68,15,0.8488225936889648,920.7642517089844,480.8339538574219,20.490732,10.805494,True
518,20.68,17,0.9057746529579164,324.32627868652344,510.99798583984375,13.144189,11.222044,True
519,20.72,0,0.8378532528877258,891.3334045410156,456.3748474121094,20.244228,10.0736685,True
519,20.72,1,0.7729384303092957,759.9823608398438,211.6441802978516,19.619297,1.1894027,True
519,20.72,4,0.8703148365020752,477.57969665527344,297.0673217773437,15.245671,4.296673,True
519,20.72,6,0.7946575880050659,579.5620727539062,442.6638488769531,16.398396,9.405437,True
519,20.72,8,0.8494853377342224,335.9430694580078,260.8766784667969,13.184535,2.6724153,True
519,20.72,11,0.8284009099006653,549.8664245605469,348.3823547363281,16.179884,6.271446,True
519,20.72,13,0.8667356371879578,781.7330932617188,271.1869201660156,19.65027,3.6687229,True
519,20.72,14,0.8979880213737488,621.5983276367188,352.5120544433594,17.145739,6.492388,True
519,20.72,15,0.8542128205299377,917.5089111328125,484.5015258789063,20.435093,10.907294,True
519,20.72,17,0.8973904848098755,322.8461456298828,510.7599792480469,13.125693,11.214201,True
520,20.76,0,0.8475223183631897,889.1257629394531,457.7408447265625,20.211145,10.112195,True
520,20.76,1,0.8061509728431702,760.4715881347656,209.8076019287109,19.635572,1.1105931,True
520,20.76,4,0.8419390916824341,477.5026397705078,297.8631591796875,15.24365,4.3271856,True
520,20.76,6,0.7495583295822144,578.1993408203125,441.36328125,16.383451,9.364308,True
520,20.76,8,0.6886175274848938,339.01756286621094,261.47760009765625,13.230837,2.7013595,True
520,20.76,11,0.8114535212516785,542.1327209472656,340.8746643066406,16.087301,5.996212,True
520,20.76,13,0.8514637351036072,778.7278137207031,271.4820861816406,19.606377,3.676499,True
520,20.76,14,0.8868231177330017,614.9868469238281,352.8374328613281,17.055521,6.4968243,True
520,20.76,15,0.8539161086082458,915.1637878417969,486.5605163574219,20.39778,10.963856,True
520,20.76,17,0.910830855369568,322.4098358154297,510.7262878417969,13.120256,11.212924,True
521,20.8,0,0.8498964309692383,888.2493896484375,458.89947509765625,20.195303,10.145609,True
521,20.8,1,0.7958428859710693,760.3067016601562,207.91830444335935,19.642399,1.0282862,True
521,20.8,4,0.8399494290351868,476.4019012451172,300.3820495605469,15.225033,4.4224725,True
521,20.8,6,0.8055906891822815,578.1119689941406,442.0885925292969,16.381006,9.3865385,True
521,20.8,8,0.8078524470329285,339.70680236816406,263.2956237792969,13.24197,2.7771099,True
521,20.8,11,0.7881142497062683,537.0740509033203,338.2625732421875,16.022186,5.8970656,True
521,20.8,13,0.860044538974762,778.5452270507812,271.9460144042969,19.601643,3.694423,True
521,20.8,14,0.8569335341453552,608.3209228515625,353.9505615234375,16.962664,6.5287066,True
521,20.8,15,0.8449369072914124,913.4306945800781,489.2790832519531,20.364944,11.039311,True
521,20.8,17,0.9133443236351012,322.71412658691406,512.420166015625,13.12481,11.261202,True
522,20.84,0,0.847816526889801,888.3045959472656,459.6417541503906,20.192698,10.167476,True
522,20.84,1,0.7953170537948608,762.6950988769531,209.1523895263672,19.671923,1.0854313,True
522,20.84,4,0.8165897727012634,475.81988525390625,299.92926025390625,15.21723,4.404427,True
522,20.84,6,0.7890806794166565,578.1978149414062,443.2083435058594,16.380045,9.421,True
522,20.84,8,0.827791154384613,336.74659729003906,263.2227783203125,13.197715,2.7701316,True
522,20.84,11,0.8065795302391052,526.2665710449219,326.699951171875,15.891761,5.4658155,True
522,20.84,13,0.8633566498756409,778.7783813476562,272.0602722167969,19.604412,3.6991847,True
522,20.84,14,0.857783854007721,604.3462829589844,355.66851806640625,16.904865,6.5844293,True
522,20.84,15,0.8476174473762512,910.7195129394531,490.7289733886719,20.326149,11.078142,True
522,20.84,17,0.9197282791137696,323.8684844970703,517.1012573242188,13.141218,11.39426,True
523,20.88,0,0.8511028289794922,884.73388671875,460.8181762695313,20.143923,10.199208,True
523,20.88,1,0.7870490550994873,762.69287109375,208.0521697998047,19.67733,1.037627,True
523,20.88,4,0.8088864684104919,475.701904296875,303.0675048828125,15.212013,4.5242233,True
523,20.88,6,0.738833487033844,579.647216796875,442.37896728515625,16.400005,9.39676,True
523,20.88,8,0.8537596464157104,336.22174072265625,263.7237854003906,13.190121,2.7900126,True
523,20.88,11,0.7417809367179871,516.7083282470703,333.8503723144531,15.747801,5.7154703,True
523,20.88,13,0.8561471700668335,776.9467163085938,272.3485107421875,19.577175,3.7081563,True
523,20.88,14,0.8669362664222717,595.2157287597656,355.9898986816406,16.780714,6.5861034,True
523,20.88,15,0.8396437764167786,908.1071472167969,493.1671142578125,20.284275,11.144703,True
523,20.88,17,0.9124821424484252,324.2583465576172,523.9999389648438,13.149063,11.587857,True
524,20.92,0,0.8496930003166199,884.3991088867188,461.6013793945313,20.13641,10.221915,True
524,20.92,1,0.7790231704711914,764.4674682617188,208.89817810058597,19.699589,1.0770011,True
524,20.92,4,0.8129345178604126,473.47178649902344,302.7923583984375,15.180522,4.5110507,True
524,20.92,6,0.7750776410102844,596.0249328613281,446.37591552734375,16.600239,9.532908,True
524,20.92,8,0.8566946983337402,334.07568359375,264.1607666015625,13.15829,2.805072,True
524,20.92,11,0.7600305676460266,514.4954833984375,342.0916748046875,15.704988,6.009699,True
524,20.92,13,0.8580521941184998,776.6358032226562,272.75469970703125,19.570906,3.7236416,True
524,20.92,14,0.7585358619689941,574.8829956054688,360.5914916992188,16.496126,6.7247887,True
524,20.92,15,0.8425785899162292,906.8263244628906,495.8335876464844,20.257383,11.218402,True
524,20.92,17,0.9251900911331176,324.85911560058594,533.5975952148438,13.160568,11.854235,True
525,20.96,0,0.853614091873169,884.1332397460938,461.31390380859375,20.134422,10.213278,True
525,20.96,1,0.7765011787414551,763.1217956542969,212.03836059570312,19.664043,1.2110217,True
525,20.96,4,0.8203355669975281,470.9717102050781,302.131103515625,15.145571,4.482801,True
525,20.96,6,0.8871621489524841,593.2792358398438,447.36517333984375,16.563522,9.560781,True
525,20.96,8,0.8298160433769226,334.87840270996094,264.108642578125,13.170252,2.8040109,True
525,20.96,11,0.7751438021659851,506.3665771484375,348.0892944335937,15.58473,6.2145567,True
525,20.96,13,0.8553773760795593,776.3665771484375,273.0711975097656,19.565643,3.7356672,True
525,20.96,14,0.8083781599998474,558.1814270019531,356.6686096191406,16.277771,6.5711193,True
525,20.96,15,0.8379488587379456,906.3679809570312,496.8687438964844,20.247435,11.246971,True
525,20.96,17,0.9199129343032836,325.2389831542969,536.4623413085938,13.166421,11.933213,True
526,21.0,0,0.8369168043136597,885.1853332519531,461.8006896972656,20.145128,10.228374,True
526,21.0,1,0.8300184607505798,760.75634765625,210.40066528320312,19.636904,1.1367171,True
526,21.0,4,0.81927889585495,469.1182861328125,302.0665588378906,15.119184,4.478102,True
526,21.0,6,0.8855319619178772,594.6749877929688,449.1003112792969,16.577782,9.614757,True
526,21.0,8,0.8458135724067688,334.3797607421875,265.1398010253906,13.163338,2.8456395,True
526,21.0,11,0.769097626209259,498.9127960205078,327.9433898925781,15.5087595,5.4804893,True
526,21.0,13,0.8415747284889221,775.2074584960938,275.4641418457031,19.538301,3.8274968,True
526,21.0,14,0.8216871023178101,549.2416076660156,356.1842041015625,16.157318,6.544868,True
526,21.0,15,0.8117354512214661,906.4039306640625,496.5046997070313,20.249441,11.236838,True
526,21.0,17,0.929180920124054,325.5460510253906,538.7026977539062,13.171104,11.994771,True
527,21.04,0,0.8307850956916809,886.7621765136719,460.2082214355469,20.171364,10.182899,True
527,21.04,1,0.8357431292533875,761.6630554199219,211.3112030029297,19.645927,1.17746,True
527,21.04,4,0.8148015141487122,465.3623962402344,308.7655334472656,15.058837,4.7282257,True
527,21.04,6,0.887239396572113,594.1975402832031,448.09564208984375,16.573713,9.5837965,True
527,21.04,8,0.8353341221809387,333.1719970703125,265.5879211425781,13.145553,2.8623824,True
527,21.04,11,0.6925342679023743,502.0845031738281,339.1451721191406,15.537851,5.89046,True
527,21.04,13,0.8377425074577332,775.2672119140625,276.7369384765625,19.533333,3.8770425,True
527,21.04,14,0.794067919254303,548.4941558837891,356.4634094238281,16.14667,6.5538354,True
527,21.04,15,0.8342848420143127,905.5718994140625,495.0326232910156,20.24593,11.1951065,True
527,21.04,17,0.9306113719940186,325.8566589355469,539.9679565429688,13.175414,12.029548,True
528,21.08,0,0.8312518000602722,889.0968322753906,461.16314697265625,20.19565,10.212755,True
528,21.08,1,0.8312674164772034,762.33642578125,212.13372802734372,19.651901,1.213995,True
528,21.08,4,0.7720237970352173,470.1321716308594,318.33251953125,15.116609,5.092798,True
528,21.08,6,0.8874002695083618,594.0644226074219,449.5615234375,16.569159,9.628265,True
528,21.08,8,0.8807389736175537,331.3488464355469,266.335693359375,13.118765,2.8905556,True
528,21.08,11,0.6380032300949097,500.9801025390625,342.2093200683594,15.518522,5.99921,True
528,21.08,13,0.8425685167312622,775.406494140625,275.2812194824219,19.541946,3.8206265,True
528,21.08,14,0.7799026370048523,538.0494537353516,355.4591064453125,16.00644,6.507791,True
528,21.08,15,0.7951133251190186,906.3990173339844,496.2110290527344,20.250658,11.228636,True
528,21.08,17,0.925683617591858,325.21339416503906,542.634033203125,13.1686945,12.101751,True
529,21.12,0,0.8277462124824524,889.567626953125,458.8418884277344,20.211666,10.144957,True
529,21.12,1,0.8415340185165405,759.7776184082031,209.53347778320312,19.62658,1.097683,True
529,21.12,4,0.7905846834182739,467.9776916503906,315.349609375,15.089263,4.978955,True
529,21.12,6,0.8989789485931396,593.9515991210938,449.9568176269531,16.56696,9.640178,True
529,21.12,8,0.8845670223236084,329.1504364013672,270.0372619628906,13.088118,3.038637,True
529,21.12,11,0.7299500107765198,495.35101318359375,327.0066833496094,15.460282,5.4421535,True
529,21.12,13,0.8636482954025269,777.5064697265625,274.1669921875,19.576704,3.7798479,True
529,21.12,14,0.8067521452903748,525.5400543212891,354.746337890625,15.837251,6.469677,True
529,21.12,15,0.779481828212738,906.6328430175781,495.5930480957031,20.256126,11.211541,True
529,21.12,17,0.924317479133606,325.5623016357422,543.6306762695312,13.173349,12.129076,True
530,21.16,0,0.8129476308822632,886.0379943847656,458.8811645507813,20.168358,10.143324,True
530,21.16,1,0.8560543060302734,759.2607727050781,209.3146514892578,19.61995,1.0874268,True
530,21.16,4,0.7772229909896851,467.4170379638672,303.60748291015625,15.0933075,4.5348573,True
530,21.16,6,0.8998121023178101,593.8314819335938,449.7515258789063,16.565842,9.633843,True
530,21.16,8,0.9050982594490052,329.20916748046875,272.0487976074219,13.090146,3.1204,True
530,21.16,11,0.7297391295433044,485.89756774902344,320.2170104980469,15.3363495,5.1810164,True
530,21.16,13,0.8648977875709534,777.4846801757812,274.3507080078125,19.575552,3.786981,True
530,21.16,14,0.8206827044487,518.8567352294922,355.7593994140625,15.744635,6.4981484,True
530,21.16,15,0.7513387799263,908.3943786621094,496.4828186035156,20.273218,11.23766,True
530,21.16,17,0.9228718280792236,325.4036407470703,543.28466796875,13.171278,12.119568,True
531,21.2,0,0.8159738183021545,885.419921875,458.8505554199219,20.160938,10.141935,True
531,21.2,1,0.8503168821334839,758.3634948730469,209.46978759765625,19.60582,1.0928416,True
531,21.2,4,0.7529106140136719,474.1503448486328,308.5907592773437,15.183818,4.7320366,True
531,21.2,6,0.9084902405738832,593.052734375,449.1668395996094,16.557138,9.615431,True
531,21.2,8,0.8881857395172119,327.0093688964844,272.6262512207031,13.057831,3.1409042,True
531,21.2,13,0.874652087688446,777.5984191894531,273.4264831542969,19.581415,3.75108,True
531,21.2,14,0.8403394818305969,516.2847900390625,357.1961975097656,15.707496,6.545723,True
531,21.2,15,0.7542420029640198,910.0250244140625,495.7644958496094,20.295755,11.218778,True
531,21.2,17,0.9179678559303284,325.31040954589844,542.8655395507812,13.1699705,12.108112,True
531,21.2,11,0.5249488353729248,481.3959503173828,310.3743591308594,15.284538,4.8079042,True
532,21.24,0,0.8398069143295288,882.8299865722656,459.3525390625,20.12708,10.154655,True
532,21.24,1,0.8314940333366394,757.5861206054688,210.4902191162109,19.589264,1.1359504,True
532,21.24,4,0.7527261972427368,468.7132263183594,306.1702880859375,15.109123,4.633889,True
532,21.24,6,0.8982229828834534,594.5578308105469,449.0618286132813,16.576376,9.613489,True
532,21.24,8,0.8954825401306152,325.3856506347656,273.6510009765625,13.034363,3.1802506,True
532,21.24,13,0.8645804524421692,777.6157531738281,273.09796142578125,19.583176,3.7382772,True
532,21.24,14,0.8705505728721619,511.48468017578125,360.6057434082031,15.637358,6.65961,True
532,21.24,15,0.8276983499526978,911.0643920898438,496.7810668945313,20.30367,11.247904,True
532,21.24,17,0.9050349593162536,325.01141357421875,542.4556884765625,13.166164,12.096763,True
532,21.24,11,0.5098931789398193,474.5273132324219,308.6112976074219,15.189146,4.7332597,True
533,21.28,0,0.8496133089065552,882.1133422851562,458.7851867675781,20.120802,10.137399,True
533,21.28,1,0.8330042958259583,756.5592041015625,209.72381591796875,19.577692,1.101214,True
533,21.28,6,0.9064475297927856,596.8466796875,448.8603820800781,16.605711,9.609267,True
533,21.28,8,0.8928443789482117,326.30767822265625,274.3997802734375,13.048492,3.2117276,True
533,21.28,11,0.7497796416282654,463.8236541748047,302.9532470703125,15.042699,4.505585,True
533,21.28,13,0.8825819492340088,779.0135192871094,272.683837890625,19.604847,3.723854,True
533,21.28,14,0.8775079846382141,508.95460510253906,362.83544921875,15.59993,6.7344294,True
533,21.28,15,0.8330634832382202,913.3653869628906,498.94427490234375,20.321537,11.309804,True
533,21.28,17,0.908656120300293,324.69578552246094,542.6609497070312,13.162414,12.102132,True
534,21.32,0,0.8418022394180298,880.9032592773438,462.6925964355469,20.08901,10.251141,True
534,21.32,1,0.8449204564094543,756.9714965820312,210.9391326904297,19.57793,1.1544937,True
534,21.32,6,0.8844324946403503,602.0896911621094,447.5275573730469,16.674688,9.573077,True
534,21.32,8,0.8845711946487427,326.09088134765625,277.0875244140625,13.046913,3.3197815,True
534,21.32,11,0.7929686307907104,458.2292175292969,306.859375,14.959213,4.647538,True
534,21.32,13,0.8910828232765198,778.24462890625,273.415771484375,19.590595,3.7514708,True
534,21.32,14,0.8701913356781006,502.2521667480469,362.7395935058594,15.509077,6.7241726,True
534,21.32,15,0.8533422946929932,917.0545043945312,506.2418518066406,20.333296,11.51435,True
534,21.32,17,0.9248497486114502,326.14048767089844,546.8493041992188,13.181687,12.216699,True
535,21.36,0,0.8422303199768066,879.9440612792969,465.8462829589844,20.063686,10.342519,True
535,21.36,1,0.8280946612358093,756.5308532714844,210.1514129638672,19.575193,1.1197183,True
535,21.36,6,0.8885324001312256,604.4000549316406,448.2544250488281,16.702415,9.597122,True
535,21.36,8,0.8935667276382446,324.8333435058594,278.5708923339844,13.029234,3.3777394,True
535,21.36,11,0.8188654780387878,456.02012634277344,303.8973083496094,14.930415,4.5322185,True
535,21.36,13,0.9030497670173644,778.4770202636719,272.8411865234375,19.596537,3.7293284,True
535,21.36,14,0.8752828240394592,499.5656280517578,362.2470397949219,15.473214,6.7042913,True
535,21.36,15,0.734564483165741,919.1242065429688,509.8603820800781,20.341917,11.615179,True
535,21.36,17,0.9185063242912292,327.1172637939453,551.3800048828125,13.195332,12.339505,True
536,21.4,0,0.84099280834198,880.6813049316406,469.6661682128906,20.056211,10.4541445,True
536,21.4,1,0.8358625769615173,755.5045776367188,211.08824157714844,19.555368,1.1588016,True
536,21.4,6,0.8915876746177673,604.2392883300781,448.2946166992188,16.700302,9.598211,True
536,21.4,8,0.8780583143234253,324.4219055175781,280.26953125,13.024216,3.4452755,True
536,21.4,11,0.8353620767593384,456.56750488281256,301.2958984375,14.940591,4.4334784,True
536,21.4,13,0.8963180184364319,779.2005920410156,272.3448486328125,19.609062,3.7108412,True
536,21.4,14,0.8733398914337158,496.1787414550781,361.8651428222656,15.427656,6.68751,True
536,21.4,15,0.8032031059265137,919.8825073242188,515.4354858398438,20.326586,11.767876,True
536,21.4,17,0.9283106923103333,327.99603271484375,554.8433227539062,13.207298,12.432962,True
537,21.44,0,0.8615634441375732,879.2155151367188,469.6187133789063,20.038618,10.451639,True
537,21.44,1,0.833220899105072,754.3952941894531,210.54165649414065,19.54149,1.1335015,True
537,21.44,6,0.8937494158744812,606.7909240722656,448.2248840332031,16.732693,9.598213,True
537,21.44,8,0.8741584420204163,323.86402893066406,281.1445007324219,13.016536,3.4795458,True
537,21.44,11,0.8222828507423401,455.22792053222656,299.2284240722656,14.923282,4.3525615,True
537,21.44,13,0.8919637799263,780.6307373046875,273.37176513671875,19.624508,3.7527394,True
537,21.44,14,0.877209484577179,495.662841796875,360.5211181640625,15.422295,6.640207,True
537,21.44,15,0.8582417964935303,920.49267578125,519.0960693359375,20.317898,11.867593,True
537,21.44,17,0.9316938519477844,328.93043518066406,558.6953125,13.220025,12.536367,True
538,21.48,0,0.856476366519928,879.93994140625,471.8477783203125,20.037868,10.51674,True
538,21.48,1,0.8583299517631531,754.6214904785156,209.82164001464844,19.548338,1.1026124,True
538,21.48,6,0.8935408592224121,608.0919494628906,447.910888671875,16.749786,9.589745,True
538,21.48,8,0.8329225778579712,324.55784606933594,281.4269714355469,13.026941,3.4917254,True
538,21.48,11,0.8260760307312012,456.48521423339844,299.4107360839844,14.941131,4.3610916,True
538,21.48,13,0.8862223029136658,781.9503173828125,273.6377258300781,19.641909,3.764765,True
538,21.48,14,0.8719199299812317,494.1501159667969,359.8763732910156,15.402488,6.616161,True
538,21.48,15,0.8625772595405579,923.2987976074219,523.3628540039062,20.332283,11.98462,True
538,21.48,17,0.932778000831604,330.45323181152344,562.6701049804688,13.239787,12.642869,True
539,21.52,0,0.8340574502944946,880.68359375,476.0534057617188,20.028929,10.638543,True
539,21.52,1,0.8217408061027527,751.5660095214844,207.9494171142578,19.51179,1.0167437,True
539,21.52,6,0.8891703486442566,612.3105773925781,446.5661010742188,16.805946,9.552317,True
539,21.52,8,0.8767433762550354,320.7577209472656,282.6258239746094,12.971713,3.5346825,True
539,21.52,11,0.8358781337738037,453.0830078125,297.2518310546875,14.894273,4.273886,True
539,21.52,13,0.9007651805877686,783.4266662597656,275.7822265625,19.652746,3.8500946,True
539,21.52,14,0.8626624345779419,491.1086120605469,358.5046691894531,15.362685,6.565097,True
539,21.52,15,0.792222261428833,932.8986511230469,527.0603637695312,20.428125,12.090262,True
539,21.52,17,0.927585244178772,331.7209167480469,566.17529296875,13.256227,12.736264,True
540,21.56,0,0.8628536462783813,880.4816589355469,473.5388793945313,20.037207,10.565989,True
540,21.56,1,0.8357204794883728,750.0826416015625,207.9055938720703,19.489845,1.0126456,True
540,21.56,6,0.8751522898674011,615.8862915039062,447.0069885253906,16.850203,9.568728,True
540,21.56,8,0.8617197871208191,319.22471618652344,283.5281066894531,12.949743,3.568671,True
540,21.56,11,0.8207383751869202,453.26182556152344,297.6819763183594,14.896462,4.2906785,True
540,21.56,13,0.8923528790473938,784.5901489257812,278.2074279785156,19.65784,3.945602,True
540,21.56,14,0.8712082505226135,488.80113220214844,362.0876159667969,15.327051,6.687588,True
540,21.56,15,0.8174071907997131,929.9590454101562,528.0984497070312,20.389404,12.116063,True
540,21.56,17,0.8060401082038879,333.7279510498047,568.6292114257812,13.281057,12.802098,True
541,21.6,0,0.8748947381973267,878.7428283691406,471.7445068359375,20.023796,10.512837,True
541,21.6,1,0.8160775303840637,748.4121704101562,208.20997619628903,19.46344,1.0234314,True
541,21.6,6,0.8869763612747192,617.5843200683594,447.21588134765625,16.871206,9.576502,True
541,21.6,8,0.8756380081176758,320.5142364501953,283.076904296875,12.968427,3.552351,True
541,21.6,11,0.8000714778900146,451.50230407714844,296.5571594238281,14.872177,4.245161,True
541,21.6,13,0.8868209719657898,785.072265625,281.22576904296875,19.650597,4.0627546,True
541,21.6,14,0.8933371901512146,484.8259735107422,364.9701232910156,15.269745,6.78349,True
541,21.6,15,0.8736695647239685,931.1860046386719,527.838623046875,20.404806,12.109936,True
541,21.6,17,0.9220866560935974,335.1905517578125,568.0516967773438,13.298331,12.787856,True
542,21.64,0,0.8560550808906555,876.0738525390625,471.3401794433594,19.993147,10.499094,True
542,21.64,1,0.7981690168380737,745.8525085449219,207.61355590820312,19.428038,0.9936738,True
542,21.64,6,0.8831548094749451,619.08447265625,449.2580871582031,16.885702,9.639807,True
542,21.64,8,0.8476905226707458,320.59315490722656,282.9336242675781,12.969493,3.5467422,True
542,21.64,11,0.7769492864608765,450.4646759033203,294.2577819824219,14.859222,4.1549826,True
542,21.64,13,0.8818435072898865,786.2608947753906,281.87872314453125,19.664242,4.0893517,True
542,21.64,14,0.89662104845047,484.6034698486328,364.9900207519531,15.266701,6.7839494,True
542,21.64,15,0.8521910309791565,935.81787109375,527.5768432617188,20.459826,12.106022,True
542,21.64,17,0.8419365882873535,337.71044921875,572.3908081054688,13.329742,12.903151,True
543,21.68,0,0.8754859566688538,873.1787109375,470.28521728515625,19.962479,10.466316,True
543,21.68,1,0.8228226900100708,742.3471069335938,207.9307861328125,19.374142,1.0023164,True
543,21.68,6,0.8874952793121338,619.9704284667969,449.6930236816406,16.895926,9.653733,True
543,21.68,8,0.8815305829048157,319.56932067871094,282.6825256347656,12.954243,3.5354166,True
543,21.68,11,0.8173879981040955,450.04534912109375,294.3559875488281,14.853105,4.1582704,True
543,21.68,13,0.8722386956214905,786.4023742675781,280.2508850097656,19.673798,4.0268044,True
543,21.68,14,0.8873504400253296,483.9745788574219,364.7145385742188,15.258464,6.77376,True
543,21.68,15,0.8643141388893127,941.7965698242188,527.0317993164062,20.531757,12.095432,True
543,21.68,17,0.9029523730278016,339.5603942871094,565.7998657226562,13.349854,12.731383,True
544,21.72,0,0.8737426400184631,871.2069702148438,468.91888427734375,19.944296,10.425154,True
544,21.72,1,0.8493466377258301,741.2333679199219,206.91891479492188,19.362238,0.95654035,True
544,21.72,6,0.8947464823722839,625.2621765136719,446.8103942871094,16.96907,9.570559,True
544,21.72,8,0.874184250831604,322.3369598388672,281.9049377441406,12.99451,3.5079515,True
544,21.72,11,0.8331626057624817,442.7524871826172,293.858154296875,14.748482,4.12999,True
544,21.72,13,0.86216139793396,787.5712585449219,279.6796264648437,19.692879,4.006195,True
544,21.72,14,0.8840452432632446,481.5281982421875,363.88714599609375,15.226122,6.7425504,True
544,21.72,15,0.8604608774185181,943.3249816894531,527.1275024414062,20.549103,12.09901,True
544,21.72,17,0.915518045425415,345.2168273925781,564.1475219726562,13.417057,12.691424,True
545,21.76,0,0.8773382306098938,869.3121948242188,467.6156311035156,19.926746,10.385801,True
545,21.76,1,0.8315651416778564,739.0567016601562,206.32472229003903,19.33244,0.9273608,True
545,21.76,6,0.8729568123817444,627.1161193847656,447.65234375,16.99058,9.59771,True
545,21.76,8,0.8847542405128479,323.2760009765625,282.4161682128906,13.008674,3.5295575,True
545,21.76,11,0.8085301518440247,432.9556579589844,292.76324462890625,14.607955,4.0753655,True
545,21.76,13,0.8555922508239746,787.2975158691406,279.7431640625,19.688736,4.0083113,True
545,21.76,14,0.8938204646110535,480.7093200683594,362.4111633300781,15.216573,6.6904397,True
545,21.76,15,0.8590756058692932,942.5391235351562,530.462158203125,20.525196,12.187458,True
545,21.76,17,0.9268527626991272,348.34222412109375,566.9253540039062,13.455058,12.766616,True
546,21.8,0,0.8765790462493896,866.6914367675781,466.7204284667969,19.898605,10.3577,True
546,21.8,1,0.8480097055435181,738.2095336914062,205.9046173095703,19.321712,0.9077363,True
546,21.8,6,0.8645508289337158,630.0912780761719,448.9057922363281,17.02526,9.638241,True
546,21.8,8,0.8774349689483643,324.70729064941406,288.6886291503906,13.033611,3.7802649,True
546,21.8,11,0.7921223640441895,434.7051544189453,291.3341979980469,14.6341715,4.021909,True
546,21.8,13,0.8503294587135315,787.1337280273438,278.1300354003906,19.693977,3.94575,True
546,21.8,14,0.8836666941642761,481.5552215576172,361.0550231933594,15.229559,6.6441183,True
546,21.8,15,0.8699918985366821,941.1721801757812,533.6549682617188,20.495289,12.271385,True
546,21.8,17,0.9285612106323242,351.0777282714844,572.6651611328125,13.488855,12.918716,True
547,21.84,0,0.8549137711524963,866.8514099121094,466.3943786621094,19.901924,10.348322,True
547,21.84,1,0.8600926399230957,735.2770385742188,204.26976013183597,19.285353,0.83176,True
547,21.84,4,0.7681798338890076,452.45562744140625,287.768310546875,14.893572,3.904782,True
547,21.84,6,0.8727566599845886,628.3372802734375,441.2178039550781,17.020618,9.40227,True
547,21.84,8,0.7435019016265869,324.39691162109375,305.3134460449219,13.039158,4.4274845,True
547,21.84,11,0.8203854560852051,430.47680664062506,289.2714538574219,14.574346,3.936118,True
547,21.84,13,0.8344107270240784,787.5759887695312,279.13018798828125,19.695515,3.9849775,True
547,21.84,14,0.8596097230911255,481.46372985839844,359.9393615722656,15.229524,6.6051207,True
547,21.84,15,0.8406320810317993,940.3766784667969,537.90869140625,20.467478,12.383336,True
547,21.84,17,0.9245603084564208,352.1721496582031,575.1091918945312,13.502332,12.983079,True
548,21.88,0,0.8619676828384399,866.4458618164062,465.4146728515625,19.901098,10.319426,True
548,21.88,1,0.8462079167366028,731.8955078125,203.462890625,19.238316,0.79128236,True
548,21.88,4,0.725412130355835,457.4915008544922,288.86212158203125,14.965364,3.9538305,True
548,21.88,6,0.8829936981201172,627.9042663574219,442.7374877929688,17.01167,9.448465,True
548,21.88,8,0.7120246291160583,324.88690185546875,298.7763366699219,13.042342,4.1754932,True
548,21.88,11,0.803735613822937,427.3411102294922,290.5922241210937,14.528151,3.9838128,True
548,21.88,13,0.839796245098114,786.5263061523438,279.0450439453125,19.68116,3.9803925,True
548,21.88,14,0.8504953384399414,479.7469940185547,358.4731140136719,15.207681,6.552094,True
548,21.88,15,0.833713710308075,946.7430114746094,541.590576171875,20.524794,12.4842825,True
548,21.88,17,0.9215312600135804,353.58363342285156,572.5682983398438,13.51863,12.917762,True
549,21.92,0,0.8753488659858704,864.1078186035156,462.96533203125,19.882858,10.245971,True
549,21.92,1,0.8446395993232727,726.6563415527344,203.37667846679688,19.159985,0.7796514,True
549,21.92,4,0.770401120185852,444.3849182128906,289.2414245605469,14.775622,3.9523027,True
549,21.92,6,0.8920115828514099,630.5502319335938,444.91400146484375,17.040167,9.51719,True
549,21.92,8,0.8592013716697693,328.3036193847656,306.5716552734375,13.096332,4.480528,True
549,21.92,11,0.7423592805862427,419.46388244628906,286.1089782714844,14.416355,3.798252,True
549,21.92,13,0.8568184971809387,786.6072387695312,278.9577941894531,19.682705,3.9771197,True
549,21.92,14,0.8086742162704468,473.4728240966797,361.8317260742188,15.118612,6.66276,True
549,21.92,15,0.8663535714149475,952.6511535644531,547.5198364257812,20.56665,12.6429615,True
549,21.92,17,0.9000205397605896,357.0617218017578,575.3452758789062,13.560393,12.992268,True
550,21.96,0,0.8744792342185974,862.4484252929688,462.1932678222656,19.865822,10.222037,True
550,21.96,1,0.8488388061523438,720.377685546875,201.4689178466797,19.0741,0.6861894,True
550,21.96,4,0.802471935749054,442.4893798828125,288.6557922363281,14.748659,3.927045,True
550,21.96,6,0.881686806678772,630.6007080078125,445.0919494628906,17.040398,9.52266,True
550,21.96,8,0.8758816123008728,327.8076477050781,307.86737060546875,13.089893,4.5295706,True
550,21.96,11,0.7743675708770752,406.25018310546875,286.5543212890625,14.224004,3.79912,True
550,21.96,13,0.8407817482948303,785.1990356445312,274.4825134277344,19.683811,3.8017426,True
550,21.96,14,0.845450758934021,474.74461364746094,361.86956787109375,15.135904,6.6654,True
550,21.96,15,0.8730643391609192,949.8963928222656,548.1929321289062,20.532116,12.658725,True
550,21.96,17,0.8999225497245789,358.8102722167969,579.5330810546875,13.581712,13.101917,True
551,22.0,0,0.8768485188484192,860.8291625976562,461.1988830566406,19.850185,10.191577,True
551,22.0,1,0.7998137474060059,707.03369140625,198.45248413085935,18.885944,0.5324682,True
551,22.0,4,0.7264053225517273,438.70018005371094,285.6529846191406,14.695994,3.8045516,True
551,22.0,6,0.8724647164344788,630.4851684570312,435.6838684082031,17.060633,9.233715,True
551,22.0,8,0.8745830655097961,328.7376708984375,307.5950012207031,13.103159,4.520266,True
551,22.0,11,0.782538115978241,398.0224151611328,288.0899658203125,14.103849,3.849143,True
551,22.0,13,0.8328423500061035,783.333740234375,273.4918212890625,19.662123,3.7608042,True
551,22.0,14,0.873570442199707,476.3175964355469,362.6910095214844,15.156489,6.6956124,True
551,22.0,15,0.8631383776664734,951.0179138183594,549.1171875,20.540928,12.683452,True
551,22.0,17,0.9050890803337096,359.8979949951172,578.2999877929688,13.594419,13.070687,True
552,22.04,0,0.884566605091095,859.6538391113281,459.548095703125,19.842703,10.142103,True
552,22.04,1,0.8247694373130798,699.5914916992188,196.2136383056641,18.782827,0.42147672,True
552,22.04,4,0.721067488193512,445.7230682373047,290.7393798828125,14.79377,4.012417,True
552,22.04,6,0.8790539503097534,630.6415405273438,434.0340270996094,17.066458,9.182797,True
552,22.04,8,0.7885651588439941,330.9269256591797,307.3159484863281,13.134594,4.5122223,True
552,22.04,11,0.7744576930999756,394.5292205810547,288.2215881347656,14.053003,3.849923,True
552,22.04,13,0.8443984389305115,781.7337951660156,275.1555480957031,19.631792,3.8236194,True
552,22.04,14,0.876022458076477,475.95509338378906,365.69427490234375,15.1484785,6.799418,True
552,22.04,15,0.8395076394081116,953.1277465820312,549.1602172851562,20.564907,12.685901,True
552,22.04,17,0.8795106410980225,361.0009765625,579.248291015625,13.607588,13.095905,True
553,22.08,0,0.8895514607429504,858.6444091796875,457.86956787109375,19.837353,10.091825,True
553,22.08,1,0.8129535913467407,697.4354553222656,199.02130126953125,18.73828,0.5431466,True
553,22.08,4,0.7511298060417175,441.46458435058594,297.4656066894531,14.727232,4.2679305,True
553,22.08,6,0.888450562953949,632.1549072265625,442.3138732910156,17.066452,9.439075,True
553,22.08,8,0.8705523610115051,331.8513946533203,306.44439697265625,13.147483,4.479939,True
553,22.08,11,0.7917483448982239,388.1611633300781,283.6639404296875,13.960938,3.6621118,True
553,22.08,13,0.8492123484611511,782.9494018554688,278.6642761230469,19.632643,3.9612544,True
553,22.08,14,0.8525083661079407,474.2807312011719,365.9573364257813,15.125466,6.8067975,True
553,22.08,15,0.8622744679450989,951.6888427734375,546.6229248046875,20.559555,12.618998,True
553,22.08,17,0.8541098833084106,360.78465270996094,572.1768188476562,13.604161,12.912067,True
554,22.12,0,0.8970928192138672,857.5971374511719,456.4237365722656,19.830553,10.048277,True
554,22.12,1,0.8446826934814453,692.85400390625,195.76611328125,18.68246,0.39118746,True
554,22.12,4,0.8578156232833862,444.0625,285.0540771484375,14.774253,3.7877567,True
554,22.12,6,0.9094254970550536,635.8858032226562,443.016357421875,17.112022,9.463707,True
554,22.12,8,0.8613531589508057,339.0781707763672,310.4709167480469,13.253486,4.6425066,True
554,22.12,11,0.7654262185096741,386.38165283203125,283.696533203125,13.934929,3.6611383,True
554,22.12,13,0.8443406820297241,780.6246948242188,277.6171264648437,19.60477,3.9178312,True
554,22.12,14,0.8658690452575684,471.50218200683594,365.6266174316406,15.0880375,6.7924876,True
554,22.12,15,0.8872659206390381,954.1002807617188,545.5101318359375,20.592133,12.591521,True
554,22.12,17,0.7875081896781921,361.9102020263672,571.8427124023438,13.617498,12.904054,True
555,22.16,0,0.8883340954780579,855.9172668457031,455.1649475097656,19.815182,10.009674,True
555,22.16,1,0.7609434127807617,683.4369506835938,194.23733520507807,18.545588,0.30831993,True
555,22.16,4,0.8590962886810303,445.29248046875,288.4146423339844,14.789405,3.9211152,True
555,22.16,6,0.9150625467300416,637.2628173828125,440.84130859375,17.134573,9.398261,True
555,22.16,8,0.8461567759513855,339.53688049316406,316.012939453125,13.262405,4.8531795,True
555,22.16,11,0.7581978440284729,383.2242889404297,285.18829345703125,13.88866,3.716137,True
555,22.16,13,0.7957392334938049,775.9730529785156,271.89178466796875,19.565506,3.6890702,True
555,22.16,14,0.8680953979492188,469.62066650390625,365.02337646484375,15.063039,6.7696486,True
555,22.16,15,0.8731586337089539,954.5584106445312,544.2753295898438,20.602856,12.559577,True
555,22.16,17,0.8399483561515808,366.4952087402344,589.6742553710938,13.67337,13.366985,True
556,22.2,0,0.8906541466712952,854.7583618164062,454.0529174804688,19.805578,9.975772,True
556,22.2,1,0.8168873190879822,681.0198974609375,196.1349029541016,18.501154,0.38952863,True
556,22.2,4,0.8621649742126465,446.2461853027344,286.8181457519531,14.804497,3.8597822,True
556,22.2,6,0.9186527729034424,638.1939392089844,444.57073974609375,17.13754,9.513115,True
556,22.2,8,0.8306555151939392,338.7196807861328,320.7015075683594,13.252702,5.028563,True
556,22.2,11,0.7657945156097412,384.19715881347656,289.9897155761719,13.902439,3.9063494,True
556,22.2,13,0.845790445804596,775.0564575195312,274.9944763183594,19.538317,3.809028,True
556,22.2,14,0.8497899770736694,470.1002960205078,364.68798828125,15.069885,6.758516,True
556,22.2,15,0.8679129481315613,954.2038879394531,543.7451171875,20.60113,12.545492,True
556,22.2,17,0.8102025389671326,369.74754333496094,598.886474609375,13.712036,13.602431,True
557,22.24,0,0.8969950675964355,853.5252990722656,452.908203125,19.795181,9.940782,True
557,22.24,1,0.8569128513336182,674.9883117675781,195.53662109375,18.411795,0.35351852,True
557,22.24,4,0.8358632326126099,449.8431396484375,286.2405700683594,14.857082,3.8416407,True
557,22.24,6,0.9152271747589112,638.3276977539062,443.8284301757813,17.140984,9.49057,True
557,22.24,8,0.8322672247886658,340.0520324707031,325.7675476074219,13.2737665,5.2191906,True
557,22.24,11,0.7623310089111328,384.11415100097656,290.9598999023437,13.901148,3.9442542,True
557,22.24,13,0.819787323474884,770.3284301757812,273.0417785644531,19.480398,3.7269511,True
557,22.24,14,0.8493594527244568,471.63006591796875,364.1371154785156,15.091233,6.740987,True
557,22.24,15,0.8827248215675354,950.5958557128906,542.0794067382812,20.566998,12.499576,True
557,22.24,17,0.848690390586853,370.2907257080078,589.75,13.717937,13.371198,True
558,22.28,0,0.900230884552002,852.3250122070312,453.0083618164063,19.77999,9.942795,True
558,22.28,1,0.8612083196640015,669.3447875976562,197.05679321289065,18.319996,0.41282552,True
558,22.28,4,0.8370344042778015,450.8386535644531,288.8578186035156,14.869241,3.9453657,True
558,22.28,6,0.9214376211166382,639.0560913085938,440.9675598144531,17.156982,9.403646,True
558,22.28,8,0.8119599223136902,342.05482482910156,327.4659729003906,13.302861,5.284541,True
558,22.28,11,0.7582108974456787,380.5304718017578,296.0711669921875,13.848823,4.1391015,True
558,22.28,13,0.8655374646186829,769.4103393554688,273.8050537109375,19.46396,3.7556076,True
558,22.28,14,0.8518833518028259,474.85546875,362.4161682128906,15.13686,6.684537,True
558,22.28,15,0.883178174495697,952.0191955566406,543.269775390625,20.578117,12.531661,True
558,22.28,17,0.8722185492515564,371.51251220703125,586.7168579101562,13.732161,13.294459,True
559,22.32,0,0.9061888456344604,849.1764831542969,453.7912292480469,19.737995,9.963527,True
559,22.32,1,0.8875584602355957,649.7419128417969,195.01060485839844,18.02892,0.29107744,True
559,22.32,4,0.8336063027381897,460.8811340332031,281.7408447265625,15.021318,3.6784449,True
559,22.32,6,0.9171024560928344,638.26171875,439.5328063964844,17.150333,9.358941,True
559,22.32,8,0.789928674697876,342.2900695800781,328.1214904785156,13.306446,5.309098,True
559,22.32,11,0.7536707520484924,380.00262451171875,285.7926330566406,13.841584,3.7359254,True
559,22.32,13,0.8721343874931335,760.7361450195312,271.0219116210937,19.353607,3.63581,True
559,22.32,14,0.8323453664779663,482.7457275390625,361.0252380371094,15.2458105,6.64432,True
559,22.32,15,0.8885612487792969,949.5940551757812,549.7100830078125,20.522026,12.697945,True
559,22.32,17,0.9006683826446533,372.34242248535156,585.8325805664062,13.741892,13.272319,True
560,22.36,0,0.8868291974067688,847.5190734863281,453.885986328125,19.717207,9.965011,True
560,22.36,1,0.8921635746955872,646.2229309082031,194.9922637939453,17.975239,0.2848242,True
560,22.36,4,0.8206197619438171,468.767333984375,279.6076965332031,15.138095,3.604115,True
560,22.36,6,0.9242268204689026,638.277099609375,439.7983703613281,17.149897,9.367111,True
560,22.36,8,0.7927380204200745,342.4482879638672,326.0443420410156,13.307904,5.2322364,True
560,22.36,11,0.7406008243560791,382.44789123535156,282.2239074707031,13.877525,3.597729,True
560,22.36,13,0.8149037957191467,758.3195495605469,269.8125,19.324678,3.5852628,True
560,22.36,14,0.8306745886802673,480.082763671875,340.08868408203125,15.232311,5.9002795,True
560,22.36,15,0.9036787152290344,948.3953857421875,552.9408569335938,20.494267,12.780864,True
560,22.36,17,0.8924685120582581,372.0088195800781,586.0768432617188,13.737975,13.278374,True
561,22.4,0,0.8620802164077759,847.4920043945312,455.3975524902344,19.710665,10.009832,True
561,22.4,1,0.8675951361656189,638.6868591308594,192.8877410888672,17.86741,0.17844748,True
561,22.4,4,0.7692543864250183,474.7775573730469,295.3094177246094,15.207517,4.225499,True
561,22.4,6,0.9306256771087646,636.2066650390625,437.5540771484375,17.128956,9.296313,True
561,22.4,8,0.8082479238510132,343.89588928222656,325.0802917480469,13.328104,5.1980643,True
561,22.4,11,0.7429161667823792,376.59312438964844,300.0036315917969,13.7918005,4.286538,True
561,22.4,13,0.8344976305961609,755.1424255371094,270.1816101074219,19.27794,3.595752,True
561,22.4,14,0.8488613367080688,475.30072021484375,375.2710876464844,15.129939,7.127848,True
561,22.4,15,0.8656830191612244,948.8829040527344,553.9925537109375,20.495281,12.808331,True
561,22.4,17,0.8942298889160156,372.3482208251953,588.8969116210938,13.74206,13.350676,True
562,22.44,0,0.8664113879203796,845.850830078125,455.8247680664063,19.688738,10.021179,True
562,22.44,1,0.8208653926849365,634.8502502441406,192.25765991210935,17.810806,0.14404733,True
562,22.44,4,0.7714584469795227,479.066162109375,284.14117431640625,15.28225,3.795955,True
562,22.44,6,0.9257668852806092,634.0165710449219,438.0806884765625,17.099913,9.310672,True
562,22.44,8,0.801851212978363,347.34202575683594,323.1175537109375,13.376413,5.1289268,True
562,22.44,11,0.719565212726593,380.7215576171875,300.544189453125,13.851378,4.312441,True
562,22.44,13,0.8470940589904785,753.3286437988281,269.1814880371094,19.256552,3.5541172,True
562,22.44,14,0.8135596513748169,479.9925231933594,367.3837585449219,15.201525,6.861959,True
562,22.44,15,0.8338941335678101,949.9573669433594,554.6283569335938,20.504797,12.825403,True
562,22.44,17,0.8881453275680542,372.3143005371094,590.1409301757812,13.741702,13.382376,True
563,22.48,0,0.864526093006134,844.5584106445312,455.9372863769531,19.67239,10.023479,True
563,22.48,1,0.797294020652771,621.6272277832031,191.93605041503903,17.608976,0.10891087,True
563,22.48,4,0.833787202835083,482.81224060058594,278.9642944335937,15.342867,3.5965316,True
563,22.48,6,0.9191649556159972,632.3577270507812,438.8735656738281,17.077007,9.333667,True
563,22.48,8,0.7994899153709412,348.50994873046875,323.1665344238281,13.393039,5.1321073,True
563,22.48,11,0.6220691800117493,384.50030517578125,297.395751953125,13.906172,4.195376,True
563,22.48,13,0.8628412485122681,750.7327270507812,271.1944274902344,19.210922,3.6299589,True
563,22.48,14,0.8204415440559387,483.6912078857422,363.6476440429688,15.255792,6.736478,True
563,22.48,15,0.857010543346405,950.0049743652344,556.4039306640625,20.49765,12.871165,True
563,22.48,17,0.890409529209137,373.2531280517578,589.47509765625,13.752701,13.365969,True
564,22.52,0,0.8837980628013611,843.505615234375,455.90325927734375,19.659586,10.021631,True
564,22.52,1,0.8332643508911133,602.5986633300781,190.94830322265625,17.319395,0.03440257,True
564,22.52,4,0.8476336598396301,489.1614685058594,278.1075744628906,15.436153,3.5706887,True
564,22.52,6,0.9109033346176147,626.8517761230469,435.2311096191406,17.015448,9.216603,True
564,22.52,8,0.8473469614982605,352.3970031738281,329.3285217285156,13.449956,5.3652873,True
564,22.52,11,0.6924394965171814,390.0951690673828,299.9874267578125,13.986638,4.3024173,True
564,22.52,13,0.8953213095664978,742.0733642578125,268.51434326171875,19.099318,3.5135362,True
564,22.52,14,0.6729598045349121,493.1399230957031,363.3246154785156,15.384579,6.7350435,True
564,22.52,15,0.8690041303634644,947.0737609863281,556.42724609375,20.464113,12.8699465,True
564,22.52,17,0.909434735774994,382.0550537109375,578.5429077148438,13.856429,13.090663,True
565,22.56,0,0.9031484127044678,842.3014831542969,455.70123291015625,19.645601,10.014684,True
565,22.56,1,0.7163301706314087,595.3965454101562,189.70236206054688,17.212067,-0.033540085,False
565,22.56,4,0.8369473814964294,492.3722839355469,272.8646240234375,15.489936,3.3661714,True
565,22.56,6,0.9127960205078124,622.1887512207031,432.6221618652344,16.96196,9.131724,True
565,22.56,8,0.881250262260437,356.7157287597656,336.0585021972656,13.512504,5.6173906,True
565,22.56,11,0.782577633857727,389.1218566894531,308.24493408203125,13.971425,4.6176443,True
565,22.56,13,0.8922785520553589,738.5111694335938,267.4194641113281,19.053205,3.4657683,True
565,22.56,14,0.7928583025932312,484.9300231933594,361.0317687988281,15.275558,6.6468215,True
565,22.56,15,0.8871085047721863,946.4503479003906,554.9203491210938,20.463488,12.830747,True
565,22.56,17,0.91139954328537,381.9030303955078,579.6229248046875,13.854589,13.118468,True
566,22.6,0,0.8872782588005066,841.2743225097656,454.5683288574219,19.63756,9.980262,True
566,22.6,1,0.8362047672271729,589.3072509765625,188.63619995117188,17.121109,-0.09172394,False
566,22.6,4,0.8411350846290588,499.8731384277344,265.1109619140625,15.610621,3.0642703,True
566,22.6,6,0.906059503555298,620.0643005371094,430.7364196777344,16.939083,9.071234,True
566,22.6,8,0.9126923084259032,360.0097351074219,339.360107421875,13.559426,5.7413745,True
566,22.6,11,0.7683449387550354,389.4410705566406,317.5343322753906,13.974659,4.9690695,True
566,22.6,13,0.7774673104286194,733.7986145019531,266.38055419921875,18.990341,3.4186432,True
566,22.6,14,0.8224388957023621,481.0218811035156,359.53985595703125,15.22393,6.590712,True
566,22.6,15,0.880245566368103,948.8407287597656,553.721923828125,20.49597,12.801318,True
566,22.6,17,0.8874427676200867,380.23204040527344,578.687255859375,13.834889,13.093269,True
567,22.64,0,0.8619473576545715,839.5547485351562,453.7471618652344,19.619713,9.9544935,True
567,22.64,1,0.8927522301673889,581.0839538574219,188.80165100097656,16.993464,-0.09715786,False
567,22.64,4,0.7733328342437744,516.0728149414062,272.228515625,15.835985,3.3713756,True
567,22.64,6,0.9270660281181335,613.0074768066406,433.4851379394531,16.842909,9.150604,True
567,22.64,8,0.9146199822425842,362.3647003173828,338.1608581542969,13.592266,5.7003775,True
567,22.64,11,0.7741839289665222,392.8868865966797,325.58905029296875,14.022204,5.2732863,True
567,22.64,13,0.7821690440177917,723.8831481933594,266.2973022460937,18.849068,3.4026508,True
567,22.64,14,0.8207463026046753,478.3428497314453,361.3028564453125,15.185521,6.649408,True
567,22.64,15,0.8812952637672424,948.2390441894531,552.6553344726562,20.493715,12.773385,True
567,22.64,17,0.8734329342842102,381.3458251953125,577.1093139648438,13.848104,13.053131,True
568,22.68,0,0.8283106088638306,840.6038513183594,453.3916015625,19.634079,9.944767,True
568,22.68,1,0.8778812289237976,575.6391296386719,187.8906707763672,16.911648,-0.14739591,False
568,22.68,4,0.8017295002937317,530.2569274902344,284.80841064453125,16.019505,3.8862853,True
568,22.68,6,0.9269411563873292,609.0634460449219,434.1397705078125,16.791174,9.1675205,True
568,22.68,8,0.8599640727043152,361.9179229736328,339.2750549316406,13.586173,5.740405,True
568,22.68,11,0.7846605181694031,396.5662078857422,333.55291748046875,14.072435,5.570536,True
568,22.68,13,0.8475086092948914,716.2960205078125,266.4293518066406,18.740074,3.398165,True
568,22.68,14,0.7892352938652039,474.8693084716797,361.4565124511719,15.138023,6.651145,True
568,22.68,15,0.8941174149513245,944.8082580566406,551.6918334960938,20.458637,12.7463045,True
568,22.68,17,0.8620352149009705,379.679931640625,581.31884765625,13.828305,13.160835,True
569,22.72,0,0.8673809766769409,864.3650207519531,449.3654479980469,19.943663,9.843991,True
569,22.72,1,0.8274009823799133,559.9670715332031,188.7569580078125,16.66645,-0.13259503,False
569,22.72,4,0.7310318350791931,541.4449615478516,301.88092041015625,16.148123,4.5578775,True
569,22.72,6,0.8875871896743774,593.0065307617188,432.75885009765625,16.588894,9.110766,True
569,22.72,8,0.8855997323989868,368.93397521972656,344.4200744628906,13.684955,5.934337,True
569,22.72,11,0.7681931853294373,405.6639404296875,327.99591064453125,14.201829,5.376806,True
569,22.72,13,0.8848376870155334,709.0225219726562,278.02716064453125,18.591272,3.8448052,True
569,22.72,14,0.839947521686554,480.84552001953125,356.874267578125,15.224413,6.497253,True
569,22.72,15,0.8864138722419739,943.1447448730469,549.8211669921875,20.447659,12.696761,True
569,22.72,17,0.8328877687454224,381.9822998046875,586.0388793945312,13.855263,13.283446,True
570,22.76,0,0.7915349006652832,834.8127746582031,449.1918640136719,19.579603,9.814834,True
570,22.76,1,0.8330444693565369,550.679931640625,194.56622314453125,16.50867,0.11726277,True
570,22.76,4,0.8247741460800171,550.8830261230469,286.086181640625,16.31317,3.9618306,True
570,22.76,6,0.8927236199378967,592.5481872558594,438.391357421875,16.571869,9.284928,True
570,22.76,8,0.8701477646827698,369.7561340332031,342.46875,13.696285,5.8648233,True
570,22.76,11,0.788003146648407,404.8128662109375,335.13238525390625,14.187648,5.63745,True
570,22.76,13,0.8889368176460266,701.3504028320312,278.76495361328125,18.479666,3.8639767,True
570,22.76,14,0.8338767290115356,481.51849365234375,354.6385498046875,15.236058,6.419441,True
570,22.76,15,0.9221853017807008,942.257080078125,549.0020751953125,20.441015,12.674927,True
570,22.76,17,0.8431605696678162,383.5019226074219,595.862060546875,13.872613,13.534216,True
571,22.8,0,0.8717858791351318,832.8209838867188,447.9719543457031,19.559883,9.776683,True
571,22.8,1,0.7167669534683228,540.9030151367188,191.7046661376953,16.363869,-0.028120881,False
571,22.8,4,0.8680437207221985,555.2535705566406,274.6001281738281,16.399689,3.5160544,True
571,22.8,6,0.8964767456054688,588.0892639160156,447.3067321777344,16.49791,9.5546665,True
571,22.8,8,0.9044907093048096,374.7672576904297,343.480224609375,13.766333,5.9068584,True
571,22.8,11,0.8359116911888123,412.04571533203125,327.1980895996094,14.291982,5.3546543,True
571,22.8,13,0.8957229852676392,695.2458801269531,278.9283142089844,18.392445,3.8627343,True
571,22.8,14,0.8302786946296692,480.8927001953125,356.6412353515625,15.225311,6.4891305,True
571,22.8,15,0.930705428123474,940.8790588378906,550.587158203125,20.418402,12.715208,True
571,22.8,17,0.8651936650276184,385.32147216796875,578.8540649414062,13.894987,13.100719,True
572,22.84,0,0.8725186586380005,830.2861633300781,446.0145263671875,19.536358,9.715858,True
572,22.84,1,0.8392238616943359,534.68359375,185.3660430908203,16.281027,-0.32857388,False
572,22.84,4,0.8716830611228943,560.7528686523438,275.8871459960937,16.476387,3.5740304,True
572,22.84,6,0.9002573490142822,581.1692504882812,452.4263916015625,16.400795,9.704488,True
572,22.84,8,0.8961548209190369,377.7967529296875,345.3656921386719,13.808593,5.978083,True
572,22.84,11,0.8331339955329895,419.35768127441406,329.3270874023437,14.393914,5.4413433,True
572,22.84,13,0.8930867910385132,690.80078125,278.9140625,18.329391,3.8566413,True
572,22.84,14,0.8041489720344543,482.13938903808594,354.3458557128906,15.244882,6.4097986,True
572,22.84,15,0.9242895841598512,939.0338134765625,553.4432373046875,20.385061,12.787991,True
572,22.84,17,0.8695268630981445,378.8500213623047,572.1845703125,13.818675,12.923609,True
573,22.88,0,0.8594927787780762,830.2449035644531,446.19927978515625,19.535105,9.721377,True
573,22.88,1,0.8644247055053711,524.6578979492188,186.8487243652344,16.121521,-0.27630857,False
573,22.88,4,0.8623033761978149,564.2659912109375,279.2822570800781,16.519636,3.7123656,True
573,22.88,6,0.8999947309494019,576.2548522949219,458.3374633789063,16.328163,9.878756,True
573,22.88,8,0.8768178820610046,377.9149169921875,348.6298522949219,13.810194,6.0952907,True
573,22.88,11,0.847502589225769,419.2707061767578,332.0823974609375,14.39141,5.542274,True
573,22.88,13,0.8968401551246643,685.86083984375,279.69500732421875,18.256449,3.880896,True
573,22.88,14,0.7553253769874573,483.8263244628906,356.969970703125,15.265044,6.503743,True
573,22.88,15,0.9165735840797424,937.6318359375,556.5631103515625,20.355782,12.867583,True
573,22.88,17,0.865781307220459,385.5921630859375,577.7936401367188,13.898256,13.073472,True
574,22.92,0,0.8844037055969238,827.5367736816406,444.6420593261719,19.50776,9.672304,True
574,22.92,1,0.8520471453666687,510.1429748535156,186.89111328125,15.894825,-0.29756457,False
574,22.92,4,0.8769466876983643,574.6927490234375,280.1823425292969,16.667507,3.7608545,True
574,22.92,6,0.8915444612503052,569.3542175292969,468.2093811035156,16.224464,10.167815,True
574,22.92,8,0.7986364364624023,374.3105010986328,350.51959228515625,13.76013,6.1589108,True
574,22.92,11,0.8098461031913757,422.39112854003906,339.14501953125,14.431647,5.802729,True
574,22.92,13,0.8987753987312317,676.4752807617188,284.9988708496094,18.104897,4.0749154,True
574,22.92,14,0.8058846592903137,505.64442443847656,362.041015625,15.556063,6.7034354,True
574,22.92,15,0.9311865568161012,932.3457946777344,561.2072143554688,20.27598,12.983524,True
574,22.92,17,0.8919100761413574,387.8236389160156,574.4053344726562,13.924911,12.987015,True
575,22.96,0,0.8672352433204651,827.0592651367188,444.855224609375,19.500982,9.678332,True
575,22.96,1,0.8981536626815796,504.58961486816406,190.04991149902344,15.802505,-0.16120972,False
575,22.96,4,0.8583788871765137,585.49365234375,280.19073486328125,16.822527,3.7747612,True
575,22.96,6,0.8844990134239197,564.5608825683594,469.6206359863281,16.162174,10.2058115,True
575,22.96,8,0.8251770734786987,373.86524963378906,354.5858764648437,13.754066,6.3030853,True
575,22.96,11,0.812795102596283,423.75286865234375,337.4705505371094,14.451476,5.743575,True
575,22.96,13,0.882821798324585,672.416748046875,283.5863037109375,18.052216,4.015291,True
575,22.96,14,0.8178650736808777,506.3705139160156,364.9649658203125,15.562021,6.8054986,True
575,22.96,15,0.9196259379386902,931.1954650878906,563.3757934570312,20.253859,13.038249,True
575,22.96,17,0.8839353322982788,389.28936767578125,578.8922729492188,13.941823,13.104152,True
576,23.0,0,0.8722890019416809,833.0753173828125,445.2317504882813,19.574081,9.694605,True
576,23.0,1,0.8841539025306702,498.6724853515625,190.762939453125,15.709023,-0.13791913,False
576,23.0,4,0.8348418474197388,596.4822082519531,278.2281188964844,16.985086,3.711574,True
576,23.0,6,0.8842677474021912,562.44580078125,469.1603698730469,16.136482,10.190506,True
576,23.0,8,0.8433384895324707,375.2784729003906,366.2107849121094,13.773792,6.7131915,True
576,23.0,11,0.8483884334564209,423.34864807128906,332.2997436523437,14.448454,5.5548096,True
576,23.0,13,0.8760332465171814,668.0765991210938,283.640625,17.990496,4.012037,True
576,23.0,14,0.7947735786437988,506.35968017578125,369.4753112792969,15.555888,6.9608936,True
576,23.0,15,0.9355581998825072,928.6495056152344,564.6386108398438,20.21968,13.068906,True
576,23.0,17,0.8962393999099731,388.70465087890625,582.2406005859375,13.934611,13.1900835,True
577,23.04,0,0.8477134108543396,828.9965209960938,446.4205627441406,19.51875,9.727005,True
577,23.04,1,0.8717933297157288,490.24072265625,191.3665313720703,15.57654,-0.12363988,False
577,23.04,4,0.8627810478210449,598.1972961425781,277.40185546875,17.01183,3.6812582,True
577,23.04,6,0.8908429741859436,559.6331481933594,469.0751953125,16.101439,10.185749,True
577,23.04,8,0.8435357809066772,374.8168487548828,363.3630676269531,13.7674055,6.6132827,True
577,23.04,11,0.8689755201339722,423.1650848388672,345.4918518066406,14.43927,6.0321007,True
577,23.04,13,0.8673811554908752,661.5537109375,283.2323913574219,17.899292,3.9881556,True
577,23.04,14,0.8027158975601196,495.82850646972656,365.9288940429688,15.417909,6.827975,True
577,23.04,15,0.92723286151886,927.7776489257812,566.5844116210938,20.20176,13.117909,True
577,23.04,17,0.8934914469718933,385.526123046875,579.5496826171875,13.897356,13.118808,True
578,23.08,0,0.8672197461128235,831.3450012207031,447.3062744140625,19.544289,9.755517,True
578,23.08,1,0.8769463896751404,484.6086883544922,193.74583435058597,15.485154,-0.023752613,False
578,23.08,4,0.8886540532112122,603.7380065917969,274.2577514648437,17.099693,3.564329,True
578,23.08,6,0.866378903388977,554.5367126464844,468.0015258789063,16.039345,10.149855,True
578,23.08,8,0.8090012669563293,377.4384002685547,373.5572509765625,13.80336,6.9699244,True
578,23.08,11,0.8610156774520874,420.0663757324219,348.35845947265625,14.394961,6.1312356,True
578,23.08,13,0.8444137573242188,654.3550415039062,282.5378112792969,17.799274,3.952286,True
578,23.08,14,0.8365869522094727,490.276611328125,366.72564697265625,15.341699,6.8497906,True
578,23.08,15,0.9354977011680604,926.5630187988281,567.2208862304688,20.185356,13.13335,True
578,23.08,17,0.8498348593711853,382.7173309326172,577.80224609375,13.864287,13.071918,True
579,23.12,0,0.8653349280357361,830.885986328125,449.6236267089844,19.529327,9.824559,True
579,23.12,1,0.864900529384613,469.4065399169922,194.1943206787109,15.2475395,-0.027261626,False
579,23.12,4,0.8665885925292969,612.9339599609375,270.3804931640625,17.242657,3.422447,True
579,23.12,6,0.8707323670387268,543.9329833984375,467.7801208496094,15.906788,10.134825,True
579,23.12,8,0.8559350967407227,372.1811981201172,361.7597961425781,13.731089,6.554345,True
579,23.12,11,0.8671520948410034,427.71827697753906,360.8482666015625,14.494139,6.580678,True
579,23.12,13,0.7742704749107361,647.162841796875,280.91552734375,17.702053,3.8802388,True
579,23.12,14,0.6748442649841309,511.36578369140625,371.2174682617188,15.621094,7.02571,True
579,23.12,15,0.9450315237045288,926.9649353027344,566.7853393554688,20.191706,13.122525,True
579,23.12,17,0.892509937286377,382.96710205078125,586.2335815429688,13.866829,13.289026,True
580,23.16,0,0.9004824161529541,832.5304565429688,449.3372192382813,19.550804,9.8173275,True
580,23.16,1,0.885892927646637,460.8389587402344,194.6457672119141,15.113295,-0.020165717,False
580,23.16,6,0.8223050236701965,541.8221130371094,467.5543518066406,15.880644,10.1264305,True
580,23.16,8,0.8484047651290894,367.36964416503906,360.6079711914063,13.664708,6.5088277,True
580,23.16,11,0.8722241520881653,435.5977783203125,359.6841125488281,14.602772,6.5481834,True
580,23.16,13,0.8980264663696289,632.9247741699219,284.1251220703125,17.48963,3.9873602,True
580,23.16,14,0.6943090558052063,516.2433319091797,367.5025024414063,15.692118,6.9031487,True
580,23.16,15,0.9422872066497804,925.2640991210938,566.4292602539062,20.173851,13.112439,True
580,23.16,17,0.8927649855613708,384.63645935058594,581.1286010742188,13.88676,13.158974,True
581,23.2,0,0.9262241125106812,834.2772827148438,455.0008544921875,19.549677,9.987493,True
581,23.2,1,0.8981180787086487,452.22068786621094,192.7551727294922,14.980639,-0.1203158,False
581,23.2,4,0.7099719643592834,624.13427734375,271.3694763183594,17.401142,3.4760418,True
581,23.2,6,0.7426412105560303,536.7608337402344,465.5700378417969,15.819945,10.063301,True
581,23.2,8,0.840979814529419,363.8592987060547,359.59844970703125,13.616163,6.469598,True
581,23.2,11,0.8553616404533386,439.68284606933594,359.015380859375,14.659177,6.5290394,True
581,23.2,13,0.7920945882797241,649.0451049804688,287.60076904296875,17.70799,4.1416354,True
581,23.2,14,0.7167866230010986,519.2879333496094,355.3238220214844,15.751157,6.483341,True
581,23.2,15,0.910874366760254,948.5732116699219,565.25634765625,20.44333,13.096752,True
581,23.2,17,0.8770929574966431,382.5010681152344,582.7950439453125,13.861506,13.200548,True
582,23.24,0,0.9368784427642822,834.4318542480469,454.96875,19.55171,9.986664,True
582,23.24,1,0.9116610288619996,443.2920227050781,193.0852813720703,14.840521,-0.11935085,False
582,23.24,4,0.8529943823814392,622.3024291992188,269.6021423339844,17.379887,3.4035416,True
582,23.24,6,0.7444366216659546,534.5440063476562,464.6861572265625,15.793318,10.035146,True
582,23.24,8,0.85550856590271,359.2927551269531,358.3399353027344,13.552883,6.4203854,True
582,23.24,11,0.8783359527587891,447.1246643066406,359.1453552246094,14.761024,6.54141,True
582,23.24,13,0.8253291845321655,655.4690246582031,296.5406494140625,17.770767,4.4914894,True
582,23.24,14,0.7298772931098938,520.4478454589844,348.7889099121094,15.776791,6.2544165,True
582,23.24,15,0.917065978050232,947.9094848632812,565.0380859375,20.436731,13.0907955,True
582,23.24,17,0.8991703987121582,383.08998107910156,576.3290405273438,13.868764,13.033995,True
583,23.28,0,0.9266024827957152,832.6666259765625,454.0693054199219,19.533556,9.958535,True
583,23.28,1,0.9192660450935364,435.7643127441406,192.5855407714844,14.722965,-0.1542497,False
583,23.28,4,0.8556791543960571,615.2132873535156,267.4068908691406,17.283873,3.3069587,True
583,23.28,6,0.7879934310913086,527.3794860839844,464.9732055664063,15.70279,10.037952,True
583,23.28,8,0.8566141128540039,359.651123046875,357.7221374511719,13.557727,6.398948,True
583,23.28,11,0.8797157406806946,447.7606964111328,358.9033203125,14.769913,6.5335984,True
583,23.28,13,0.8078163862228394,660.3483276367188,294.1812438964844,17.846874,4.407578,True
583,23.28,14,0.7537095546722412,528.0102081298828,349.8615417480469,15.878633,6.3004065,True
583,23.28,15,0.9053905010223388,946.1832580566406,564.8627319335938,20.41789,13.085284,True
583,23.28,17,0.8958132266998291,383.3266296386719,587.68408203125,13.87098,13.326327,True
584,23.32,0,0.9385863542556764,829.3497619628906,453.7129211425781,19.494087,9.945275,True
584,23.32,1,0.9241910576820374,428.1603546142578,196.451904296875,14.60094,0.010758804,True
584,23.32,4,0.8185414671897888,605.9270935058594,265.8875427246094,17.153782,3.2341824,True
584,23.32,6,0.8086773753166199,524.4839630126953,469.984375,15.659804,10.184767,True
584,23.32,8,0.8479650020599365,355.3143310546875,356.9925537109375,13.497574,6.368538,True
584,23.32,11,0.8792104721069336,450.7908935546875,359.6376342773437,14.810834,6.562491,True
584,23.32,13,0.8396421074867249,671.2745666503906,293.6290588378906,18.002426,4.3996916,True
584,23.32,14,0.7855072021484375,540.2900238037109,344.94952392578125,16.054909,6.139515,True
584,23.32,15,0.8950955271720886,933.6513366699219,563.8756103515625,20.279705,13.052501,True
584,23.32,17,0.9062781929969788,384.4485168457031,571.6793823242188,13.885114,12.913948,True
585,23.36,0,0.933542549610138,827.5275573730469,453.3747863769531,19.472954,9.93375,True
585,23.36,1,0.9154576659202576,426.2754516601563,197.05712890625,14.571039,0.035408083,True
585,23.36,4,0.81611567735672,599.830322265625,264.1268310546875,17.070152,3.1556187,True
585,23.36,6,0.8166173100471497,522.658447265625,473.5069580078125,15.632387,10.287546,True
585,23.36,8,0.8843863606452942,352.4080505371094,347.2033386230469,13.454815,6.0163937,True
585,23.36,11,0.8646910190582275,445.6260681152344,366.4328308105469,14.735294,6.793735,True
585,23.36,13,0.8391133546829224,679.4996032714844,304.2420959472656,18.082203,4.810474,True
585,23.36,14,0.7826118469238281,543.6392822265625,348.5820007324219,16.09444,6.2718596,True
585,23.36,15,0.9343142509460448,931.4072265625,564.063720703125,20.25341,13.055929,True
585,23.36,17,0.9056203365325928,385.20436096191406,572.6099853515625,13.894018,12.938676,True
586,23.4,0,0.9353514909744264,828.0794677734375,454.070556640625,19.477013,9.954888,True
586,23.4,1,0.9029828906059264,424.2298889160156,198.5978546142578,14.538048,0.102385186,True
586,23.4,4,0.8382931351661682,595.5670471191406,261.525390625,17.015081,3.0452726,True
586,23.4,6,0.8081375360488892,520.0390472412109,473.4913330078125,15.599621,10.285019,True
586,23.4,8,0.9011195302009584,352.88177490234375,346.77313232421875,13.461314,6.0014515,True
586,23.4,11,0.8296799063682556,453.5250701904297,358.751708984375,14.848948,6.53434,True
586,23.4,13,0.8318278789520264,689.4637145996094,307.97686767578125,18.208149,4.9615383,True
586,23.4,14,0.8082436919212341,556.9648132324219,349.7363586425781,16.274263,6.326788,True
586,23.4,15,0.9467279314994812,931.0186767578125,564.6802368164062,20.246437,13.071409,True
586,23.4,17,0.901225209236145,386.0320281982422,569.0189819335938,13.904093,12.845448,True
587,23.44,0,0.9315659403800964,829.1793823242188,454.2691345214844,19.489786,9.961674,True
587,23.44,1,0.903577446937561,423.2501220703125,199.56300354003903,14.522131,0.14473067,True
587,23.44,4,0.8485669493675232,588.7889404296875,258.8476867675781,16.923267,2.9279864,True
587,23.44,6,0.8452550768852234,522.2397308349609,475.5216979980469,15.62458,10.346603,True
587,23.44,8,0.9231230020523072,353.1720733642578,345.820556640625,13.465125,5.9675016,True
587,23.44,11,0.8654303550720215,459.6643524169922,356.8716735839844,14.93458,6.474856,True
587,23.44,13,0.8307539820671082,696.5982055664062,314.1064758300781,18.285738,5.19671,True
587,23.44,14,0.8250723481178284,564.4256591796875,355.7296142578125,16.36427,6.544882,True
587,23.44,15,0.9444984197616576,933.9622497558594,566.3905639648438,20.272768,13.116731,True
587,23.44,17,0.8931862711906433,387.4685974121094,569.859375,13.92109,12.868332,True
588,23.48,0,0.9119651913642884,832.0884704589844,454.3287963867188,19.525398,9.965782,True
588,23.48,1,0.9073089361190796,422.1344451904297,199.9661865234375,14.504464,0.16129611,True
588,23.48,4,0.8305516242980957,585.9269714355469,256.7380065917969,16.886831,2.838458,True
588,23.48,6,0.7930969595909119,520.5534210205078,474.4850158691406,15.604807,10.314739,True
588,23.48,8,0.9245823621749878,351.1213684082031,347.13140869140625,13.436842,6.012405,True
588,23.48,11,0.8636720180511475,469.3944396972656,357.4413757324219,15.067249,6.5050926,True
588,23.48,13,0.8833988308906555,709.1907348632812,318.4540100097656,18.443876,5.3705626,True
588,23.48,14,0.8702111840248108,566.9536437988281,362.5210571289063,16.385254,6.7833557,True
588,23.48,15,0.9378153085708618,936.3138732910156,567.4832763671875,20.294897,13.145912,True
588,23.48,17,0.8960022926330566,388.1408996582031,569.4913330078125,13.929106,12.859134,True
589,23.52,0,0.8983363509178162,836.395263671875,454.5575256347656,19.577534,9.97603,True
589,23.52,1,0.9127951264381408,422.17872619628906,200.1859436035156,14.50502,0.17134082,True
589,23.52,4,0.8757011294364929,587.6084899902344,262.9125366210937,16.895777,3.0907705,True
589,23.52,6,0.7679914832115173,515.8072204589844,476.5509643554688,15.542911,10.371842,True
589,23.52,8,0.9276078343391418,347.06744384765625,348.7176818847656,13.380762,6.064924,True
589,23.52,11,0.8578997254371643,481.7367858886719,355.3690185546875,15.238245,6.4453554,True
589,23.52,13,0.9134545922279358,734.7966613769531,322.758544921875,18.778877,5.555977,True
589,23.52,14,0.7442883253097534,578.58935546875,357.7243347167969,16.552113,6.629144,True
589,23.52,15,0.9401296973228456,939.7859191894531,570.1004028320312,20.323309,13.214318,True
589,23.52,17,0.9018910527229308,391.2096252441406,556.5906982421875,13.967022,12.520929,True
590,23.56,0,0.904620885848999,840.9871520996094,454.775634765625,19.633184,9.986184,True
590,23.56,1,0.9156071543693542,422.4642639160156,200.6228790283203,14.509206,0.19160934,True
590,23.56,4,0.7843081951141357,574.258544921875,262.1112365722656,16.703403,3.0409105,True
590,23.56,6,0.7865159511566162,513.3800048828125,476.5251159667969,15.512605,10.369181,True
590,23.56,8,0.9290334582328796,342.1991271972656,349.3589172363281,13.313102,6.082615,True
590,23.56,11,0.8220375776290894,484.5666809082031,359.9783630371094,15.271787,6.60972,True
590,23.56,13,0.8851693272590637,740.7720947265625,324.4591064453125,18.853905,5.6241655,True
590,23.56,14,0.8600135445594788,600.9861755371094,357.1196594238281,16.856104,6.6314,True
590,23.56,15,0.9360921382904052,941.4617309570312,571.3917846679688,20.336868,13.247958,True
590,23.56,17,0.8895133137702942,394.55718994140625,567.1742553710938,14.005609,12.802525,True
591,23.6,0,0.8977011442184448,843.2672119140625,456.6103820800781,19.653782,10.042377,True
591,23.6,1,0.9180572032928468,423.2283020019531,201.31321716308597,14.52069,0.22408773,True
591,23.6,4,0.8525524735450745,562.1847229003906,262.7978210449219,16.525824,3.0527632,True
591,23.6,6,0.7788439393043518,513.1334228515625,479.6771240234375,15.5057745,10.461492,True
591,23.6,8,0.9200802445411682,338.53436279296875,348.4947814941406,13.2616415,6.0476375,True
591,23.6,11,0.8164910674095154,483.5696105957031,375.2506408691406,15.241458,7.1354685,True
591,23.6,13,0.8839268088340759,751.5645751953125,326.7885437011719,18.991756,5.7200866,True
591,23.6,14,0.7571749687194824,607.7301025390625,358.9732666015625,16.942728,6.702681,True
591,23.6,15,0.9276230931282043,944.5523071289062,573.6472778320312,20.362337,13.306665,True
591,23.6,17,0.8832521438598633,394.71202087402344,560.3474731445312,14.008417,12.622837,True
592,23.64,0,0.8914788961410522,844.8653259277344,457.7953186035156,19.668594,10.078687,True
592,23.64,1,0.9181997776031494,423.8897705078125,202.18431091308597,14.530446,0.26454046,True
592,23.64,4,0.8760318160057068,559.4639282226562,263.04705810546875,16.485596,3.0592515,True
592,23.64,6,0.7897621393203735,515.9008483886719,479.1876831054688,15.540881,10.449307,True
592,23.64,8,0.910602331161499,337.65869140625,348.2898864746094,13.249333,6.0393276,True
592,23.64,11,0.8187659978866577,484.9729766845703,368.80377197265625,15.267481,6.916003,True
592,23.64,13,0.8966989517211914,758.6482238769531,329.0859680175781,19.078781,5.810356,True
592,23.64,14,0.8207576870918274,635.9834899902344,361.43560791015625,17.31635,6.8167706,True
592,23.64,15,0.9347689151763916,948.9817199707031,574.968017578125,20.406752,13.34251,True
592,23.64,17,0.883201003074646,396.4281768798828,569.137451171875,14.027545,12.855109,True
593,23.68,0,0.8916614055633545,845.2146911621094,460.1548767089844,19.663294,10.148556,True
593,23.68,1,0.9143072366714478,424.63612365722656,203.53143310546875,14.541201,0.32654545,True
593,23.68,4,0.8475374579429626,559.26708984375,263.316162109375,16.482136,3.0698574,True
593,23.68,6,0.8207968473434448,519.6673736572266,482.0640258789063,15.584287,10.536321,True
593,23.68,8,0.9125163555145264,336.2554931640625,349.6832275390625,13.230343,6.0877767,True
593,23.68,11,0.8328020572662354,488.7940979003906,381.0364074707031,15.305315,7.337087,True
593,23.68,13,0.8893399834632874,764.2444763183594,330.57958984375,19.148586,5.8699183,True
593,23.68,14,0.909272313117981,625.3910522460938,362.1867980957031,17.172314,6.8317857,True
593,23.68,15,0.9289090633392334,953.1972351074219,576.266357421875,20.448765,13.377593,True
593,23.68,17,0.8963673114776611,398.7133483886719,568.4835205078125,14.05478,12.839447,True
594,23.72,0,0.8843100666999817,847.3113403320312,464.1333923339844,19.672821,10.267025,True
594,23.72,1,0.9269588589668274,428.2961120605469,206.63243103027344,14.595981,0.47169644,True
594,23.72,4,0.887735903263092,547.7374267578125,264.1151733398437,16.312275,3.0869622,True
594,23.72,6,0.7237899899482727,519.9564971923828,482.1448059082031,15.587785,10.5389,True
594,23.72,8,0.9163835644721984,330.1016387939453,352.2149658203125,13.145738,6.1716685,True
594,23.72,11,0.804585874080658,499.6773376464844,394.1099243164063,15.4352455,7.785071,True
594,23.72,13,0.9001158475875854,769.9456176757812,334.4370422363281,19.209862,6.013524,True
594,23.72,14,0.8920493125915527,657.7225646972656,361.6749572753906,17.606894,6.8472376,True
594,23.72,15,0.9371971487998962,959.2270812988281,578.7492065429688,20.506037,13.443295,True
594,23.72,17,0.8703457117080688,401.5089874267578,562.7523193359375,14.089084,12.69071,True
595,23.76,0,0.8903994560241699,847.6148986816406,466.0299072265625,19.668848,10.32272,True
595,23.76,1,0.9282771944999696,431.3225860595703,208.9622802734375,14.6412115,0.58062685,True
595,23.76,4,0.8862007856369019,547.3426513671875,262.31170654296875,16.310204,3.013567,True
595,23.76,6,0.8069261908531189,523.2368774414062,485.3654174804688,15.624522,10.635153,True
595,23.76,8,0.9088611006736756,328.6497802734375,351.1229248046875,13.124953,6.1310673,True
595,23.76,11,0.8270986080169678,503.5046691894531,393.6350708007813,15.48662,7.773011,True
595,23.76,13,0.9003539085388184,769.6394348144531,334.1429138183594,19.206938,6.002745,True
595,23.76,14,0.9134892225265504,661.6885986328125,360.2480163574219,17.664083,6.802213,True
595,23.76,15,0.9402886033058168,960.8894348144531,582.0852661132812,20.51047,13.527448,True
595,23.76,17,0.8589034080505371,404.5428161621094,564.1025390625,14.12493,12.728207,True
596,23.8,0,0.8922717571258545,847.4447631835938,468.0504150390625,19.658613,10.381511,True
596,23.8,1,0.929450750350952,433.6549072265625,209.3412628173828,14.677007,0.60110766,True
596,23.8,4,0.8704166412353516,546.0861968994141,261.8810119628906,16.292719,2.9944725,True
596,23.8,6,0.8701656460762024,526.8711395263672,486.2989196777344,15.668419,10.665017,True
596,23.8,8,0.8738402128219604,327.3616485595703,352.34429931640625,13.107633,6.173326,True
596,23.8,11,0.860142171382904,502.5880432128906,392.818603515625,15.475469,7.7450604,True
596,23.8,13,0.9085909724235536,770.2938842773438,335.0227966308594,19.21215,6.034692,True
596,23.8,14,0.9256443977355956,656.4403991699219,359.6578369140625,17.595482,6.7764997,True
596,23.8,15,0.940202295780182,962.6968383789062,585.2993774414062,20.517027,13.608295,True
596,23.8,17,0.8364013433456421,407.8042297363281,558.8783569335938,14.165019,12.592404,True
597,23.84,0,0.8867830634117126,841.8228149414062,469.66607666015625,19.58363,10.424168,True
597,23.84,1,0.9376657605171204,435.4955139160156,212.2878570556641,14.703168,0.7350735,True
597,23.84,4,0.8759059906005859,543.6644592285156,260.17022705078125,16.260748,2.9218757,True
597,23.84,6,0.8601158261299133,528.6636047363281,488.9889221191406,15.687134,10.744219,True
597,23.84,8,0.8978348970413208,327.27976989746094,350.2550964355469,13.1053915,6.0985146,True
597,23.84,11,0.8627104163169861,501.7758483886719,394.8106384277344,15.46223,7.810275,True
597,23.84,13,0.8835402131080627,767.061767578125,332.5531921386719,19.17864,5.9433994,True
597,23.84,14,0.9354207515716552,659.8395385742188,359.19708251953125,17.642357,6.764104,True
597,23.84,15,0.941565990447998,963.5995483398438,588.3118896484375,20.514309,13.68331,True
597,23.84,17,0.8350715637207031,409.51393127441406,559.8232421875,14.185184,12.618516,True
598,23.88,0,0.8642091751098633,849.4069519042969,471.6577758789063,19.667963,10.487815,True
598,23.88,1,0.9283552765846252,436.6581726074219,213.315185546875,14.720283,0.782402,True
598,23.88,4,0.8785157799720764,540.679443359375,259.6879577636719,16.217985,2.898313,True
598,23.88,6,0.8742870092391968,534.0048522949219,492.1724243164063,15.7489395,10.839981,True
598,23.88,8,0.9216249585151672,327.92872619628906,351.3676452636719,13.1150255,6.139039,True
598,23.88,11,0.8571562767028809,499.1996765136719,402.3954162597656,15.418978,8.057373,True
598,23.88,13,0.9136238098144532,767.68798828125,331.5641784667969,19.19117,5.908822,True
598,23.88,14,0.8937011361122131,680.2824096679688,361.8337707519531,17.907906,6.8757014,True
598,23.88,15,0.93279367685318,961.197265625,590.6310424804688,20.47768,13.739096,True
598,23.88,17,0.838039755821228,408.0581970214844,554.9207763671875,14.169034,12.487482,True
599,23.92,0,0.8694024085998535,850.6763305664062,475.6986083984375,19.66712,10.60554,True
599,23.92,1,0.919243574142456,437.9124450683594,217.8651580810547,14.735943,0.9851393,True
599,23.92,4,0.8938556909561157,532.7068634033203,251.3447265625,16.116934,2.5459027,True
599,23.92,6,0.8929640650749207,539.2495727539062,498.04150390625,15.805556,11.0119,True
599,23.92,8,0.9269623756408693,327.25128173828125,357.0998840332031,13.108588,6.342408,True
599,23.92,11,0.8828304409980774,495.9302062988281,396.3043212890625,15.3829365,7.8540583,True
599,23.92,13,0.8701373934745789,760.8827819824219,328.54498291015625,19.111294,5.7934113,True
599,23.92,14,0.8641772866249084,680.5988464355469,365.9269104003906,17.899559,7.0159883,True
599,23.92,15,0.924327313899994,964.2756042480469,594.974365234375,20.49365,13.847437,True
599,23.92,17,0.8581469655036926,407.6183776855469,555.4475708007812,14.16364,12.501215,True
600,23.96,0,0.8831337094306946,852.3580932617188,477.2499084472656,19.681263,10.651465,True
600,23.96,1,0.9179970026016236,437.3797302246094,220.30267333984372,14.725836,1.0913087,True
600,23.96,4,0.8922474384307861,528.2568664550781,252.1007232666016,16.049805,2.5710382,True
600,23.96,6,0.8979069590568542,539.2111511230469,501.8218994140625,15.799901,11.119355,True
600,23.96,8,0.9407302141189576,323.65220642089844,359.3431091308594,13.059873,6.4179716,True
600,23.96,11,0.893987774848938,491.24298095703125,395.932373046875,15.321213,7.837296,True
600,23.96,13,0.8569775819778442,762.720947265625,330.9349060058594,19.126503,5.8809543,True
600,23.96,14,0.8346232771873474,686.6070556640625,367.1756286621094,17.975595,7.0645576,True
600,23.96,15,0.9352243542671204,967.03125,598.8609008789062,20.507875,13.94386,True
600,23.96,17,0.8624359965324402,406.1871795654297,556.3507690429688,14.146302,12.5243,True
601,24.0,0,0.8660181164741516,851.9830932617188,479.7431945800781,19.66672,10.722739,True
601,24.0,1,0.9080260396003724,438.56040954589844,221.6359100341797,14.742841,1.1513722,True
601,24.0,4,0.8866297602653503,526.9849090576172,251.7742462158203,16.031624,2.5558538,True
601,24.0,6,0.9075936675071716,538.5627746582031,505.35595703125,15.78715,11.2188635,True
601,24.0,8,0.9463344812393188,319.9508972167969,361.1302185058594,13.009618,6.4771233,True
601,24.0,11,0.8925543427467346,489.8822784423828,392.3428039550781,15.307165,7.7170315,True
601,24.0,13,0.8529447913169861,762.3681640625,334.9940795898437,19.105286,6.0251293,True
601,24.0,14,0.7859702706336975,701.4985656738281,369.7371520996094,18.164982,7.166376,True
601,24.0,15,0.9370712041854858,968.2668151855469,603.638916015625,20.501467,14.06054,True
601,24.0,17,0.856043815612793,405.3526611328125,557.0628662109375,14.136159,12.542672,True
602,24.04,0,0.8713367581367493,852.5564575195312,482.7444152832031,19.661642,10.808983,True
602,24.04,1,0.908515691757202,439.545166015625,222.94894409179688,14.756828,1.2101232,True
602,24.04,4,0.8921873569488525,524.7314910888672,256.7069396972656,15.98943,2.755439,True
602,24.04,6,0.9194700717926024,539.5362396240234,505.0740051269531,15.799439,11.211614,True
602,24.04,8,0.9449512362480164,316.73390197753906,362.9377136230469,12.966195,6.5373635,True
602,24.04,11,0.8908336162567139,489.4237976074219,389.8304138183594,15.303869,7.6329465,True
602,24.04,13,0.8639481067657471,765.3426208496094,336.3624572753906,19.139887,6.076857,True
602,24.04,14,0.6852050423622131,697.8986511230469,371.246337890625,18.11246,7.213823,True
602,24.04,15,0.9361696243286132,968.5700378417969,604.4229736328125,20.50153,14.079675,True
602,24.04,17,0.8751384615898132,405.2318878173828,558.016357421875,14.1345,12.567895,True
603,24.08,0,0.8653809428215027,852.6678466796875,484.5959167480469,19.6556,10.86183,True
603,24.08,1,0.9135494828224182,439.439208984375,223.9418182373047,14.754402,1.2532085,True
603,24.08,4,0.8871480822563171,523.2608032226562,257.8460693359375,15.965761,2.8000379,True
603,24.08,6,0.9121163487434388,540.1188812255859,507.3569641113281,15.803444,11.276391,True
603,24.08,8,0.9421566724777222,307.48805236816406,364.1912841796875,12.8391285,6.5716825,True
603,24.08,11,0.8919305801391602,487.5528564453125,392.0123596191406,15.27654,7.703801,True
603,24.08,13,0.8582012057304382,765.6509399414062,336.03326416015625,19.145382,6.065525,True
603,24.08,14,0.7400845885276794,705.9707641601562,330.8182983398437,18.356054,5.814787,True
603,24.08,15,0.935967743396759,968.9811706542969,608.0770874023438,20.490768,14.168052,True
603,24.08,17,0.8714282512664795,404.65576171875,561.9197387695312,14.126755,12.670772,True
604,24.12,0,0.8666598796844482,854.954833984375,486.7726440429688,19.674456,10.925385,True
604,24.12,1,0.9003071188926697,443.21551513671875,227.9353485107422,14.8085985,1.4318935,True
604,24.12,4,0.8699519038200378,520.8976440429688,260.3876342773437,15.926574,2.9004915,True
604,24.12,6,0.9229081869125366,540.7245330810547,509.6624145507813,15.807685,11.341612,True
604,24.12,8,0.9433976411819458,293.8477325439453,370.5545959472656,12.655793,6.779956,True
604,24.12,11,0.89020174741745,484.2060089111328,382.7854614257813,15.24187,7.3915896,True
604,24.12,13,0.8526262044906616,772.1647644042969,354.1910095214844,19.15926,6.70696,True
604,24.12,14,0.8232900500297546,700.5551147460938,374.919189453125,18.135773,7.3401713,True
604,24.12,15,0.923888385295868,968.540771484375,613.1432495117188,20.46482,14.289365,True
604,24.12,17,0.8639804124832153,399.6713562011719,575.9608154296875,14.064818,13.034739,True
605,24.16,0,0.8731285929679871,855.6358337402344,488.8045349121094,19.674541,10.98346,True
605,24.16,1,0.8862269520759583,445.35267639160156,230.5801544189453,14.83876,1.5490048,True
605,24.16,4,0.8796526789665222,521.0265808105469,260.19219970703125,15.928807,2.892711,True
605,24.16,6,0.9147173762321472,541.6736907958984,511.26568603515625,15.817056,11.387225,True
605,24.16,8,0.9392358064651488,286.2871856689453,373.2505493164063,12.554048,6.8658414,True
605,24.16,11,0.8898775577545166,482.6406555175781,383.77142333984375,15.219842,7.423267,True
605,24.16,13,0.8110607862472534,769.5418701171875,354.1722412109375,19.124445,6.703616,True
605,24.16,14,0.8504627346992493,704.7414245605469,374.7121887207031,18.19167,7.337341,True
605,24.16,15,0.922006607055664,968.9603881835938,613.8484497070312,20.466507,14.30645,True
605,24.16,17,0.867874264717102,398.7077331542969,584.3805541992188,14.052007,13.251116,True
606,24.2,0,0.8807475566864014,857.0035705566406,490.9010314941406,19.682604,11.043697,True
606,24.2,1,0.8747074604034424,448.83262634277344,231.4470367431641,14.890735,1.5912737,True
606,24.2,4,0.8761363625526428,521.8527526855469,261.6854858398437,15.938318,2.9545012,True
606,24.2,6,0.9156311750411988,544.7151641845703,512.3455810546875,15.852578,11.41961,True
606,24.2,8,0.9289336204528807,276.9358596801758,376.2449035644531,12.428317,6.9599237,True
606,24.2,11,0.8904804587364197,480.0110168457031,385.473388671875,15.182856,7.4779224,True
606,24.2,13,0.7844861745834351,768.8154602050781,345.3284912109375,19.150257,6.3959527,True
606,24.2,14,0.7555826902389526,709.1496887207031,372.6281433105469,18.256683,7.271591,True
606,24.2,15,0.9019768834114076,968.7221374511719,619.75634765625,20.439478,14.446982,True
606,24.2,17,0.8808497786521912,396.7445373535156,584.4098510742188,14.028932,13.250674,True
607,24.24,0,0.8612149953842163,858.0045166015625,494.1524963378906,19.681658,11.135954,True
607,24.24,1,0.8571283221244812,448.644287109375,233.7214508056641,14.885794,1.6884686,True
607,24.24,4,0.8676727414131165,521.1719055175781,263.37310791015625,15.925401,3.0220158,True
607,24.24,6,0.8992387652397156,547.7481994628906,513.7433471679688,15.887486,11.460799,True
607,24.24,8,0.9119321703910828,269.35321044921875,378.9480590820313,12.327001,7.0454426,True
607,24.24,11,0.893879234790802,483.5802001953125,388.6548461914063,15.2272215,7.588018,True
607,24.24,13,0.7661254405975342,762.7432861328125,339.7832946777344,19.091068,6.194945,True
607,24.24,14,0.7635669112205505,715.6577758789062,371.3500671386719,18.346905,7.234957,True
607,24.24,15,0.8567802906036377,965.2732238769531,629.5948486328125,20.361664,14.677172,True
607,24.24,17,0.8891467452049255,395.3779296875,582.63818359375,14.0131235,13.204378,True
608,24.28,0,0.8705697059631348,859.0850830078125,496.2396545410156,19.686287,11.195274,True
608,24.28,1,0.8844630122184753,448.30210876464844,236.3646240234375,14.878215,1.800785,True
608,24.28,4,0.8733773827552795,520.9501342773438,266.5711669921875,15.916623,3.1508613,True
608,24.28,6,0.9014005064964294,552.222900390625,514.9534912109375,15.940085,11.497703,True
608,24.28,8,0.9041610360145568,261.2339553833008,381.4117431640625,12.218374,7.1219153,True
608,24.28,11,0.8934325575828552,480.6028747558594,391.95123291015625,15.184086,7.6950603,True
608,24.28,13,0.79128497838974,762.6725769042969,342.4925537109375,19.079273,6.290163,True
608,24.28,14,0.7689765095710754,718.0046081542969,367.266845703125,18.391817,7.099155,True
608,24.28,15,0.8488113880157471,966.4900207519531,632.8614501953125,20.361702,14.754211,True
608,24.28,17,0.8716102242469788,392.2261505126953,583.2252807617188,13.975961,13.217535,True
609,24.32,0,0.8864559531211853,859.0287475585938,500.6726379394531,19.668058,11.319012,True
609,24.32,1,0.8772876858711243,445.97630310058594,242.9009704589844,14.837403,2.0743623,True
609,24.32,4,0.8817046880722046,517.3276062011719,271.28350830078125,15.855812,3.3352425,True
609,24.32,6,0.893235981464386,556.3093872070312,513.086181640625,15.992435,11.448577,True
609,24.32,8,0.9030770063400269,245.67526245117188,386.1519775390625,12.01112,7.268496,True
609,24.32,11,0.8867387771606445,480.05686950683594,397.2431945800781,15.171425,7.8699203,True
609,24.32,13,0.7328575849533081,753.1757507324219,339.8946228027344,18.96184,6.1886683,True
609,24.32,14,0.8265605568885803,722.7955017089844,360.9200744628906,18.477354,6.887651,True
609,24.32,15,0.920038640499115,965.58837890625,629.3886108398438,20.365932,14.672501,True
609,24.32,17,0.8616357445716858,389.0032958984375,589.0755615234375,13.937484,13.36525,True
610,24.36,0,0.9003211259841919,857.535400390625,504.2931823730469,19.636044,11.4185,True
610,24.36,1,0.893650233745575,446.85765075683594,245.2878570556641,14.848537,2.1759503,True
610,24.36,4,0.8698462843894958,515.822021484375,272.49664306640625,15.831895,3.3817544,True
610,24.36,6,0.8972880840301514,557.0493774414062,510.7967834472656,16.004845,11.385138,True
610,24.36,8,0.8997895121574402,239.91410064697266,390.3121948242188,11.93801,7.404313,True
610,24.36,11,0.8811349868774414,478.6020202636719,401.3156433105469,15.148061,8.00259,True
610,24.36,13,0.780910074710846,753.326904296875,342.4842834472656,18.95375,6.2799716,True
610,24.36,14,0.8462233543395996,723.709716796875,356.7455139160156,18.504198,6.7451973,True
610,24.36,15,0.9122809171676636,966.0662841796875,636.310546875,20.343214,14.834342,True
610,24.36,17,0.8811508417129517,388.57569885253906,589.9710693359375,13.932388,13.387805,True
611,24.4,0,0.8982563018798828,856.0392150878906,506.3634643554688,19.610178,11.474724,True
611,24.4,1,0.8896923065185547,444.1295166015625,247.96585083007807,14.805409,2.284302,True
611,24.4,4,0.8748506903648376,512.6258239746094,275.1611633300781,15.781121,3.4837613,True
611,24.4,6,0.8902311325073242,559.4416198730469,509.1788024902344,16.036394,11.341535,True
611,24.4,8,0.9120110273361206,233.8328628540039,392.0596618652344,11.8574705,7.457512,True
611,24.4,11,0.8997890949249268,478.61004638671875,399.1249694824219,15.15035,7.930585,True
611,24.4,13,0.7815322279930115,752.8201293945312,342.247802734375,18.94786,6.2711263,True
611,24.4,14,0.8527346253395081,721.3474426269531,354.2554931640625,18.481428,6.6568046,True
611,24.4,15,0.909978449344635,964.1410827636719,650.637451171875,20.265467,15.163542,True
611,24.4,17,0.8858016729354858,388.91552734375,589.596923828125,13.936406,13.378481,True
612,24.44,0,0.9042514562606812,856.4070129394531,510.1407165527344,19.59986,11.579093,True
612,24.44,1,0.9012022018432616,442.4042510986328,249.43707275390625,14.778408,2.3433254,True
612,24.44,4,0.8677623271942139,512.7140197753906,276.66265869140625,15.779993,3.5434794,True
612,24.44,6,0.8831714391708374,561.3345031738281,510.2853393554688,16.057737,11.373899,True
612,24.44,8,0.920312523841858,226.3342056274414,396.0499267578125,11.761163,7.5848546,True
612,24.44,11,0.8907376527786255,476.66015625,402.8372497558594,15.120888,8.050647,True
612,24.44,13,0.7549068331718445,746.890869140625,337.42431640625,18.886707,6.094646,True
612,24.44,14,0.8217201828956604,719.8048706054688,354.5154724121094,18.459896,6.664202,True
612,24.44,15,0.905698835849762,963.4403991699219,652.752197265625,20.24963,15.21145,True
612,24.44,17,0.8893219828605652,389.3032531738281,588.10400390625,13.941093,13.3406515,True
613,24.48,0,0.908799171447754,856.9476928710938,513.345947265625,19.593847,11.667399,True
613,24.48,1,0.9053815603256226,440.2489776611328,251.02227783203125,14.744962,2.4063668,True
613,24.48,4,0.8627663254737854,510.98167419433594,278.10528564453125,15.752595,3.5984073,True
613,24.48,6,0.891668438911438,560.3375244140625,513.3426513671875,16.04096,11.458603,True
613,24.48,8,0.94066321849823,219.4638671875,401.1138305664063,11.675581,7.7480736,True
613,24.48,11,0.8812360763549805,475.38555908203125,403.92822265625,15.102993,8.085153,True
613,24.48,13,0.7358412742614746,744.8393249511719,341.5978088378906,18.843006,6.2397933,True
613,24.48,14,0.8452609181404114,722.664794921875,356.516357421875,18.491066,6.736227,True
613,24.48,15,0.9040356278419496,963.3834838867188,653.9766235351562,20.244223,15.239304,True
613,24.48,17,0.8959609270095825,390.2178497314453,595.7578735351562,13.951036,13.535553,True
614,24.52,0,0.9053245782852172,855.2808532714844,519.0867309570312,19.552109,11.822809,True
614,24.52,1,0.8744961619377136,439.71826171875,255.56434631347656,14.733511,2.593832,True
614,24.52,4,0.855402410030365,507.68499755859375,283.4750671386719,15.696601,3.8057938,True
614,24.52,6,0.9066187739372252,564.2608947753906,520.3207397460938,16.077808,11.655004,True
614,24.52,8,0.9391189813613892,207.90302276611328,409.4956359863281,11.532652,8.015615,True
614,24.52,11,0.8871277570724487,468.92982482910156,410.7803649902344,15.011582,8.302152,True
614,24.52,13,0.7182983756065369,730.8407592773438,342.0147399902344,18.652899,6.239585,True
614,24.52,14,0.8293014168739319,716.4839172363281,358.3280944824219,18.402308,6.792265,True
614,24.52,15,0.7695358991622925,961.4558410644531,662.5897827148438,20.190098,15.433349,False
614,24.52,17,0.8963075876235962,391.01963806152344,601.55126953125,13.959771,13.681858,True
615,24.56,0,0.9029656648635864,853.6900329589844,522.2159423828125,19.521467,11.906569,True
615,24.56,1,0.8628520369529724,436.7147827148438,259.05499267578125,14.686283,2.7334676,True
615,24.56,4,0.8539250493049622,507.2391815185547,287.4244384765625,15.684179,3.959696,True
615,24.56,6,0.9122788906097412,568.2030334472656,522.7133178710938,16.121668,11.723712,True
615,24.56,8,0.9417431354522704,204.2788314819336,411.4408264160156,11.487016,8.076385,True
615,24.56,11,0.8720595240592957,470.01983642578125,413.2799072265625,15.023672,8.3839655,True
615,24.56,13,0.6332045197486877,736.5851745605469,340.8641357421875,18.734594,6.2051635,True
615,24.56,14,0.8219127058982849,712.1926879882812,358.9540100097656,18.342943,6.8093934,True
615,24.56,15,0.8460613489151001,961.8283996582031,672.7804565429688,20.154943,15.661615,False
615,24.56,17,0.876336932182312,390.58563232421875,601.7957763671875,13.954698,13.6877365,True
616,24.6,0,0.9077765345573424,852.2840270996094,525.281005859375,19.49336,11.988389,True
616,24.6,1,0.8811721205711365,436.2508087158203,261.13458251953125,14.677891,2.8180733,True
616,24.6,4,0.8530120253562927,507.1790466308594,288.2878723144531,15.682011,3.9932609,True
616,24.6,6,0.915643274784088,572.0321655273438,526.283203125,16.162146,11.824361,True
616,24.6,8,0.9423353672027588,198.16507720947266,414.5910949707031,11.410059,8.174249,True
616,24.6,11,0.8931790590286255,464.1955108642578,414.73333740234375,14.945986,8.425491,True
616,24.6,13,0.6869624257087708,734.1173706054688,345.7944641113281,18.683056,6.375737,True
616,24.6,14,0.8073444366455078,714.2108154296875,359.79302978515625,18.366978,6.840271,True
616,24.6,15,0.8455524444580078,961.3299560546875,670.1884765625,20.159552,15.603633,False
616,24.6,17,0.887091875076294,388.0437469482422,606.7036743164062,13.924722,13.808935,True
617,24.64,0,0.8930559158325195,852.2174987792969,527.4611206054688,19.484375,12.047018,True
617,24.64,1,0.8220641613006592,439.83477783203125,264.0726928710937,14.728686,2.942757,True
617,24.64,4,0.8626660108566284,505.0028381347656,290.7032470703125,15.647148,4.0844326,True
617,24.64,6,0.9326372146606444,573.9535522460938,529.4183349609375,16.180233,11.91134,True
617,24.64,8,0.9309844970703124,190.84874725341797,416.43743896484375,11.314873,8.227929,True
617,24.64,11,0.9031364917755128,461.81431579589844,412.390869140625,14.916659,8.347709,True
617,24.64,13,0.6539850234985352,732.182861328125,348.9154052734375,18.645632,6.48269,True
617,24.64,14,0.8082593679428101,715.8271789550781,359.94366455078125,18.387993,6.847089,True
617,24.64,15,0.8685030937194824,962.5582275390625,667.8977661132812,20.181406,15.553023,False
617,24.64,17,0.8890137076377869,388.0572052001953,606.8717041015625,13.924864,13.813129,True
618,24.68,0,0.8867945075035095,850.8770751953125,530.3438110351562,19.457882,12.123447,True
618,24.68,1,0.8674903512001038,439.66297912597656,266.03643798828125,14.724653,3.022338,True
618,24.68,4,0.8669040203094482,504.4963073730469,292.867431640625,15.636697,4.167616,True
618,24.68,6,0.9354007244110109,575.8763732910156,531.7388916015625,16.199566,11.975818,True
618,24.68,8,0.9292941093444824,185.74115753173828,419.7409362792969,11.2522955,8.331125,True
618,24.68,11,0.9023169875144958,460.78330993652344,411.78564453125,14.903597,8.327183,True
618,24.68,13,0.7610327005386353,733.3133850097656,342.2344055175781,18.685402,6.249946,True
618,24.68,14,0.8012269139289856,699.3692626953125,361.17376708984375,18.164587,6.8725076,True
618,24.68,15,0.8403231501579285,964.0623168945312,667.6138305664062,20.198513,15.547377,False
618,24.68,17,0.888410210609436,389.52430725097656,609.27001953125,13.941641,13.873624,True
619,24.72,0,0.8986561894416809,846.3674926757812,533.2123413085938,19.394531,12.197119,True
619,24.72,1,0.868662416934967,434.13792419433594,268.2541809082031,14.641651,3.1048977,True
619,24.72,4,0.8550914525985718,502.9302978515625,292.7828674316406,15.614384,4.1624227,True
619,24.72,6,0.9500460028648376,578.1454467773438,534.3803100585938,16.222456,12.049009,True
619,24.72,8,0.9394146203994752,174.80211639404297,422.5661926269531,11.110859,8.412962,True
619,24.72,11,0.893631637096405,460.2246551513672,413.7801513671875,14.894648,8.391122,True
619,24.72,13,0.6499005556106567,733.3050537109375,337.8520202636719,18.701572,6.095205,True
619,24.72,14,0.6943966746330261,703.8004455566406,364.999755859375,18.211002,7.007785,True
619,24.72,15,0.8885955810546875,965.1062622070312,664.1509399414062,20.223024,15.470207,False
619,24.72,17,0.8929533362388611,391.4899444580078,609.0377197265625,13.964413,13.868978,True
620,24.76,0,0.9017508029937744,845.6692504882812,534.707763671875,19.380877,12.236518,True
620,24.76,1,0.875618577003479,431.28562927246094,269.7763977050781,14.598652,3.1626537,True
620,24.76,4,0.8514469861984253,500.8638458251953,297.69549560546875,15.577787,4.3491383,True
620,24.76,6,0.9489253163337708,580.9821166992188,535.3906860351562,16.254698,12.078262,True
620,24.76,8,0.9334362745285034,166.03173828125,423.7936096191406,10.99565,8.4447365,True
620,24.76,11,0.8851655721664429,454.96905517578125,415.4209899902344,14.824377,8.439203,True
620,24.76,13,0.7371755838394165,733.3244018554688,334.7326354980469,18.713491,5.9844584,True
620,24.76,14,0.7607461810112,691.3676452636719,365.92138671875,18.042803,7.026655,True
620,24.76,15,0.8958962559700012,967.1214294433594,660.4645385742188,20.258894,15.388142,False
620,24.76,17,0.9137545824050904,394.50390625,607.9942016601562,13.999426,13.844769,True
621,24.8,0,0.9005523324012756,843.8440856933594,535.7850341796875,19.355637,12.263984,True
621,24.8,1,0.8784698843955994,430.34312438964844,272.2394104003906,14.583202,3.2606268,True
621,24.8,4,0.845236599445343,498.85935974121094,299.2910461425781,15.546947,4.4078646,True
621,24.8,6,0.9505009651184082,582.9153137207031,535.9676513671875,16.276827,12.095157,True
621,24.8,8,0.9349181056022644,154.69852447509766,424.7034606933594,10.845477,8.463825,True
621,24.8,11,0.8752976059913635,448.9658508300781,416.0576171875,14.745127,8.454214,True
621,24.8,13,0.6266322135925293,717.5689697265625,331.05133056640625,18.513132,5.8358397,True
621,24.8,14,0.7747640013694763,698.8432312011719,368.0836181640625,18.135147,7.1076813,True
621,24.8,15,0.9011752605438232,969.1560974121094,660.8998413085938,20.278936,15.398938,False
621,24.8,17,0.9084599018096924,395.7200622558594,609.3931274414062,14.013309,13.880219,True
622,24.84,0,0.8968834280967712,840.0914001464844,537.1898193359375,19.306772,12.298846,True
622,24.84,1,0.8793180584907532,434.4155578613281,271.90338134765625,14.6432085,3.2524245,True
622,24.84,4,0.8392096757888794,498.0337829589844,301.0588073730469,15.532734,4.474451,True
622,24.84,6,0.9481244683265686,583.51123046875,536.177001953125,16.28359,12.101212,True
622,24.84,8,0.9279234409332277,141.46944046020508,425.92041015625,10.670579,8.491123,True
622,24.84,11,0.8792439699172974,448.08282470703125,419.8642883300781,14.73094,8.575603,True
622,24.84,13,0.7434112429618835,711.749755859375,326.73443603515625,18.449299,5.674194,True
622,24.84,14,0.761786162853241,698.189697265625,367.98089599609375,18.12681,7.10354,True
622,24.84,15,0.9015027284622192,970.30078125,660.2021484375,20.293905,15.383743,False
622,24.84,17,0.9177991151809692,397.3719024658203,609.242919921875,14.032434,13.877434,True
623,24.88,0,0.9047286510467528,840.2126159667969,538.3880004882812,19.30385,12.330714,True
623,24.88,1,0.8781331181526184,428.4915466308594,271.740234375,14.556326,3.2381365,True
623,24.88,4,0.8137212991714478,492.518798828125,300.8407287597656,15.454445,4.459476,True
623,24.88,6,0.9425760507583618,584.0033569335938,536.264892578125,16.289316,12.103916,True
623,24.88,8,0.941821277141571,131.17588806152344,427.2838439941406,10.5355425,8.525843,True
623,24.88,11,0.877547562122345,442.0522003173828,421.6663513183594,14.65085,8.62778,True
623,24.88,13,0.7859165668487549,733.5098266601562,321.1656188964844,18.767378,5.4967275,True
623,24.88,15,0.8985185027122498,971.4995422363281,659.8775634765625,20.307997,15.376989,False
623,24.88,17,0.925447404384613,398.9692687988281,609.014404296875,14.050946,13.872673,True
623,24.88,14,0.5514959692955017,687.6414184570312,370.9266662597656,17.97765,7.1928144,True
624,24.92,0,0.9108726382255554,841.049560546875,539.4580078125,19.309725,12.359606,True
624,24.92,1,0.8732344508171082,423.16864013671875,272.08203125,14.477921,3.244944,True
624,24.92,4,0.8239315152168274,485.7361755371094,302.0985107421875,15.356171,4.49933,True
624,24.92,6,0.934658408164978,584.9528198242188,535.3389892578125,16.302187,12.079542,True
624,24.92,8,0.9489132165908812,123.7235336303711,428.0837707519531,10.437403,8.544903,True
624,24.92,11,0.8776666522026062,439.4884490966797,420.77545166015625,14.617843,8.596989,True
624,24.92,13,0.7969051003456116,736.6579284667969,319.1771240234375,18.818136,5.427893,True
624,24.92,14,0.6253177523612976,675.3435668945312,369.0461120605469,17.820238,7.116815,True
624,24.92,15,0.8951098322868347,972.8902587890625,659.7612915039062,20.32332,15.3750305,False
624,24.92,17,0.9141247272491456,401.8014221191406,608.0598754882812,14.083876,13.850581,True
625,24.96,0,0.9063666462898254,842.7983093261719,540.9583740234375,19.324636,12.40042,True
625,24.96,1,0.8425179123878479,421.4812927246094,273.40167236328125,14.452415,3.2957854,True
625,24.96,4,0.8596465587615967,484.3407287597656,303.49468994140625,15.334581,4.550866,True
625,24.96,6,0.9270408153533936,585.6064147949219,532.6441040039062,16.314507,12.0070095,True
625,24.96,8,0.9567428827285768,111.84992599487305,429.156494140625,10.28061,8.568731,True
625,24.96,11,0.9115742444992064,436.9380187988281,421.744140625,14.58389,8.625654,True
625,24.96,13,0.8223763704299927,742.5948486328125,318.7895202636719,18.900976,5.4204392,True
625,24.96,14,0.8318056464195251,684.27978515625,353.6911926269531,17.986784,6.5988503,True
625,24.96,15,0.8897795677185059,975.1303100585938,664.0980224609375,20.330132,15.473777,False
625,24.96,17,0.8559065461158752,404.1534729003906,625.8407592773438,14.107505,14.288844,True
626,25.0,0,0.9057916402816772,842.6588439941406,541.1128540039062,19.322454,12.40441,True
626,25.0,1,0.8562063574790955,421.6924591064453,274.7149353027344,14.454809,3.3487327,True
626,25.0,4,0.8993189334869385,487.1930694580078,304.9197082519531,15.373404,4.608466,True
626,25.0,6,0.925183892250061,585.6717224121094,528.7236328125,16.32189,11.900425,True
626,25.0,8,0.9562598466873168,109.09233093261719,429.2500915527344,10.243801,8.569237,True
626,25.0,11,0.911076545715332,435.83422851562506,420.4753112792969,14.570159,8.58408,True
626,25.0,13,0.8283666372299194,742.3406066894531,318.5638122558594,18.89838,5.4119253,True
626,25.0,14,0.8407438397407532,683.5385131835938,350.4270324707031,17.987133,6.4844904,True
626,25.0,15,0.89288330078125,976.3426818847656,663.0185546875,20.347319,15.45009,False
626,25.0,17,0.8991830348968506,406.55145263671875,620.70068359375,14.136045,14.164883,True
627,25.04,0,0.9030309915542604,843.0558471679688,541.3985595703125,19.326036,12.412212,True
627,25.04,1,0.8742390871047974,421.3740997314453,276.0594787597656,14.449424,3.4021325,True
627,25.04,4,0.8941452503204346,486.0374450683594,305.3438415527344,15.35645,4.62319,True
627,25.04,6,0.9267681837081908,586.5967407226562,525.6329956054688,16.338232,11.81661,True
627,25.04,8,0.9532558917999268,105.6064510345459,430.34088134765625,10.1998205,8.601293,True
627,25.04,11,0.9147496223449708,431.8450927734375,419.36907958984375,14.518472,8.545021,True
627,25.04,13,0.828667938709259,743.9871215820312,318.08026123046875,18.922846,5.3961415,True
627,25.04,14,0.7920450568199158,688.0077209472656,346.3272705078125,18.060452,6.345753,True
627,25.04,15,0.8968932032585144,976.269287109375,661.75927734375,20.351519,15.421711,False
627,25.04,17,0.9065170884132384,407.31907653808594,620.1763305664062,14.144969,14.152483,True
628,25.08,0,0.9063427448272704,843.9879455566406,541.32861328125,19.337122,12.410972,True
628,25.08,1,0.8553510904312134,422.44923400878906,275.5301513671875,14.465462,3.3823519,True
628,25.08,4,0.8946904540061951,488.27313232421875,308.3297424316406,15.384475,4.7389054,True
628,25.08,6,0.9397833943367004,587.4331665039062,521.5317993164062,16.355309,11.704592,True
628,25.08,8,0.9521399140357972,102.94431495666504,430.9398498535156,10.165649,8.6181965,True
628,25.08,11,0.9184978604316713,426.2989807128906,419.9037780761719,14.4454565,8.557136,True
628,25.08,13,0.8288971781730652,744.1993713378906,319.3309020996094,18.92081,5.4419646,True
628,25.08,14,0.8350298404693604,693.8955688476562,342.8248596191406,18.151405,6.228802,True
628,25.08,15,0.9003307819366455,976.3526306152344,661.3170166015625,20.354158,15.411786,False
628,25.08,17,0.9015374183654784,407.71824645996094,612.96728515625,14.15119,13.975518,True
629,25.12,0,0.9082621335983276,845.4437866210938,541.1622924804688,19.354645,12.407526,True
629,25.12,1,0.8492243885993958,421.8443298339844,277.1801147460937,14.45571,3.4474998,True
629,25.12,4,0.881615161895752,489.2665710449219,307.92047119140625,15.3990755,4.7246194,True
629,25.12,6,0.9262512922286988,588.7374572753906,519.1746826171875,16.3751,11.640512,True
629,25.12,8,0.9520541429519652,97.73336601257324,430.0301208496094,10.093196,8.58407,True
629,25.12,11,0.9173617362976074,421.50184631347656,418.9665832519531,14.3829155,8.522709,True
629,25.12,13,0.7547246217727661,741.3154602050781,318.2589416503906,18.885532,5.399653,True
629,25.12,14,0.8479292392730713,700.6578369140625,341.0420227050781,18.248812,6.1730857,True
629,25.12,15,0.9015868306159972,976.7629089355469,662.0571899414062,20.355608,15.428656,False
629,25.12,17,0.8918644189834595,409.73472595214844,610.4403076171875,14.17505,13.91417,True
630,25.16,0,0.9022759795188904,846.6961669921875,539.468505859375,19.37539,12.363568,True
630,25.16,1,0.8402233123779297,419.9039764404297,269.13232421875,14.431473,3.1216946,True
630,25.16,4,0.9091655015945436,492.5315856933594,305.2394104003906,15.448861,4.626974,True
630,25.16,6,0.9417710304260254,591.9084777832031,516.8892822265625,16.417368,11.57954,True
630,25.16,8,0.943363070487976,87.42563247680664,429.3693542480469,9.952686,8.553272,True
630,25.16,11,0.9242902398109436,403.09410095214844,418.7544555664063,14.141006,8.499136,True
630,25.16,13,0.7050102353096008,730.6517028808594,315.5806884765625,18.749556,5.2896547,True
630,25.16,14,0.8419349789619446,707.8970336914062,337.4223327636719,18.35924,6.0526237,True
630,25.16,15,0.8929557204246521,976.2734985351562,659.8613891601562,20.359083,15.378914,False
630,25.16,17,0.8979252576828003,414.91932678222656,592.9950561523438,14.239868,13.480302,True
631,25.2,0,0.9039299488067628,847.2986450195312,538.6036987304688,19.385567,12.341064,True
631,25.2,1,0.859151303768158,415.6671905517578,270.4967041015625,14.368389,3.1712523,True
631,25.2,4,0.914389669895172,494.4268798828125,304.09912109375,15.477297,4.585935,True
631,25.2,6,0.9431618452072144,592.6007385253906,517.5155639648438,16.424618,11.597364,True
631,25.2,8,0.9360196590423584,85.51299095153809,428.8260498046875,9.925392,8.533924,True
631,25.2,11,0.9239007830619812,396.87347412109375,418.4645080566406,14.059184,8.484133,True
631,25.2,14,0.8776593208312988,707.4912109375,337.1929626464844,18.354536,6.0440383,True
631,25.2,15,0.8880968689918518,974.7817993164062,659.1854248046875,20.34582,15.36293,False
631,25.2,17,0.8735567331314087,418.5094909667969,617.595458984375,14.274115,14.095485,True
631,25.2,13,0.5762157440185547,728.1940612792969,319.27545166015625,18.701754,5.421963,True
632,25.24,0,0.9012057781219482,847.8511657714844,537.778564453125,19.395027,12.319556,True
632,25.24,1,0.8886867165565491,417.10765075683594,272.123046875,14.388809,3.238686,True
632,25.24,4,0.9206074476242064,497.1555480957031,303.592041015625,15.516769,4.569922,True
632,25.24,6,0.9434847831726074,592.8659057617188,515.964599609375,16.43057,11.554592,True
632,25.24,8,0.931816041469574,83.33342552185059,428.8937072753906,9.896218,8.534118,True
632,25.24,11,0.908602774143219,389.49847412109375,419.9849548339844,13.96184,8.526316,True
632,25.24,13,0.6394344568252563,730.1212463378906,314.1942749023437,18.74757,5.238168,True
632,25.24,14,0.8826014399528503,709.3126220703125,336.8133239746094,18.38055,6.0325127,True
632,25.24,15,0.8791945576667786,974.3656311035156,660.6068725585938,20.335747,15.394824,False
632,25.24,17,0.8836844563484192,419.5604248046875,598.36474609375,14.292284,13.618517,True
633,25.28,0,0.8955647349357605,847.9302062988281,537.2987060546875,19.39771,12.306878,True
633,25.28,1,0.9051982760429382,414.669189453125,272.6388244628906,14.3527155,3.256258,True
633,25.28,4,0.9192619323730468,498.4656982421875,301.7807006835937,15.5378895,4.502516,True
633,25.28,6,0.9412806034088136,593.6086120605469,514.7095336914062,16.441782,11.520289,True
633,25.28,8,0.936821699142456,79.19185638427734,431.01458740234375,9.846535,8.598953,True
633,25.28,11,0.8709340691566467,380.29774475097656,421.0641479492188,13.840629,8.552616,True
633,25.28,13,0.6249657869338989,731.618408203125,312.1390075683594,18.776094,5.1642456,True
633,25.28,14,0.8422115445137024,711.85302734375,336.2889709472656,18.416834,6.016613,True
633,25.28,15,0.8920356631278992,973.33203125,660.151123046875,20.326504,15.384045,False
633,25.28,17,0.8831238746643066,421.3536834716797,597.3367919921875,14.313472,13.59371,True
634,25.32,0,0.8934034109115601,849.4097900390625,536.13232421875,19.41925,12.276877,True
634,25.32,1,0.9117425680160522,412.7518005371094,272.46441650390625,14.324599,3.2467403,True
634,25.32,4,0.920112133026123,498.80067443847656,300.66424560546875,15.544204,4.460307,True
634,25.32,6,0.9368084073066713,594.0287780761719,514.3305053710938,16.44754,11.510057,True
634,25.32,8,0.9352582693099976,73.86726760864258,431.7733459472656,9.777082,8.618604,True
634,25.32,11,0.8927329778671265,374.03956604003906,422.9622192382813,13.758258,8.607813,True
634,25.32,14,0.8186683654785156,710.0950622558594,335.1247253417969,18.397076,5.9732637,True
634,25.32,15,0.8869101405143738,972.2016906738281,663.8150024414062,20.300018,15.466027,False
634,25.32,17,0.8727436661720276,422.5699920654297,606.1865234375,14.324589,13.8159,True
635,25.36,0,0.8938379287719727,851.0239562988281,534.9207153320312,19.442556,12.245719,True
635,25.36,1,0.920954704284668,413.06202697753906,272.8313293457031,14.329001,3.2619052,True
635,25.36,4,0.92167067527771,499.9499816894531,298.22674560546875,15.5639925,4.3684077,True
635,25.36,6,0.933460772037506,595.4966430664062,513.0946044921875,16.467518,11.476732,True
635,25.36,8,0.9153093695640564,54.98797130584717,430.1709289550781,9.517745,8.549513,True
635,25.36,11,0.8903111815452576,366.5182189941406,424.5058898925781,13.659426,8.650423,True
635,25.36,14,0.8122788071632385,713.2113647460938,332.0566711425781,18.450254,5.8670835,True
635,25.36,15,0.890781819820404,969.52001953125,661.7870483398438,20.279348,15.419114,False
635,25.36,17,0.8678535223007202,433.4860534667969,628.8819580078125,14.441343,14.378511,True
636,25.4,0,0.9048016667366028,851.5679016113281,534.1954345703125,19.451597,12.226767,True
636,25.4,1,0.921943187713623,413.85546875,271.29656982421875,14.341351,3.2011442,True
636,25.4,4,0.920350968837738,501.05523681640625,297.1752014160156,15.581258,4.3293967,True
636,25.4,6,0.9387681484222412,594.5814514160156,511.5821838378906,16.459162,11.433945,True
636,25.4,8,0.9290792346000672,49.408806800842285,430.0096130371094,9.441895,8.539166,True
636,25.4,11,0.8884485960006714,363.4733123779297,425.6788940429688,13.619526,8.685161,True
636,25.4,14,0.8101024627685547,715.5637512207031,326.89501953125,18.5008,5.684204,True
636,25.4,15,0.8828545808792114,968.2835998535156,660.9224853515625,20.269524,15.399032,False
636,25.4,17,0.890437126159668,433.3683776855469,627.3554077148438,14.440627,14.341526,True
637,25.44,0,0.9050443172454834,854.2096557617188,532.3499145507812,19.489326,12.179298,True
637,25.44,1,0.9212504625320436,413.577880859375,271.2110595703125,14.337303,3.1973336,True
637,25.44,4,0.9153944849967957,502.5830535888672,297.31072998046875,15.602882,4.3364577,True
637,25.44,6,0.9331344366073608,594.0950012207031,511.1226196289063,16.454094,11.420776,True
637,25.44,8,0.9359142780303956,47.034425258636475,429.2549743652344,9.40739,8.5125,True
637,25.44,11,0.9007869362831116,362.120361328125,424.6959838867188,13.601606,8.652535,True
637,25.44,14,0.8145838975906372,712.8201293945312,329.9337463378906,18.452488,5.7905464,True
637,25.44,15,0.8770388960838318,967.5585327148438,660.6101684570312,20.262997,15.391638,False
637,25.44,17,0.8974418640136719,431.8548583984375,616.7927856445312,14.427604,14.083245,True
638,25.48,0,0.9094101786613464,855.6700134277344,531.9034423828125,19.508059,12.1683445,True
638,25.48,1,0.91752827167511,414.0757751464844,269.3802795410156,14.345456,3.1240597,True
638,25.48,4,0.9086719751358032,505.2552185058594,298.724609375,15.638962,4.393914,True
638,25.48,6,0.933717668056488,593.647705078125,510.0408020019531,16.450615,11.390244,True
638,25.48,8,0.9414979219436646,44.741199016571045,428.5817565917969,9.3742,8.488519,True
638,25.48,11,0.8947614431381226,359.77101135253906,430.0785827636719,13.571561,8.821896,True
638,25.48,14,0.8448680639266968,714.6858215332031,328.7509460449219,18.482143,5.7500863,True
638,25.48,15,0.8847390413284302,967.4817504882812,662.3539428710938,20.255367,15.430911,False
638,25.48,17,0.9001851081848145,438.8246612548828,610.1799926757812,14.510582,13.924257,True
639,25.52,0,0.905636429786682,858.2536926269531,531.6666259765625,19.539127,12.163734,True
639,25.52,1,0.9063093662261964,415.4844665527344,269.0217590332031,14.366387,3.1114106,True
639,25.52,4,0.9180932641029358,507.195556640625,297.8254089355469,15.667962,4.3618054,True
639,25.52,6,0.942687690258026,593.1662292480469,509.7731018066406,16.445255,11.382416,True
639,25.52,8,0.9436829090118408,45.165042877197266,427.2966613769531,9.375766,8.4471,True
639,25.52,11,0.8871051073074341,355.1800079345703,428.2271728515625,13.511003,8.758957,True
639,25.52,14,0.8939028978347778,715.8692016601562,328.4664611816406,18.4993,5.741154,True
639,25.52,15,0.8966124057769775,967.6671447753906,659.3955688476562,20.26891,15.364261,False
639,25.52,17,0.9080930948257446,443.5516662597656,610.9988403320312,14.564613,13.947179,True
640,25.56,0,0.9067914485931396,861.8788452148438,530.3778076171875,19.586376,12.131687,True
640,25.56,1,0.9086323380470276,419.8934326171875,268.0279846191406,14.431892,3.0769846,True
640,25.56,4,0.9156376719474792,513.5965576171875,294.01434326171875,15.765205,4.223053,True
640,25.56,6,0.9412689805030824,589.7187194824219,508.8374633789063,16.405077,11.353761,True
640,25.56,8,0.9441491961479188,48.41868925094604,425.6061401367188,9.414378,8.394998,True
640,25.56,11,0.89715576171875,349.3756866455078,432.8816223144531,13.435976,8.901472,True
640,25.56,14,0.8859550952911377,718.3590698242188,327.00555419921875,18.53855,5.691279,True
640,25.56,15,0.8839738965034485,967.3544921875,660.7659301757812,20.260206,15.395055,False
640,25.56,17,0.9200596809387208,446.18804931640625,613.823974609375,14.593506,14.018324,True
641,25.6,0,0.9066940546035768,865.1818237304688,530.2373657226562,19.625505,12.13013,True
641,25.6,1,0.9024458527565002,422.9979705810547,267.2037658691406,14.478131,3.0476735,True
641,25.6,4,0.9220770597457886,519.3888397216797,292.4306945800781,15.8505945,4.169022,True
641,25.6,6,0.9375079274177552,586.610107421875,508.5960998535156,16.367744,11.344765,True
641,25.6,8,0.9450851678848268,49.609835147857666,424.7801208496094,9.42787,8.369128,True
641,25.6,11,0.8902543187141418,349.73414611816406,433.85101318359375,13.440914,8.932427,True
641,25.6,14,0.9181975722312928,720.9844970703125,325.8934020996094,18.57845,5.654052,True
641,25.6,15,0.8860586881637573,968.4754943847656,661.643310546875,20.268755,15.415377,False
641,25.6,17,0.9204606413841248,448.8252716064453,607.4596557617188,14.627164,13.862567,True
642,25.64,0,0.9086186289787292,867.2313842773438,530.7506103515625,19.647469,12.14522,True
642,25.64,1,0.9100905656814576,424.90040588378906,265.99188232421875,14.506902,3.0009978,True
642,25.64,4,0.9074572920799256,525.6077270507812,291.9227905273437,15.940413,4.1570296,True
642,25.64,6,0.933622658252716,584.4306945800781,507.1408386230469,16.343777,11.302381,True
642,25.64,8,0.9458107352256776,51.33513832092286,424.0589599609375,9.448958,8.3471575,True
642,25.64,11,0.8953842520713806,349.57020568847656,431.964599609375,13.438289,8.872622,True
642,25.64,14,0.911834478378296,721.8616333007812,323.1922912597656,18.600382,5.5572877,True
642,25.64,15,0.8980978727340698,969.6730651855469,660.8074951171875,20.284822,15.397103,False
642,25.64,17,0.9227197170257568,451.95960998535156,611.1332397460938,14.661256,13.955256,True
643,25.68,0,0.8924216032028198,870.2850952148438,531.4986572265625,19.680222,12.167234,True
643,25.68,1,0.9179314374923706,426.4918975830078,265.5726623535156,14.530649,2.9860692,True
643,25.68,4,0.9148242473602296,533.3352661132812,291.8552551269531,16.05103,4.1639085,True
643,25.68,6,0.9283345937728882,581.7692260742188,506.7586364746094,16.312056,11.289723,True
643,25.68,8,0.9418237805366516,53.762150287628174,422.9293518066406,9.47829,8.312448,True
643,25.68,11,0.8997372984886169,349.95372009277344,431.22064208984375,13.443126,8.849388,True
643,25.68,14,0.8771688938140869,719.2414855957031,320.9671325683594,18.572708,5.4735327,True
643,25.68,15,0.8984477519989014,969.248046875,660.301513671875,20.282263,15.385481,False
643,25.68,17,0.9133320450782776,453.0894775390625,611.472900390625,14.674056,13.964279,True
643,25.68,13,0.5882423520088196,703.5153198242188,295.3470764160156,18.448887,4.503683,True
644,25.72,0,0.8894430994987488,874.0457763671875,531.2374267578125,19.725115,12.162755,True
644,25.72,1,0.9123884439468384,429.4477081298828,264.4869079589844,14.574985,2.945821,True
644,25.72,4,0.9088793992996216,539.671142578125,291.115478515625,16.142942,4.1431003,True
644,25.72,6,0.9145477414131165,580.6007385253906,505.1092224121094,16.300638,11.242484,True
644,25.72,8,0.9376175403594972,55.21872520446778,421.18896484375,9.492544,8.256732,True
644,25.72,11,0.9004800319671631,350.46592712402344,428.91796875,13.449268,8.776723,True
644,25.72,13,0.6800782680511475,703.0075073242188,294.8367919921875,18.443644,4.4837203,True
644,25.72,14,0.8702334761619568,718.143798828125,319.6996459960937,18.562315,5.42613,True
644,25.72,15,0.9141566157341005,969.8236999511719,659.518310546875,20.291492,15.36807,False
644,25.72,17,0.923119068145752,456.2984924316406,614.4937133789062,14.709175,14.040472,True
645,25.76,0,0.8873834609985352,879.8586120605469,529.6378173828125,19.799232,12.123865,True
645,25.76,1,0.914685070514679,431.97723388671875,263.8863525390625,14.612757,2.9247236,True
645,25.76,4,0.8828814625740051,550.9358215332031,289.2677917480469,16.307539,4.085462,True
645,25.76,6,0.8964799642562866,579.8408508300781,503.43560791015625,16.29422,11.19475,True
645,25.76,8,0.9241955876350404,57.11677265167236,420.1871337890625,9.515174,8.2255945,True
645,25.76,11,0.9019045829772948,351.5602111816406,426.1211242675781,13.462968,8.688565,True
645,25.76,13,0.7076548337936401,710.2248229980469,290.81939697265625,18.55975,4.33951,True
645,25.76,14,0.7152431011199951,709.3553466796875,304.0616149902344,18.498405,4.8386774,True
645,25.76,15,0.9034042358398438,974.4101257324219,656.8881225585938,20.350954,15.310766,False
645,25.76,17,0.9135481119155884,460.0592803955078,628.7079467773438,14.743717,14.3887005,True
646,25.8,0,0.8895030617713928,882.2856750488281,528.1094360351562,19.833637,12.0845585,True
646,25.8,1,0.9140757918357848,432.50830078125,262.35614013671875,14.621643,2.8630068,True
646,25.8,4,0.8806109428405762,554.8345947265625,288.2228698730469,16.365404,4.0497675,True
646,25.8,6,0.8967083692550659,581.530517578125,501.1567687988281,16.31874,11.131571,True
646,25.8,8,0.9051139950752258,58.07520294189453,420.08538818359375,9.527885,8.223149,True
646,25.8,11,0.8952369093894958,352.0934143066406,424.73388671875,13.469657,8.644701,True
646,25.8,13,0.7046642899513245,704.7924194335938,287.988037109375,18.493956,4.224597,True
646,25.8,14,0.7807019352912903,714.8262634277344,314.3851623535156,18.536217,5.2277656,True
646,25.8,15,0.9024507999420166,976.9439697265625,656.1235961914062,20.381126,15.29466,False
646,25.8,17,0.9044442176818848,462.07550048828125,645.49072265625,14.756448,14.7905245,True
647,25.84,0,0.8984909653663635,885.4859008789062,526.7044677734375,19.87665,12.049013,True
647,25.84,1,0.9170271754264832,433.902587890625,260.6874084472656,14.643434,2.7966235,True
647,25.84,4,0.8704312443733215,559.9678955078125,286.4960021972656,16.442444,3.9890556,True
647,25.84,6,0.9076253175735474,582.2545776367188,499.7532043457031,16.330008,11.092333,True
647,25.84,8,0.9131863117218018,60.64409065246582,419.4414367675781,9.560799,8.204382,True
647,25.84,11,0.8779101371765137,353.7273712158203,423.4466552734375,13.490887,8.604954,True
647,25.84,13,0.6581060886383057,707.9291381835938,287.5760192871094,18.539656,4.21261,True
647,25.84,14,0.786852240562439,713.57666015625,308.3677673339844,18.54111,5.004003,True
647,25.84,15,0.901430368423462,979.8612060546875,652.9249267578125,20.425209,15.223402,True
647,25.84,17,0.907555103302002,465.05645751953125,651.1098022460938,14.786482,14.924355,True
648,25.88,0,0.8991363048553467,887.8164672851562,525.7743530273438,19.907639,12.025593,True
648,25.88,1,0.91622132062912,435.9307098388672,258.7170104980469,14.6749,2.7185328,True
648,25.88,4,0.8504936695098877,563.6492004394531,285.8016357421875,16.496622,3.9666145,True
648,25.88,6,0.9239863753318788,578.9308776855469,498.00494384765625,16.292343,11.040235,True
648,25.88,8,0.913253128528595,62.64176368713379,418.3734436035156,9.584646,8.171092,True
648,25.88,11,0.8293971419334412,352.2515411376953,421.40283203125,13.470962,8.538001,True
648,25.88,13,0.6567639112472534,698.3415832519531,287.15484619140625,18.406145,4.1847515,True
648,25.88,14,0.8144519925117493,713.921142578125,308.0140075683594,18.547186,4.991266,True
648,25.88,15,0.9080764055252076,980.5643615722656,654.5716552734375,20.426125,15.26119,False
648,25.88,17,0.8957617282867432,467.54100036621094,657.7281494140625,14.810132,15.080235,True
649,25.92,0,0.9014785885810852,890.4830322265625,524.517333984375,19.943918,11.993578,True
649,25.92,1,0.9188629984855652,439.0685729980469,258.5977478027344,14.721532,2.7178597,True
649,25.92,4,0.8687849640846252,567.9283142089844,285.5816650390625,16.558353,3.963369,True
649,25.92,6,0.9284362196922302,577.4873657226562,497.3777770996094,16.275728,11.021325,True
649,25.92,8,0.9080084562301636,65.70885467529297,416.9348754882813,9.621944,8.126534,True
649,25.92,11,0.887715220451355,351.41197204589844,421.5382995605469,13.459913,8.541593,True
649,25.92,14,0.8144657015800476,712.48291015625,305.5833435058594,18.536234,4.8991413,True
649,25.92,15,0.8939160108566284,983.4252014160156,653.16357421875,20.462467,15.230571,True
649,25.92,17,0.8928375840187073,469.061279296875,656.00048828125,14.828193,15.040765,True
650,25.96,0,0.8960012197494507,896.99560546875,521.4229125976562,20.032845,11.914536,True
650,25.96,1,0.9262872934341432,445.53143310546875,255.5070343017578,14.819954,2.5993524,True
650,25.96,4,0.901966631412506,577.9498291015625,283.5980529785156,16.70631,3.898555,True
650,25.96,6,0.9251037836074828,578.5714721679688,496.622802734375,16.290297,11.000629,True
650,25.96,8,0.898954451084137,70.78686141967773,413.5606384277344,9.680822,8.019686,True
650,25.96,11,0.9099022150039672,352.54010009765625,420.00921630859375,13.474448,8.493411,True
650,25.96,14,0.8780145645141602,703.7104187011719,307.5242614746094,18.407454,4.9612293,True
650,25.96,15,0.9074677228927612,986.2780151367188,654.950439453125,20.4858,15.272566,False
650,25.96,17,0.884964644908905,474.95971679687506,654.7448120117188,14.894883,15.014454,True
651,26.0,0,0.9005579352378845,900.1411437988281,520.0731811523438,20.075302,11.88018,True
651,26.0,1,0.9171451926231384,448.6277313232422,253.9859313964844,14.867295,2.5407233,True
651,26.0,4,0.9020611047744752,581.5318908691406,281.5303649902344,16.762493,3.8222535,True
651,26.0,6,0.926383376121521,581.1445617675781,495.486328125,16.32379,10.97014,True
651,26.0,8,0.906228244304657,72.40807723999023,412.2757263183594,9.699045,7.978572,True
651,26.0,11,0.9176908135414124,352.97698974609375,417.4393615722656,13.479635,8.410865,True
651,26.0,14,0.8408045768737793,701.9613647460938,309.0412902832031,18.377775,5.015573,True
651,26.0,15,0.9229074120521544,988.5671997070312,647.4576416015625,20.540936,15.102841,True
651,26.0,17,0.8785849809646606,476.00604248046875,647.753173828125,14.9114065,14.851087,True
652,26.04,0,0.902835249900818,900.89453125,518.2487182617188,20.091745,11.831267,True
652,26.04,1,0.7875431776046753,463.8353729248047,252.15077209472656,15.095232,2.4854875,True
652,26.04,4,0.8920450806617737,585.8876342773438,281.3951110839844,16.825254,3.822418,True
652,26.04,6,0.9295406341552734,581.3212280273438,494.3264770507813,16.327965,10.937157,True
652,26.04,8,0.9169731736183168,75.92472648620605,411.7135620117188,9.7453785,7.96325,True
652,26.04,11,0.9248965382575988,354.6435852050781,417.3831481933594,13.501679,8.410578,True
652,26.04,14,0.8537142276763916,700.3099060058594,312.1864624023437,18.343758,5.1301303,True
652,26.04,15,0.8813992142677307,989.9148559570312,643.6412963867188,20.571167,15.015901,True
652,26.04,17,0.8784956336021423,480.0100555419922,649.3950805664062,14.955116,14.891758,True
653,26.08,0,0.902037799358368,902.6094665527344,517.7849731445312,20.113815,11.819859,True
653,26.08,1,0.8641448020935059,466.86573791503906,251.88699340820312,15.140574,2.478695,True
653,26.08,4,0.8827717304229736,589.4724731445312,280.6529235839844,16.878452,3.797863,True
653,26.08,6,0.9265351295471193,581.2852783203125,494.2181396484375,16.327711,10.934033,True
653,26.08,8,0.9152864813804626,77.3155517578125,411.1106872558594,9.762571,7.9445286,True
653,26.08,11,0.9174996018409728,356.0123596191406,415.2726745605469,13.519372,8.3434925,True
653,26.08,14,0.8542176485061646,699.4566650390625,314.9993591308594,18.322077,5.2328396,True
653,26.08,15,0.916695773601532,991.8229675292969,642.5151977539062,20.596401,14.990928,True
653,26.08,17,0.8853491544723511,483.29278564453125,633.2210083007812,15.004036,14.509721,True
654,26.12,0,0.9013219475746156,903.7840270996094,516.6422729492188,20.132404,11.789631,True
654,26.12,1,0.8853737115859985,469.3520050048828,250.3546905517578,15.179285,2.4185278,True
654,26.12,4,0.8821470737457275,592.8490295410156,280.1268920898437,16.928164,3.781497,True
654,26.12,6,0.9216745495796204,580.2855224609375,493.2057189941406,16.317188,10.904333,True
654,26.12,8,0.9181289076805116,79.88971328735352,409.9469909667969,9.794283,7.908244,True
654,26.12,11,0.9178982377052308,357.64141845703125,412.7490234375,13.540495,8.263006,True
654,26.12,14,0.8432133197784424,698.9995727539062,316.475341796875,18.310606,5.2865477,True
654,26.12,15,0.9158818125724792,993.4087829589844,638.1489868164062,20.63172,14.890871,True
654,26.12,17,0.8929131031036377,484.9023132324219,626.5374755859375,15.0274105,14.349751,True
654,26.12,13,0.5146782994270325,694.9497375488281,298.13897705078125,18.318974,4.599133,True
655,26.16,0,0.9049044251441956,904.6841430664062,513.9027709960938,20.154541,11.715667,True
655,26.16,1,0.8964497447013855,468.2940673828125,247.17556762695312,15.167148,2.2846801,True
655,26.16,4,0.8851872682571411,600.1102905273438,277.80328369140625,17.038248,3.6994567,True
655,26.16,6,0.9167522192001344,579.1274108886719,493.1910705566406,16.30299,10.9030485,True
655,26.16,8,0.927854061126709,82.76083946228027,408.81005859375,9.830184,7.8730865,True
655,26.16,11,0.9127155542373656,359.7928924560547,410.93743896484375,13.568757,8.205971,True
655,26.16,14,0.7655408978462219,695.3387451171875,317.8958740234375,18.25524,5.3344793,True
655,26.16,15,0.9172757863998412,995.6898193359375,630.5611572265625,20.688381,14.715496,True
655,26.16,17,0.8952395915985107,490.3323059082031,625.4337768554688,15.089956,14.326017,True
656,26.2,0,0.9097004532814026,904.9463500976562,511.6778564453125,20.167053,11.655077,True
656,26.2,1,0.905388355255127,474.5471496582031,245.5106964111328,15.26245,2.2237363,True
656,26.2,4,0.8944465517997742,603.9270324707031,276.9242248535156,17.095335,3.6697087,True
656,26.2,6,0.919366419315338,577.7622985839844,497.28851318359375,16.27925,11.018988,True
656,26.2,8,0.9307966828346252,84.04174613952637,408.7013244628906,9.847385,7.8706913,True
656,26.2,11,0.9117902517318726,358.778076171875,409.6844177246094,13.555052,8.164097,True
656,26.2,13,0.6984352469444275,735.7138061523438,310.6875915527344,18.838192,5.115393,True
656,26.2,14,0.6092938780784607,695.304931640625,318.3063659667969,18.253359,5.349472,True
656,26.2,15,0.9009674787521362,995.8354187011719,628.5521850585938,20.698488,14.668558,True
656,26.2,17,0.9112257957458496,493.4483642578125,643.466064453125,15.11038,14.758959,True
657,26.24,0,0.9136328101158142,905.4296875,510.30755615234375,20.178574,11.617895,True
657,26.24,1,0.906869649887085,479.01336669921875,245.52520751953125,15.329107,2.2305322,True
657,26.24,4,0.8896209597587585,607.6629028320312,276.1917419433594,17.150925,3.6456015,True
657,26.24,6,0.9105120897293092,578.3334350585938,503.308837890625,16.276047,11.190072,True
657,26.24,8,0.935285985469818,85.52793502807617,408.4190368652344,9.86689,7.8626995,True
657,26.24,11,0.9121168255805968,359.6044158935547,409.2378540039063,13.56597,8.150267,True
657,26.24,14,0.754633367061615,693.9197387695312,318.0333251953125,18.235224,5.3379073,True
657,26.24,15,0.895405650138855,997.168212890625,630.67919921875,20.703928,14.719017,True
657,26.24,17,0.91027170419693,495.078369140625,646.298583984375,15.126329,14.826662,True
658,26.28,0,0.912468433380127,906.3617553710938,509.01995849609375,20.195057,11.583231,True
658,26.28,1,0.90166038274765,481.6950225830078,244.6096954345703,15.37032,2.1959276,True
658,26.28,4,0.8872106671333313,610.9751892089844,275.324951171875,17.20084,3.615644,True
658,26.28,6,0.9132544994354248,578.19482421875,507.4207763671875,16.26744,11.305736,True
658,26.28,8,0.9320895075798036,86.5681266784668,407.8881530761719,9.879574,7.8459697,True
658,26.28,11,0.9168859720230104,360.4930419921875,409.0724487304688,13.577768,8.145688,True
658,26.28,14,0.7742194533348083,701.3803100585938,318.83056640625,18.335142,5.3755126,True
658,26.28,15,0.9126527905464172,997.2958374023438,630.3600463867188,20.70667,14.711623,True
658,26.28,17,0.904750645160675,496.3550720214844,646.216064453125,15.140705,14.8253765,True
659,26.32,0,0.9095864295959472,906.3951721191406,507.054931640625,20.203852,11.529245,True
659,26.32,1,0.9103808403015136,485.5236053466797,243.03530883789065,15.429611,2.1352293,True
659,26.32,4,0.8849822878837585,615.3487854003906,276.14312744140625,17.26136,3.6534128,True
659,26.32,6,0.907512366771698,580.0173645019531,509.1534729003906,16.286686,11.355634,True
659,26.32,8,0.9359554052352904,88.88957023620605,407.2148742675781,9.909391,7.825705,True
659,26.32,11,0.9132497310638428,360.3918762207031,408.7135620117188,13.5763645,8.133848,True
659,26.32,13,0.6932184100151062,746.1255493164062,310.5356140136719,18.98231,5.1217246,True
659,26.32,14,0.7711919546127319,705.0360107421875,317.9143371582031,18.388664,5.346127,True
659,26.32,15,0.9335460066795348,999.2765502929688,632.9450073242188,20.71717,14.772969,True
659,26.32,17,0.9098914861679076,499.7536163330078,645.1820068359375,15.179676,14.802755,True
660,26.36,0,0.9051396250724792,908.1733093261719,507.6770324707031,20.22219,11.5476055,True
660,26.36,1,0.8996715545654297,488.6321258544922,238.1488037109375,15.482911,1.933626,True
660,26.36,4,0.870509922504425,622.3035888671875,274.7993469238281,17.364944,3.6092882,True
660,26.36,6,0.9206090569496156,580.7823791503906,510.9580383300781,16.292929,11.406658,True
660,26.36,8,0.9250916242599488,92.9411563873291,404.7515258789063,9.957807,7.747111,True
660,26.36,11,0.9159414768218994,361.2541198730469,406.06494140625,13.587443,8.04779,True
660,26.36,14,0.8589293360710144,702.5447082519531,317.02960205078125,18.357502,5.3108993,True
660,26.36,15,0.9035146832466124,1000.8859558105469,623.7779541015625,20.773878,14.55901,True
660,26.36,17,0.913357436656952,504.7036590576172,647.3671264648438,15.233199,14.856775,True
661,26.4,0,0.898331880569458,908.9597473144531,507.4387512207031,20.232502,11.541604,True
661,26.4,1,0.882404625415802,489.79331970214844,237.26760864257807,15.501582,1.8979516,True
661,26.4,4,0.8465794324874878,625.1806640625,273.1777648925781,17.410933,3.5489407,True
661,26.4,6,0.9266844391822816,583.3294372558594,510.1652221679688,16.325193,11.386325,True
661,26.4,8,0.9295060634613036,96.62316513061523,403.71240234375,10.005336,7.7158027,True
661,26.4,11,0.9138518571853638,361.46693420410156,405.8435363769531,13.590248,8.040713,True
661,26.4,14,0.8588564991950989,696.9850769042969,315.3279724121094,18.286827,5.242109,True
661,26.4,15,0.8892530798912048,1003.8211975097656,623.673583984375,20.806307,14.558087,True
661,26.4,17,0.9114269018173218,506.8658142089844,647.3699951171875,15.25739,14.857955,True
662,26.44,0,0.8908535838127136,908.4131469726562,504.5513610839844,20.23847,11.461655,True
662,26.44,1,0.8821062445640564,490.2821350097656,237.25735473632807,15.508933,1.8982075,True
662,26.44,4,0.8445914387702942,625.6424560546875,271.5547790527344,17.422298,3.4853127,True
662,26.44,6,0.9134936928749084,583.99951171875,509.441650390625,16.33457,11.366564,True
662,26.44,8,0.93324613571167,98.63538360595703,402.2577819824219,10.028844,7.668842,True
662,26.44,11,0.9132735133171082,362.1063995361328,405.55615234375,13.598736,8.031869,True
662,26.44,14,0.8649700880050659,693.0716857910156,314.9193115234375,18.234228,5.2226152,True
662,26.44,15,0.8951297402381897,1004.6654663085938,618.4581298828125,20.838175,14.435254,True
662,26.44,17,0.9089691638946532,510.7573699951172,647.238037109375,15.301047,14.856853,True
663,26.48,0,0.8972831964492798,909.1119384765625,503.9926452636719,20.249151,11.446716,True
663,26.48,1,0.8850715160369873,491.53843688964844,235.52235412597656,15.530299,1.8263685,True
663,26.48,4,0.8531588912010193,627.7742004394531,271.0069580078125,17.454567,3.466327,True
663,26.48,6,0.9075786471366882,585.1395568847656,509.6304931640625,16.348087,11.372667,True
663,26.48,8,0.9353865385055542,100.58007431030273,401.542236328125,10.053535,7.6466427,True
663,26.48,11,0.9138968586921692,362.6900939941406,404.4771728515625,13.606374,7.996913,True
663,26.48,14,0.8360455632209778,695.11328125,314.80877685546875,18.262796,5.2208757,True
663,26.48,15,0.9093931317329408,1001.9704284667969,614.9283447265625,20.824087,14.349927,True
663,26.48,17,0.879472017288208,516.5770874023438,642.4859008789062,15.370783,14.74781,True
664,26.52,0,0.8718754053115845,909.4302978515625,502.4794616699219,20.259466,11.405091,True
664,26.52,1,0.8833163380622864,492.0535430908203,235.6680603027344,15.5378275,1.833289,True
664,26.52,4,0.8282110691070557,630.6885681152344,270.6976623535156,17.497406,3.4577923,True
664,26.52,6,0.9026070833206176,586.3311767578125,508.5994567871094,16.36435,11.344658,True
664,26.52,8,0.9342225790023804,102.45076751708984,400.7823791503906,10.07711,7.6228566,True
664,26.52,11,0.9124436378479004,363.31903076171875,403.7492370605469,13.614675,7.9735227,True
664,26.52,14,0.81755530834198,697.5163879394531,314.47222900390625,18.297142,5.211229,True
664,26.52,15,0.9019129872322084,999.7395935058594,613.8580932617188,20.804306,14.323219,True
664,26.52,17,0.8828712105751038,517.0717926025391,640.3486328125,15.37844,14.697466,True
665,26.56,0,0.889453649520874,909.3635559082031,500.7022399902344,20.26638,11.355783,True
665,26.56,1,0.887068510055542,491.3091583251953,235.40579223632807,15.527022,1.8210899,True
665,26.56,4,0.8101586699485779,636.8410949707031,271.9140930175781,17.582169,3.5138333,True
665,26.56,6,0.8956246972084045,587.2080383300781,507.7296752929688,16.376522,11.320909,True
665,26.56,8,0.9353687763214112,107.86531448364258,400.27734375,10.150089,7.6111307,True
665,26.56,11,0.914958953857422,363.52992248535156,403.4098205566406,13.617447,7.96253,True
665,26.56,14,0.8233509063720703,701.0383605957031,313.3160400390625,18.349834,5.1726537,True
665,26.56,15,0.8922557830810547,1003.8222351074219,611.8185424804688,20.857998,14.276706,True
665,26.56,17,0.8874307870864868,520.6951141357422,642.4075317382812,15.417031,14.748099,True
666,26.6,0,0.8959294557571411,909.0426635742188,500.7503051757813,20.262365,11.356889,True
666,26.6,1,0.8875809907913208,491.45362854003906,235.43345642089844,15.529153,1.8224705,True
666,26.6,4,0.8040187358856201,641.5353393554688,272.7216796875,17.647064,3.5517335,True
666,26.6,6,0.8943588137626648,589.2508239746094,507.0601501464844,16.402533,11.3035965,True
666,26.6,8,0.9346534013748168,109.40378189086914,400.4324645996094,10.171637,7.6178746,True
666,26.6,11,0.908675730228424,363.4101867675781,404.4861450195313,13.615988,7.9978905,True
666,26.6,14,0.8211490511894226,701.5372314453125,313.5165405273437,18.356016,5.180616,True
666,26.6,15,0.9015679955482484,1004.6621704101562,609.76904296875,20.876236,14.228095,True
666,26.6,17,0.8931699991226196,521.008544921875,645.642578125,15.417274,14.824592,True
667,26.64,0,0.8935821652412415,908.6419067382812,500.1740417480469,20.260109,11.340606,True
667,26.64,1,0.9005798697471619,491.43992614746094,235.31350708007807,15.529121,1.8173532,True
667,26.64,4,0.8085851073265076,642.2417297363281,275.0454406738281,17.65,3.6442304,True
667,26.64,6,0.8890944719314575,589.9276733398438,507.3049926757813,16.410328,11.310957,True
667,26.64,8,0.935639500617981,111.14836883544922,400.7945861816406,10.196562,7.6317973,True
667,26.64,11,0.9137784838676452,363.2174377441406,405.4234313964844,13.613538,8.028554,True
667,26.64,14,0.787885844707489,700.7330322265625,314.3222351074219,18.34207,5.209378,True
667,26.64,15,0.9149233102798462,1006.1031494140625,610.3248291015625,20.88961,14.242192,True
667,26.64,17,0.8927886486053467,521.9710388183594,647.0628662109375,15.4266,14.8585005,True
667,26.64,20,0.6579580307006836,667.1620483398438,292.4172058105469,17.948536,4.348491,True
668,26.68,0,0.8996333479881287,908.0191040039062,499.8891296386719,20.253954,11.332247,True
668,26.68,1,0.908319652080536,490.888916015625,235.11351013183597,15.521128,1.8080685,True
668,26.68,4,0.8289358615875244,642.1861877441406,275.6818542480469,17.64724,3.669187,True
668,26.68,6,0.8788006901741028,590.3479614257812,506.9447021484375,16.416077,11.301148,True
668,26.68,8,0.9346542358398438,112.54258346557617,401.1528625488281,10.216652,7.6452374,True
668,26.68,11,0.9149449467658995,362.8751678466797,405.5827941894531,13.6089945,8.033471,True
668,26.68,14,0.7925988435745239,697.901611328125,316.1596069335937,18.296574,5.27371,True
668,26.68,15,0.931041657924652,1008.5240783691406,606.93017578125,20.931261,14.162033,True
668,26.68,17,0.8938725590705872,522.2151947021484,647.7718505859375,15.42861,14.875282,True
668,26.68,20,0.672119677066803,666.787353515625,299.6868896484375,17.919577,4.6241484,True
669,26.72,0,0.8951619267463684,907.5818481445312,499.0910339355469,20.252222,11.309748,True
669,26.72,1,0.8981459736824036,489.6420440673828,234.77862548828125,15.502859,1.7920526,True
669,26.72,4,0.820661723613739,641.2949829101562,274.9666442871094,17.636688,3.6399324,True
669,26.72,6,0.8784804344177246,587.8766479492188,507.018798828125,16.385897,11.301443,True
669,26.72,8,0.937370240688324,113.92856979370117,400.8523254394531,10.234865,7.6364684,True
669,26.72,11,0.9182321429252625,362.09808349609375,405.3727111816406,13.5985985,8.025828,True
669,26.72,14,0.8379155397415161,699.2723693847656,319.70947265625,18.303085,5.405248,True
669,26.72,15,0.9194613099098206,1009.2155151367188,608.2932739257812,20.9328,14.195164,True
669,26.72,17,0.9013048410415648,522.0182495117188,647.5447387695312,15.42664,14.869847,True
669,26.72,20,0.7395591139793396,662.7743530273438,305.3579406738281,17.845312,4.832663,True
670,26.76,0,0.8890899419784546,905.7670593261719,497.4702453613281,20.237679,11.263314,True
670,26.76,1,0.908927083015442,487.11370849609375,234.5764923095703,15.465109,1.7798544,True
670,26.76,4,0.8386615514755249,641.9801330566406,275.5343017578125,17.644745,3.6631265,True
670,26.76,6,0.8890458345413208,585.666259765625,510.16400146484375,16.35356,11.387966,True
670,26.76,8,0.916943907737732,114.82909393310547,399.5427856445313,10.243748,7.5931754,True
670,26.76,11,0.91534823179245,360.1431579589844,405.3865356445313,13.572517,8.024434,True
670,26.76,14,0.8513979911804199,696.5650329589844,328.3630065917969,18.236197,5.716153,True
670,26.76,15,0.9319420456886292,1014.5292053222656,608.1727294921875,20.991728,14.195158,True
670,26.76,17,0.90481835603714,520.4321594238281,645.4851684570312,15.410983,14.820587,True
670,26.76,20,0.8117629289627075,662.9780578613281,315.3197326660156,17.816826,5.2030034,True
671,26.8,0,0.8767719864845276,904.7548828125,496.9087829589844,20.228071,11.246928,True
671,26.8,1,0.9122543931007384,485.3800964355469,234.60516357421875,15.438981,1.7786089,True
671,26.8,4,0.8356698751449585,641.9642028808594,274.9642333984375,17.646278,3.6406841,True
671,26.8,6,0.8801217675209045,584.6036682128906,513.4067993164062,16.335089,11.477674,True
671,26.8,8,0.9277800917625428,115.76242065429688,399.5771789550781,10.256655,7.595254,True
671,26.8,11,0.9137293100357056,359.69200134277344,405.3755493164063,13.566496,8.023646,True
671,26.8,14,0.8590012192726135,695.9210815429688,332.2827453613281,18.214115,5.856294,True
671,26.8,15,0.9482858777046204,1016.3870544433594,603.9005737304688,21.031393,14.093354,True
671,26.8,17,0.9009788036346436,519.4851684570312,648.287841796875,15.3975935,14.885997,True
671,26.8,20,0.7923654317855835,662.6563110351562,315.3007202148437,17.81243,5.201935,True
672,26.84,0,0.895961582660675,905.5016174316406,497.9069213867188,20.232632,11.275294,True
672,26.84,1,0.9167048335075378,483.94873046875,235.48915100097656,15.416239,1.8141867,True
672,26.84,4,0.8362777233123779,642.12548828125,271.8564758300781,17.658215,3.5182917,True
672,26.84,6,0.8769708871841431,584.0709838867188,516.71435546875,16.32299,11.569166,True
672,26.84,8,0.9227984547615052,116.5658187866211,399.1405944824219,10.266534,7.5812993,True
672,26.84,11,0.9143803119659424,358.8057556152344,405.2162170410156,13.554641,8.017566,True
672,26.84,14,0.8516364693641663,693.8039245605469,339.1278076171875,18.162413,6.097975,True
672,26.84,15,0.9464115500450134,1017.8892822265625,602.2245483398438,21.055534,14.053698,True
672,26.84,17,0.896045446395874,518.8876647949219,650.3906860351562,15.388838,14.934985,True
672,26.84,20,0.7076383233070374,657.0826721191406,319.29205322265625,17.723063,5.3423185,True
673,26.88,0,0.8941625952720642,903.9651489257812,498.1850891113281,20.213165,11.28194,True
673,26.88,1,0.9154762029647828,483.32989501953125,236.0112152099609,15.406227,1.8354973,True
673,26.88,4,0.7864813208580017,639.8257751464844,263.5392761230469,17.650986,3.184167,True
673,26.88,6,0.8467016220092773,583.2500915527344,518.5785522460938,16.30991,11.62019,True
673,26.88,8,0.913688898086548,117.32036209106445,399.1203308105469,10.276843,7.581357,True
673,26.88,11,0.9123952984809875,358.6575012207031,405.1373596191406,13.552649,8.014831,True
673,26.88,14,0.866325855255127,691.5382385253906,341.0156555175781,18.125477,6.162397,True
673,26.88,15,0.9375374913215636,1019.9127197265625,601.0667724609375,21.083113,14.026802,True
673,26.88,17,0.892059862613678,517.7752685546875,650.1204223632812,15.376692,14.928089,True
673,26.88,20,0.789935827255249,647.928955078125,314.5382385253906,17.610611,5.156928,True
674,26.92,0,0.8980370163917542,903.4228515625,498.302001953125,20.206215,11.284808,True
674,26.92,1,0.9143372178077698,481.5909423828125,237.0531005859375,15.378699,1.8772632,True
674,26.92,4,0.7271986603736877,640.0689697265625,260.51055908203125,17.663984,3.0627718,True
674,26.92,6,0.837404191493988,582.9778137207031,520.9890747070312,16.302555,11.686534,True
674,26.92,8,0.9167277216911316,119.73643112182617,399.18560791015625,10.310188,7.585938,True
674,26.92,11,0.9131869077682496,358.4745788574219,405.2794189453125,13.550232,8.019332,True
674,26.92,14,0.8962522149085999,691.7412719726562,343.996826171875,18.118435,6.267802,True
674,26.92,15,0.9274063110351562,1020.3232421875,600.7630004882812,21.089025,14.019673,True
674,26.92,17,0.869933545589447,516.869384765625,650.3212890625,15.366386,14.932331,True
674,26.92,20,0.7796589136123657,641.0398254394531,317.2440795898437,17.507175,5.2488523,True
675,26.96,0,0.893385648727417,902.0973815917969,497.796630859375,20.19263,11.269777,True
675,26.96,1,0.9224480390548706,481.50462341308594,237.80874633789065,15.376405,1.9091733,True
675,26.96,4,0.7344784736633301,648.0827331542969,290.38153076171875,17.685772,4.2474113,True
675,26.96,6,0.8580384850502014,584.892578125,520.1561889648438,16.327047,11.664909,True
675,26.96,8,0.921327829360962,124.46676635742188,399.309814453125,10.375433,7.594781,True
675,26.96,11,0.9019269347190856,358.7219696044922,403.9590148925781,13.553302,7.976076,True
675,26.96,14,0.8690085411071777,688.7403259277344,343.6604309082031,18.07898,6.252764,True
675,26.96,15,0.9281479716300964,1024.5329895019531,599.2901611328125,21.142221,13.986306,True
675,26.96,17,0.8982735872268677,513.7565002441406,652.21923828125,15.329838,14.975142,True
675,26.96,20,0.839828610420227,632.9191589355469,330.5107727050781,17.35792,5.723347,True
676,27.0,0,0.8972020149230957,901.6214904785156,497.2734069824219,20.18922,11.254847,True
676,27.0,1,0.9176813960075378,481.4796905517578,237.9001007080078,15.375909,1.9130079,True
676,27.0,4,0.7069737315177917,648.4151306152344,293.3536376953125,17.681324,4.3616085,True
676,27.0,6,0.8501994609832764,584.7853088378906,520.4451904296875,16.325262,11.672805,True
676,27.0,8,0.9224733114242554,126.55621337890625,398.8529052734375,10.402942,7.581408,True
676,27.0,11,0.9067626595497132,360.27606201171875,404.19866943359375,13.5741005,7.98545,True
676,27.0,14,0.8344436883926392,686.2241516113281,348.2066650390625,18.030363,6.4097304,True
676,27.0,15,0.9203186631202698,1026.1440734863281,597.5164184570312,21.168188,13.944128,True
676,27.0,17,0.9033513069152832,512.425537109375,652.8649291992188,15.314391,14.989548,True
676,27.0,20,0.8225017189979553,628.6598510742188,336.5489501953125,17.283245,5.935639,True
677,27.04,0,0.8989483714103699,901.1465454101562,496.6704406738281,20.186161,11.2376795,True
677,27.04,1,0.9252416491508484,481.4963073730469,238.4462127685547,15.375439,1.9361526,True
677,27.04,4,0.8040807843208313,648.0556030273438,279.32452392578125,17.71975,3.8192878,True
677,27.04,6,0.8562303781509399,583.8780517578125,518.6079711914062,16.31744,11.621445,True
677,27.04,8,0.9218956828117372,127.63741302490234,399.2983093261719,10.418901,7.5975075,True
677,27.04,11,0.9046574234962464,360.2276153564453,404.290771484375,13.573468,7.9884386,True
677,27.04,14,0.8189595341682434,681.06396484375,348.7034606933594,17.959248,6.421684,True
677,27.04,15,0.92776757478714,1028.827880859375,598.2676391601562,21.194351,13.963875,True
677,27.04,17,0.8957062363624573,511.0334167480469,653.282958984375,15.298485,14.9986,True
677,27.04,20,0.8306440711021423,624.5818786621094,348.7530517578125,17.19573,6.363857,True
678,27.08,0,0.9000681042671204,900.9404907226562,496.3370666503906,20.185143,11.228222,True
678,27.08,1,0.9275941848754884,481.7940979003906,238.7370147705078,15.379523,1.9488755,True
678,27.08,4,0.8092143535614014,647.2596740722656,285.127197265625,17.690342,4.043905,True
678,27.08,6,0.8630116581916809,582.8600769042969,517.978271484375,16.306217,11.603313,True
678,27.08,8,0.9243193864822388,128.69513702392578,398.9882507324219,10.432631,7.588081,True
678,27.08,11,0.9086427688598632,360.5175323486328,404.4130554199219,13.577359,7.992742,True
678,27.08,14,0.8688515424728394,677.8130187988281,347.78106689453125,17.9183,6.3859673,True
678,27.08,15,0.9263452887535096,1031.0206298828125,598.1343994140625,21.219175,13.961859,True
678,27.08,17,0.885588526725769,510.88389587402344,651.967529296875,15.298043,14.967799,True
678,27.08,20,0.8450182676315308,622.4255981445312,348.940185546875,17.166023,6.3681493,True
679,27.12,0,0.9076412320137024,900.2975463867188,496.0285034179688,20.178812,11.219139,True
679,27.12,1,0.92668354511261,481.863525390625,239.2442626953125,15.379894,1.9704193,True
679,27.12,4,0.7857389450073242,646.7061462402344,284.1566467285156,17.685488,4.00563,True
679,27.12,6,0.8750486969947815,582.2051086425781,518.6522216796875,16.29717,11.621492,True
679,27.12,8,0.9228905439376832,130.40374374389648,398.9100646972656,10.4558735,7.5871205,True
679,27.12,11,0.9123604893684388,361.8206787109375,404.1495361328125,13.59472,7.9852953,True
679,27.12,14,0.8774160146713257,674.6477661132812,348.1669616699219,17.874401,6.39615,True
679,27.12,15,0.9272898435592652,1032.2704772949219,598.5812377929688,21.23089,13.973402,True
679,27.12,17,0.8846886157989502,510.3125,653.2754516601562,15.290458,14.998059,True
679,27.12,20,0.8479467034339905,611.7991638183594,350.62945556640625,17.017778,6.416206,True
680,27.16,0,0.904474675655365,900.0818481445312,496.0289306640625,20.176243,11.218995,True
680,27.16,1,0.9275364279747008,482.2288513183594,239.2772216796875,15.38533,1.972326,True
680,27.16,4,0.8013194799423218,646.1385192871094,290.7960205078125,17.657017,4.260949,True
680,27.16,6,0.8734939694404602,580.4747924804688,521.851318359375,16.27095,11.708537,True
680,27.16,8,0.9213182330131532,133.21462631225586,399.7378845214844,10.496465,7.6178074,True
680,27.16,11,0.9112449288368224,361.32940673828125,403.8511962890625,13.588115,7.974996,True
680,27.16,14,0.8316725492477417,661.0610961914062,350.1413269042969,17.685163,6.450945,True
680,27.16,15,0.919646680355072,1032.5731811523438,596.7905883789062,21.24258,13.930063,True
680,27.16,17,0.881402313709259,509.712646484375,652.8570556640625,15.284159,14.9879875,True
680,27.16,20,0.8428046107292175,602.6714172363281,352.0990600585937,16.890572,6.458078,True
681,27.2,0,0.9035657644271852,899.5172119140625,495.7398986816406,20.17076,11.21051,True
681,27.2,1,0.924998939037323,482.3370666503906,239.0950927734375,15.387195,1.9647808,True
681,27.2,4,0.7997925281524658,644.1937561035156,290.010986328125,17.631907,4.228448,True
681,27.2,6,0.8777590394020081,580.7875366210938,524.4036254882812,16.270475,11.778898,True
681,27.2,8,0.9200795292854308,134.74237442016602,400.06781005859375,10.518208,7.630424,True
681,27.2,11,0.904509663581848,361.2963104248047,403.59619140625,13.587634,7.966556,True
681,27.2,14,0.7762538194656372,650.5349731445312,351.0448913574219,17.540533,6.4714746,True
681,27.2,15,0.9099488258361816,1032.6782531738281,596.02099609375,21.247335,13.911394,True
681,27.2,17,0.8810341358184814,510.0756072998047,652.3079223632812,15.2887125,14.975345,True
681,27.2,20,0.8436745405197144,599.0018615722656,353.61346435546875,16.837353,6.507182,True
682,27.24,0,0.903632640838623,899.0431823730469,495.24560546875,20.167233,11.196345,True
682,27.24,1,0.9306102395057678,481.8667755126953,238.91259765625,15.380382,1.9564034,True
682,27.24,4,0.7588917016983032,646.4124145507812,287.4380187988281,17.671192,4.132134,True
682,27.24,6,0.889832615852356,581.2801208496094,528.6774291992188,16.269312,11.896155,True
682,27.24,8,0.9197027683258056,135.86615371704102,399.7858276367188,10.532915,7.622023,True
682,27.24,11,0.9080020785331726,361.0770263671875,403.1097412109375,13.58463,7.9502983,True
682,27.24,14,0.822593629360199,637.9633178710938,352.7383728027344,17.366198,6.5174227,True
682,27.24,15,0.9094743132591248,1031.7397155761719,595.2098388671875,21.240751,13.8911085,True
682,27.24,17,0.8825888633728027,510.47569274902344,653.3028564453125,15.292252,14.998782,True
682,27.24,20,0.8653852939605713,595.8673400878906,355.4232788085937,16.790806,6.5670466,True
683,27.28,0,0.9005484580993652,898.5318908691406,494.8464965820313,20.162851,11.184809,True
683,27.28,1,0.9238691329956056,481.63307189941406,239.4527282714844,15.3761635,1.9789038,True
683,27.28,4,0.6753655076026917,645.8222961425781,290.5118103027344,17.653414,4.24966,True
683,27.28,6,0.9028457403182985,582.7135620117188,530.6136474609375,16.283281,11.949882,True
683,27.28,8,0.9166429042816162,136.9123420715332,400.0016479492188,10.5477705,7.6303205,True
683,27.28,11,0.911297082901001,360.2803039550781,403.0342712402344,13.57397,7.9470496,True
683,27.28,14,0.8488835692405701,633.519775390625,352.2578125,17.307493,6.4960012,True
683,27.28,15,0.9078381657600404,1031.1045837402344,593.4835815429688,21.241795,13.848632,True
683,27.28,17,0.8850769400596619,510.82994079589844,653.6365966796875,15.295889,15.006748,True
683,27.28,20,0.869452953338623,592.2455139160156,357.5787353515625,16.73702,6.638272,True
684,27.32,0,0.9005439877510071,898.189697265625,494.595703125,20.159847,11.17754,True
684,27.32,1,0.91346675157547,481.8072814941406,240.1438446044922,15.377864,2.0083294,True
684,27.32,4,0.6077632904052734,646.1212158203125,313.3895568847656,17.588911,5.1123643,True
684,27.32,6,0.9149296879768372,583.8042602539062,530.8743896484375,16.295906,11.957717,True
684,27.32,8,0.917485237121582,138.29639434814453,400.1780395507813,10.567151,7.6376176,True
684,27.32,11,0.9142556190490724,360.6256866455078,402.7926025390625,13.578548,7.9393992,True
684,27.32,14,0.8703321218490601,632.6393432617188,350.6781311035156,17.299784,6.4398537,True
684,27.32,15,0.9149728417396544,1028.0694885253906,592.58935546875,21.21236,13.825064,True
684,27.32,17,0.877180814743042,511.6893310546875,655.6925659179688,15.303543,15.055081,True
684,27.32,20,0.9049578309059144,587.5545654296875,353.0293273925781,16.68355,6.4747496,True
685,27.36,0,0.8960758447647095,897.9976806640625,493.9132080078125,20.160486,11.158283,True
685,27.36,1,0.9276910424232484,482.9150695800781,241.1181488037109,15.3931675,2.0509613,True
685,27.36,4,0.7988671064376831,645.0619506835938,285.1556091308594,17.659052,4.0422945,True
685,27.36,6,0.9186571836471558,585.0887756347656,530.753173828125,16.31149,11.9552965,True
685,27.36,8,0.9154775738716124,142.5292205810547,399.4253845214844,10.62332,7.616407,True
685,27.36,11,0.9191503524780272,362.1185302734375,402.8962097167969,13.598518,7.94424,True
685,27.36,14,0.8738333582878113,626.0123901367188,352.97442626953125,17.204212,6.513155,True
685,27.36,15,0.914509654045105,1024.5899353027344,588.3745727539062,21.19341,13.71972,True
685,27.36,17,0.7988983988761902,512.0921325683594,655.5494995117188,15.308159,15.051955,True
685,27.36,20,0.9313206076622008,575.5842590332031,355.4950866699219,16.516037,6.5483656,True
686,27.4,0,0.8862114548683167,897.2775268554688,493.27239990234375,20.154644,11.139793,True
686,27.4,1,0.929867684841156,483.0121154785156,241.8549346923828,15.3936405,2.0821157,True
686,27.4,4,0.804944634437561,645.2373962402344,282.83502197265625,17.668692,3.9525244,True
686,27.4,6,0.9152560234069824,585.4118041992188,530.93212890625,16.315056,11.960383,True
686,27.4,8,0.9202786087989808,144.8906593322754,399.4707336425781,10.655763,7.6202497,True
686,27.4,11,0.9207367897033693,362.6373596191406,402.7403869628906,13.605432,7.939589,True
686,27.4,14,0.8753875494003296,624.7265319824219,354.2140808105469,17.183666,6.555033,True
686,27.4,15,0.9035800695419312,1023.3125305175781,584.646240234375,21.196613,13.627076,True
686,27.4,17,0.7832895517349243,513.018310546875,655.359130859375,15.318644,15.047992,True
686,27.4,20,0.931699514389038,566.3614501953125,357.0160827636719,16.388002,6.591766,True
687,27.44,0,0.8557512760162354,903.456787109375,493.33642578125,20.228085,11.146075,True
687,27.44,1,0.9230798482894896,485.5376434326172,243.65377807617188,15.428982,2.1612008,True
687,27.44,4,0.8295324444770813,645.2848205566406,282.5788269042969,17.670156,3.9426284,True
687,27.44,6,0.9139455556869508,585.3121948242188,530.4983520507812,16.314592,11.948518,True
687,27.44,8,0.9202617406845092,148.04337310791016,399.1275939941406,10.698128,7.6117764,True
687,27.44,11,0.92648047208786,362.6683044433594,402.6886596679688,13.605838,7.9379106,True
687,27.44,14,0.8749296069145203,627.7757263183594,356.7751159667969,17.218204,6.6472373,True
687,27.44,15,0.8788072466850281,1021.4574584960938,580.305908203125,21.196253,13.518447,True
687,27.44,17,0.7025145888328552,515.3269500732422,655.0379028320312,15.34464,15.041677,True
687,27.44,20,0.9169370532035828,557.6503448486328,360.4754028320313,16.263462,6.7029533,True
688,27.48,0,0.8735387325286865,908.6493835449219,493.6072387695313,20.288813,11.157432,True
688,27.48,1,0.9170161485671996,487.1451721191406,244.8115234375,15.451399,2.211939,True
688,27.48,4,0.8414148092269897,644.6287536621094,283.11572265625,17.65917,3.9626727,True
688,27.48,6,0.9064242243766784,586.6172790527344,530.3572998046875,16.330458,11.945571,True
688,27.48,8,0.918949544429779,151.15151977539062,398.6017150878906,10.739476,7.597095,True
688,27.48,11,0.9206808805465698,364.28001403808594,402.8931274414063,13.627404,7.946194,True
688,27.48,14,0.8716459274291992,624.9433288574219,361.0704956054688,17.169132,6.7928724,True
688,27.48,15,0.8861818313598633,1019.8396301269531,575.4508056640625,21.20097,13.396474,True
688,27.48,17,0.6833882331848145,515.1886749267578,654.1884765625,15.343914,15.02182,True
688,27.48,20,0.8904166221618652,546.7995300292969,360.9783935546875,16.115726,6.70917,True
689,27.52,0,0.9052724838256836,913.3055725097656,494.0177001953125,20.342484,11.1723,True
689,27.52,1,0.9227091073989868,487.257568359375,243.6674041748047,15.454651,2.1641638,True
689,27.52,4,0.837482213973999,643.6241455078125,282.12860107421875,17.647911,3.9230607,True
689,27.52,6,0.890227198600769,588.7193908691406,530.4947509765625,16.35539,11.950744,True
689,27.52,8,0.9114869832992554,153.45099258422852,398.741455078125,10.771272,7.6040635,True
689,27.52,11,0.9175552129745485,365.19129943847656,403.1318664550781,13.639607,7.954939,True
689,27.52,14,0.8620597720146179,618.4355773925781,368.3534240722656,17.063826,7.0360403,True
689,27.52,15,0.847327709197998,1018.4458923339844,568.593017578125,21.217716,13.223405,True
689,27.52,20,0.8677093386650085,538.1328582763672,361.4901123046875,15.997509,6.7179494,True
690,27.56,0,0.9008606672286988,914.1976928710938,493.9744567871094,20.3533,11.171735,True
690,27.56,1,0.9222500920295716,488.4980163574219,243.3472137451172,15.473621,2.1524599,True
690,27.56,4,0.835586667060852,643.2253112792969,283.9393005371094,17.636688,3.992898,True
690,27.56,6,0.879671573638916,592.2073364257812,530.5509643554688,16.39704,11.954651,True
690,27.56,8,0.9084426164627076,156.40840911865234,396.5904846191406,10.80695,7.534347,True
690,27.56,11,0.9116671681404114,369.9848937988281,403.4106750488281,13.703649,7.9686875,True
690,27.56,14,0.8424785733222961,589.7916870117188,377.68365478515625,16.660416,7.3238935,True
690,27.56,15,0.9056091904640198,1015.8270874023438,564.7402954101562,21.206478,13.124389,True
690,27.56,20,0.8641715049743652,513.9588623046875,361.777587890625,15.669313,6.7029023,True
691,27.6,0,0.8956083059310913,914.3882446289062,493.4373168945313,20.357943,11.156831,True
691,27.6,1,0.9201274514198304,488.9236755371094,244.97283935546875,15.477707,2.2211547,True
691,27.6,4,0.8504962921142578,639.862060546875,285.748779296875,17.583408,4.0588384,True
691,27.6,6,0.8847891688346863,592.2576293945312,530.7361450195312,16.39732,11.959721,True
691,27.6,8,0.9084367752075196,157.75312042236328,396.1623229980469,10.824429,7.521191,True
691,27.6,11,0.9090593457221984,369.90692138671875,403.10589599609375,13.702588,7.958563,True
691,27.6,14,0.8895257115364075,580.6168212890625,372.8959655761719,16.548018,7.1527014,True
691,27.6,15,0.9091362357139589,1014.728515625,564.3909301757812,21.19574,13.114864,True
691,27.6,20,0.8542443513870239,501.8197326660156,363.4713439941406,15.502261,6.7491026,True
691,27.6,17,0.554672122001648,515.5958251953125,652.8922729492188,15.349695,14.991793,True
692,27.64,0,0.879115879535675,913.8735961914062,494.0743713378906,20.348999,11.174297,True
692,27.64,1,0.9151942133903505,490.12220764160156,245.6135711669922,15.4946785,2.2496045,True
692,27.64,4,0.8539087176322937,639.9548645019531,286.8017578125,17.581556,4.0996532,True
692,27.64,6,0.8895578384399414,595.1233520507812,530.8458251953125,16.43141,11.964654,True
692,27.64,8,0.8989574313163757,160.19591522216797,395.2955627441406,10.856007,7.4942627,True
692,27.64,11,0.9126214981079102,371.11106872558594,402.9548645019531,13.718658,7.954725,True
692,27.64,14,0.9116393327713012,574.32275390625,373.1861572265625,16.46325,7.156259,True
692,27.64,15,0.9105470776557922,1014.8782348632812,564.494384765625,21.196938,13.1175785,True
692,27.64,20,0.859626829624176,495.7037048339844,362.069091796875,15.420947,6.6941056,True
693,27.68,0,0.8684578537940979,913.7848815917969,494.1580810546875,20.347572,11.176577,True
693,27.68,1,0.915317177772522,492.2989807128906,244.5902557373047,15.528591,2.209824,True
693,27.68,4,0.8722941875457764,639.7798461914062,285.744873046875,17.582253,4.0585856,True
693,27.68,6,0.8879644274711609,598.9496459960938,530.9763793945312,16.476934,11.970806,True
693,27.68,8,0.91075336933136,166.5164566040039,395.344482421875,10.942762,7.5021663,True
693,27.68,11,0.9085871577262878,372.1620178222656,403.4049682617188,13.73271,7.970566,True
693,27.68,14,0.8771393299102783,568.3295593261719,379.8478698730469,16.370249,7.3756123,True
693,27.68,15,0.9147297739982604,1015.4251708984375,564.00439453125,21.205435,13.105477,True
693,27.68,20,0.870836079120636,491.91075134277344,364.5239562988281,15.366455,6.775345,True
694,27.72,0,0.8738757967948914,914.7186279296875,494.1028442382813,20.358936,11.175706,True
694,27.72,1,0.917083501815796,494.13990783691406,244.36151123046875,15.556378,2.2028027,True
694,27.72,4,0.8786511421203613,639.6689453125,285.59552001953125,17.581127,4.0526705,True
694,27.72,6,0.8743491172790527,601.468994140625,531.9945068359375,16.505213,12.000155,True
694,27.72,8,0.898189902305603,166.4451446533203,394.96588134765625,10.940977,7.489275,True
694,27.72,11,0.9080973863601683,372.7044372558594,403.2518310546875,13.739944,7.966032,True
694,27.72,14,0.8434005975723267,559.9075317382812,380.8593444824219,16.256172,7.401348,True
694,27.72,15,0.9264392256736756,1016.0759887695312,562.9740600585938,21.217678,13.079705,True
694,27.72,20,0.870510458946228,484.5977783203125,370.1703796386719,15.260892,6.962621,True
695,27.76,0,0.8633164763450623,912.9519653320312,493.7691955566406,20.339367,11.165086,True
695,27.76,1,0.886221170425415,502.96409606933594,237.35379028320312,15.698981,1.9201894,True
695,27.76,4,0.8718520402908325,639.5950012207031,285.93658447265625,17.57905,4.0657735,True
695,27.76,6,0.8664427995681763,602.3402099609375,531.3834838867188,16.516727,11.984167,True
695,27.76,8,0.892574667930603,168.9437713623047,395.480224609375,10.976309,7.509158,True
695,27.76,11,0.906230628490448,373.2883758544922,402.9048156738281,13.747727,7.9551425,True
695,27.76,14,0.8388894200325012,559.276123046875,380.0874633789063,16.249166,7.374751,True
695,27.76,15,0.9196389317512512,1015.697509765625,563.2981567382812,21.211864,13.08771,True
695,27.76,17,0.7368366718292236,516.3498077392578,649.6295776367188,15.36126,14.915862,True
695,27.76,20,0.8913253545761108,475.3458709716797,373.0260925292969,15.132799,7.051169,True
696,27.8,0,0.865616500377655,912.5888061523438,493.6873779296875,20.335402,11.162532,True
696,27.8,1,0.8808997273445129,504.86073303222656,238.45559692382807,15.725627,1.969442,True
696,27.8,4,0.8744296431541443,638.3865966796875,285.5404968261719,17.563078,4.04896,True
696,27.8,6,0.8659732341766357,602.8878173828125,531.7460327148438,16.522612,11.994378,True
696,27.8,8,0.8627325892448425,171.85670471191406,395.0363159179688,11.015288,7.4970098,True
696,27.8,11,0.8995709419250488,373.35838317871094,403.3353271484375,13.748675,7.9694057,True
696,27.8,14,0.8185034990310669,559.513671875,380.4583740234375,16.251656,7.3874707,True
696,27.8,15,0.920882284641266,1015.5263061523438,563.2903442382812,21.209967,13.087408,True
696,27.8,17,0.7905528545379639,516.1536407470703,648.0025024414062,15.360651,14.877589,True
696,27.8,20,0.9035261869430542,471.5099639892578,374.7864685058594,15.079261,7.107488,True
697,27.84,0,0.8755301237106323,911.306396484375,493.85247802734375,20.319397,11.166226,True
697,27.84,1,0.8696194291114807,507.8195495605469,241.3327178955078,15.765191,2.0947988,True
697,27.84,4,0.8810762763023376,637.8071899414062,286.2409362792969,17.552755,4.075341,True
697,27.84,6,0.8733754754066467,603.618408203125,531.4159545898438,16.53194,11.985917,True
697,27.84,8,0.8750813603401184,171.7416000366211,394.86322021484375,11.013351,7.491035,True
697,27.84,11,0.8934076428413391,375.8374786376953,402.9231262207031,13.7817545,7.958168,True
697,27.84,14,0.8544250130653381,555.4849548339844,386.83697509765625,16.186628,7.5972047,True
697,27.84,15,0.9202901721000672,1015.3214721679688,562.5671997070312,21.21109,13.068905,True
697,27.84,17,0.7589626312255859,516.1064910888672,646.5687255859375,15.36152,14.8438635,True
697,27.84,20,0.8854544758796692,466.62269592285156,382.7752075195313,15.006013,7.373872,True
698,27.88,0,0.8754194378852844,909.2782592773438,493.56878662109375,20.296474,11.15681,True
698,27.88,1,0.8877301812171936,509.4945831298828,240.6539764404297,15.79132,2.0686004,True
698,27.88,4,0.8768087029457092,637.4511413574219,286.3572082519531,17.547352,4.079398,True
698,27.88,6,0.8749287128448486,603.65234375,531.6405029296875,16.531937,11.992034,True
698,27.88,8,0.8930671215057373,174.1321029663086,395.4617309570313,11.047333,7.5136538,True
698,27.88,11,0.8871302008628845,377.4995880126953,402.5785827636719,13.80394,7.9483824,True
698,27.88,14,0.8839424848556519,547.8777160644531,388.5783996582031,16.082706,7.647844,True
698,27.88,15,0.9227728843688964,1015.896728515625,561.1083374023438,21.224537,13.032126,True
698,27.88,17,0.7925015091896057,515.7837219238281,647.7684326171875,15.356744,14.8719015,True
698,27.88,20,0.8666565418243408,459.0083770751953,389.82080078125,14.897945,7.603085,True
699,27.92,0,0.8874401450157166,906.0745239257812,493.4870300292969,20.258644,11.152196,True
699,27.92,1,0.8904560208320618,511.15106201171875,241.10183715820312,15.815305,2.0897453,True
699,27.92,4,0.8709993958473206,637.7361145019531,287.44189453125,17.548162,4.1216407,True
699,27.92,6,0.8755625486373901,603.698486328125,531.9296264648438,16.53196,11.999909,True
699,27.92,8,0.8955883383750916,176.0700225830078,395.4425048828125,11.073827,7.514916,True
699,27.92,11,0.8781872391700745,377.7574920654297,402.1429138183594,13.807388,7.9342494,True
699,27.92,14,0.8663621544837952,540.3877868652344,387.23248291015625,15.98552,7.5957403,True
699,27.92,15,0.9251506328582764,1015.6081237792969,560.0147094726562,21.22649,13.004071,True
699,27.92,17,0.8384047150611877,515.8924865722656,651.4561157226562,15.354387,14.958389,True
699,27.92,20,0.8627012968063354,452.7531433105469,392.2752075195313,14.812455,7.678929,True
700,27.96,0,0.8964901566505432,907.3541259765625,492.41400146484375,20.278587,11.123031,True
700,27.96,1,0.8665425777435303,514.2481689453125,239.4510955810547,15.864362,2.0246117,True
700,27.96,4,0.8580208420753479,637.209716796875,290.8758544921875,17.530508,4.2531505,True
700,27.96,6,0.863298773765564,604.4455871582031,531.2776489257812,16.542076,11.982726,True
700,27.96,8,0.9063008427619934,179.74472045898435,394.7044372558594,11.122652,7.4935694,True
700,27.96,11,0.8452827334403992,384.1186218261719,403.7934875488281,13.892176,7.9946995,True
700,27.96,14,0.8424660563468933,529.5633239746094,389.5003662109375,15.838215,7.6608157,True
700,27.96,15,0.9267658591270448,1015.2464294433594,555.3780517578125,21.244576,12.885214,True
700,27.96,17,0.7734091281890869,515.721923828125,647.9041748046875,15.355922,14.875058,True
700,27.96,20,0.8163894414901733,439.2354278564453,394.1026916503906,14.630732,7.7267103,True
701,28.0,0,0.8801982402801514,907.1243286132812,490.3114013671875,20.285051,11.063768,True
701,28.0,1,0.8576048016548157,514.6824645996094,240.25228881835935,15.869469,2.058953,True
701,28.0,4,0.8540806174278259,637.2684326171875,293.7367248535156,17.522892,4.362775,True
701,28.0,6,0.8692337274551392,604.9327697753906,531.0830688476562,16.548252,11.977775,True
701,28.0,8,0.9062584042549132,181.0814666748047,394.44720458984375,11.140445,7.4861813,True
701,28.0,11,0.8477404713630676,386.8680114746094,404.0030212402344,13.928793,8.004198,True
701,28.0,14,0.8437407612800598,527.9778747558594,389.564208984375,15.817068,7.6614075,True
701,28.0,15,0.919488251209259,1014.7822265625,553.2352294921875,21.249596,12.829858,True
701,28.0,17,0.7126399278640747,515.0769958496094,651.6868896484375,15.345071,14.96337,True
701,28.0,20,0.8241831064224243,434.1162414550781,389.2444152832031,14.565146,7.5595336,True
702,28.04,0,0.8982831239700317,907.39990234375,489.2841796875,20.292852,11.035038,True
702,28.04,1,0.8594329357147217,513.9339447021484,244.1964263916016,15.85155,2.2233267,True
702,28.04,4,0.8579713106155396,637.1669006347656,297.03955078125,17.511757,4.488516,True
702,28.04,6,0.8199496269226074,605.5872802734375,531.0908813476562,16.556059,11.978432,True
702,28.04,8,0.9148876070976256,184.06087493896484,394.4409484863281,11.181227,7.4889145,True
702,28.04,11,0.8437259197235107,386.5826873779297,404.5944519042969,13.924934,8.023379,True
702,28.04,14,0.8513253331184387,521.0508117675781,389.6796875,15.724894,7.6585526,True
702,28.04,15,0.9146029353141784,1014.2169799804688,548.2288208007812,21.267298,12.700247,True
702,28.04,17,0.7948973178863525,513.847900390625,651.6512451171875,15.331398,14.961912,True
702,28.04,20,0.8310200572013855,429.40892028808594,389.9642639160156,14.501651,7.5790563,True
703,28.08,0,0.8990469574928284,907.7986755371094,489.2120971679688,20.297935,11.0332985,True
703,28.08,1,0.8708112835884094,513.472412109375,241.12307739257807,15.849913,2.0938773,True
703,28.08,4,0.8629031777381897,637.1431884765625,297.6133117675781,17.509745,4.5102854,True
703,28.08,6,0.8744422793388367,605.8857116699219,531.0819091796875,16.55964,11.978391,True
703,28.08,8,0.9160423278808594,187.1493682861328,394.6541442871094,11.22391,7.499182,True
703,28.08,11,0.8484022617340088,385.8698272705078,404.2349548339844,13.915473,8.010883,True
703,28.08,14,0.8626965880393982,514.6861419677734,390.9248046875,15.638608,7.6938224,True
703,28.08,15,0.9206700921058656,1014.6815490722656,543.885009765625,21.293669,12.587709,True
703,28.08,17,0.8809495568275452,510.8877716064453,653.2008056640625,15.296938,14.996609,True
703,28.08,20,0.8383488059043884,421.9830017089844,391.5252990722656,14.40137,7.6240582,True
704,28.12,0,0.904960572719574,908.3742065429688,489.03656005859375,20.305588,11.028772,True
704,28.12,1,0.867929220199585,514.0669708251953,240.27655029296875,15.860236,2.0591133,True
704,28.12,4,0.8624246716499329,637.2407836914062,298.4220886230469,17.50875,4.5410953,True
704,28.12,6,0.8744205236434937,606.0273132324219,530.3993530273438,16.562593,11.959948,True
704,28.12,8,0.9160144925117492,191.65061950683594,394.8214111328125,11.285803,7.509284,True
704,28.12,11,0.861803412437439,385.69422912597656,404.4539794921875,13.913115,8.0179205,True
704,28.12,14,0.8761635422706604,508.0585021972656,391.3402099609375,15.55001,7.7012367,True
704,28.12,15,0.919367790222168,1013.9862976074219,539.1539916992188,21.308788,12.46365,True
704,28.12,17,0.8994572162628174,509.8599548339844,653.0239868164062,15.285646,14.991961,True
704,28.12,20,0.828174889087677,421.90830993652344,390.3217468261719,14.400912,7.5837145,True
705,28.16,0,0.9057235717773438,911.6972351074219,487.4529418945313,20.352327,10.986524,True
705,28.16,1,0.8613080382347107,514.6266784667969,240.0165100097656,15.869041,2.0489526,True
705,28.16,4,0.8815937638282776,637.6049194335938,298.22412109375,17.514452,4.5340214,True
705,28.16,6,0.8757973909378052,607.0278930664062,530.8971557617188,16.57363,11.974152,True
705,28.16,8,0.92372328042984,202.71228790283203,394.3240051269531,11.436118,7.503379,True
705,28.16,11,0.8460599184036255,390.6280822753906,403.4367370605469,13.978953,7.989121,True
705,28.16,14,0.8659323453903198,501.6211700439453,389.8135986328125,15.466336,7.6442075,True
705,28.16,15,0.8947593569755554,1010.0302429199219,532.3711547851562,21.296541,12.282499,True
705,28.16,17,0.903264820575714,507.7985382080078,644.556640625,15.270406,14.792166,True
705,28.16,20,0.7982737421989441,419.9896240234375,391.6750793457031,14.374594,7.627127,True
706,28.2,0,0.908029079437256,912.7645263671875,486.0700378417969,20.371248,10.948213,True
706,28.2,1,0.8634200692176819,514.297607421875,237.6005096435547,15.868291,1.9465904,True
706,28.2,4,0.8669560551643372,637.5368041992188,298.90240478515625,17.511509,4.559658,True
706,28.2,6,0.8722889423370361,607.8952331542969,530.4727783203125,16.584782,11.963215,True
706,28.2,8,0.930439293384552,206.54220581054688,394.435302734375,11.488639,7.51092,True
706,28.2,11,0.8212376832962036,390.16380310058594,404.0447998046875,13.972687,8.008691,True
706,28.2,14,0.8448880910873413,505.7040710449219,389.6502685546875,15.520879,7.6427197,True
706,28.2,15,0.8844366073608398,1008.138427734375,530.5337524414062,21.283743,12.2326,True
706,28.2,17,0.8959499001502991,506.5592956542969,643.5450439453125,15.257439,14.767638,True
706,28.2,20,0.8037534356117249,417.87109375,394.6379089355469,14.34499,7.7239056,True
707,28.24,0,0.9088534116744996,914.3356323242188,483.7286682128906,20.400532,10.8830185,True
707,28.24,1,0.8562636971473694,513.6536254882812,238.0298309326172,15.857917,1.9638227,True
707,28.24,4,0.8706920742988586,637.8154296875,298.8835754394531,17.515482,4.559277,True
707,28.24,6,0.8687093257904053,608.25,530.3262329101562,16.589293,11.959475,True
707,28.24,8,0.9336017966270448,209.90314483642578,394.5794677734375,11.534781,7.5191054,True
707,28.24,11,0.7619461417198181,390.105712890625,403.7975158691406,13.971946,8.000501,True
707,28.24,14,0.874793291091919,494.9588928222656,390.58935546875,15.376722,7.663603,True
707,28.24,15,0.884509801864624,1006.0067138671875,529.7163696289062,21.26315,12.209512,True
707,28.24,17,0.8984211087226868,505.22930908203125,638.3318481445312,15.24724,14.643364,True
707,28.24,20,0.7881711721420288,416.3580322265625,393.3507995605469,14.325261,7.6795564,True
708,28.28,0,0.9071252346038818,916.3563842773438,480.9770812988281,20.437153,10.806279,True
708,28.28,1,0.8553231358528137,513.3679504394531,237.38153076171875,15.854754,1.9360248,True
708,28.28,4,0.8700132966041565,638.24267578125,298.8689880371094,17.521532,4.5592337,True
708,28.28,6,0.8736490607261658,609.0494079589844,530.078125,16.599312,11.953277,True
708,28.28,8,0.928659975528717,212.6496353149414,393.5210571289063,11.5705185,7.4860306,True
708,28.28,11,0.6910680532455444,394.8961639404297,403.44921875,14.035802,7.993574,True
708,28.28,14,0.864025354385376,491.13714599609375,391.0454711914063,15.325323,7.675094,True
708,28.28,15,0.8814243674278259,1004.2789611816406,529.036376953125,21.246523,12.190312,True
708,28.28,17,0.8885138034820557,504.0628204345703,637.2667846679688,15.235072,14.617401,True
708,28.28,20,0.7563802599906921,413.1123352050781,395.346435546875,14.281078,7.742891,True
709,28.32,0,0.8988928198814392,918.6807250976562,478.3934326171875,20.476795,10.734296,True
709,28.32,1,0.8406558632850647,512.9078063964844,237.2605133056641,15.848075,1.9302592,True
709,28.32,4,0.8674113750457764,639.5901184082031,299.1491394042969,17.539648,4.5714545,True
709,28.32,6,0.8682823777198792,610.2809143066406,530.181396484375,16.613834,11.956923,True
709,28.32,8,0.9197179079055786,217.09197998046875,395.000732421875,11.633575,7.540409,True
709,28.32,11,0.700911819934845,392.2572937011719,404.1169738769531,14.000553,8.013044,True
709,28.32,14,0.8768033981323242,486.34539794921875,391.355712890625,15.261183,7.6807895,True
709,28.32,15,0.879953920841217,1002.5921630859375,527.4632568359375,21.23471,12.147348,True
709,28.32,17,0.8725893497467041,503.4410705566406,634.6078491210938,15.230459,14.553639,True
709,28.32,20,0.7416605949401855,411.4794921875,393.5611267089844,14.259858,7.681847,True
710,28.36,0,0.8843321204185486,923.0824584960938,474.45220947265625,20.547838,10.624678,True
710,28.36,1,0.867141604423523,511.7381896972656,237.58758544921875,15.8300085,1.9424411,True
710,28.36,4,0.8718277215957642,641.583251953125,298.46954345703125,17.569674,4.5480804,True
710,28.36,6,0.8777700662612915,612.0523986816406,529.9017944335938,16.635532,11.95053,True
710,28.36,8,0.9139910340309144,229.2632827758789,404.5179748535156,11.81353,7.8710194,True
710,28.36,14,0.8883721828460693,481.2510223388672,393.58056640625,15.191034,7.749827,True
710,28.36,15,0.885660707950592,999.2338562011719,524.6863403320312,21.209385,12.071021,True
710,28.36,17,0.8918127417564392,503.1614990234375,636.2470703125,15.225835,14.592623,True
710,28.36,20,0.8265191316604614,401.6273193359375,404.446533203125,14.125166,8.032727,True
710,28.36,11,0.5442820191383362,404.5994110107422,388.890869140625,14.168988,7.5187917,True
711,28.4,0,0.8800097107887268,923.2291564941406,473.49066162109375,20.554039,10.597147,True
711,28.4,1,0.863138735294342,511.179443359375,237.5516662597656,15.821705,1.940136,True
711,28.4,4,0.8633245825767517,643.00830078125,298.9922180175781,17.588144,4.5695863,True
711,28.4,6,0.8738941550254822,611.9322814941406,529.8355712890625,16.634222,11.948648,True
711,28.4,8,0.9133122563362122,231.63299560546875,411.1277160644531,11.855063,8.091925,True
711,28.4,14,0.8766188025474548,482.0287780761719,393.50482177734375,15.201456,7.748061,True
711,28.4,15,0.8813872933387756,997.8561401367188,523.4974975585938,21.199207,12.038292,True
711,28.4,17,0.895261287689209,502.8442687988281,638.25439453125,15.2204685,14.640266,True
711,28.4,20,0.8091023564338684,406.6590881347656,404.9406433105469,14.191919,8.053694,True
711,28.4,11,0.5055207014083862,404.3951721191406,386.144287109375,14.1670065,7.426109,True
712,28.44,0,0.8695226311683655,924.2071533203125,473.5470581054688,20.565575,10.599512,True
712,28.44,1,0.868154764175415,511.5400085449219,238.27500915527344,15.825879,1.9712052,True
712,28.44,4,0.8658123016357422,644.5857849121094,298.7048645019531,17.61117,4.560582,True
712,28.44,6,0.8815724849700928,611.9888305664062,529.9013061523438,16.634773,11.950474,True
712,28.44,8,0.926838219165802,231.9376983642578,417.4490966796875,11.868129,8.299316,True
712,28.44,11,0.6057169437408447,403.29071044921875,387.0308227539063,14.151884,7.454914,True
712,28.44,14,0.8810468316078186,480.4049377441406,393.3605041503906,15.180005,7.7417083,True
712,28.44,15,0.8897004127502441,998.9456176757812,521.0736694335938,21.22369,11.974016,True
712,28.44,17,0.8967238068580627,503.09071350097656,639.4631958007812,15.222163,14.669129,True
712,28.44,20,0.8381236791610718,403.7679138183594,405.809814453125,14.153269,8.079474,True
713,28.48,0,0.870934247970581,925.0353393554688,473.9871520996094,20.573526,10.612795,True
713,28.48,1,0.8725723028182983,512.1558532714844,239.0344696044922,15.833803,2.0041173,True
713,28.48,4,0.8696901798248291,645.7022705078125,299.44158935546875,17.624636,4.589808,True
713,28.48,6,0.8884242177009583,612.434326171875,530.2185668945312,16.639496,11.959399,True
713,28.48,8,0.9161512851715088,238.15512084960938,420.7413330078125,11.955809,8.412151,True
713,28.48,14,0.8765938878059387,477.6974792480469,392.5948181152344,15.144746,7.7136607,True
713,28.48,15,0.8911639451980591,998.3350524902344,517.4329833984375,21.23445,11.875571,True
713,28.48,17,0.8952924013137817,503.4165954589844,641.4512939453125,15.224052,14.716463,True
713,28.48,20,0.8187151551246643,405.3899536132813,407.0046691894531,14.174477,8.120123,True
713,28.48,11,0.5845637321472168,403.04248046875006,391.02294921875,14.147487,7.588804,True
714,28.52,0,0.8719534277915955,925.5938720703125,473.7516784667969,20.58135,10.60645,True
714,28.52,1,0.8675096035003662,511.6061706542969,239.2115631103516,15.825285,2.0108132,True
714,28.52,4,0.8721766471862793,646.3173828125,300.051025390625,17.631435,4.6135893,True
714,28.52,6,0.8922688961029053,612.7048034667969,530.2431640625,16.642681,11.960252,True
714,28.52,8,0.9077101349830629,240.81775665283203,421.0437622070313,11.991755,8.424412,True
714,28.52,14,0.8480996489524841,480.69728088378906,386.0515441894531,15.191439,7.4980083,True
714,28.52,15,0.8854213953018188,997.1382141113281,514.1290283203125,21.23676,11.785377,True
714,28.52,17,0.8923539519309998,504.2132873535156,640.446044921875,15.233904,14.693048,True
714,28.52,20,0.7267625331878662,411.2895965576172,410.8454895019531,14.251442,8.250899,True
714,28.52,11,0.56766676902771,401.8003845214844,393.0025024414063,14.130309,7.653816,True
715,28.56,0,0.8696502447128296,927.2335205078125,474.465087890625,20.597807,10.628195,True
715,28.56,1,0.868520975112915,511.0233612060547,238.62368774414065,15.817562,1.9851984,True
715,28.56,4,0.8638079166412354,649.0080261230469,301.2387390136719,17.665577,4.6616344,True
715,28.56,6,0.9031023383140564,611.9432983398438,530.2464599609375,16.633575,11.959823,True
715,28.56,8,0.8922724723815918,254.15216064453125,422.2687377929688,12.17105,8.476321,True
715,28.56,11,0.8434301614761353,400.1672058105469,401.72607421875,14.106376,7.941804,True
715,28.56,14,0.8371751308441162,476.3812255859375,377.203125,15.142563,7.1947536,True
715,28.56,15,0.8848715424537659,994.6831359863281,510.7879028320313,21.224548,11.692897,True
715,28.56,17,0.8902597427368164,506.0797882080078,644.2760009765625,15.251397,14.784652,True
715,28.56,20,0.7804266810417175,407.86163330078125,416.0970458984375,14.204521,8.417871,True
716,28.6,0,0.8645839691162109,928.2257995605469,474.1171875,20.611382,10.618953,True
716,28.6,1,0.8686931729316711,510.9041290283203,239.58892822265625,15.814157,2.025734,True
716,28.6,4,0.8715183138847351,649.4136047363281,302.52667236328125,17.667347,4.7106504,True
716,28.6,6,0.9041287899017334,611.94482421875,530.1219482421875,16.63383,11.956441,True
716,28.6,8,0.8935633897781372,261.1361541748047,422.9992980957031,12.264835,8.506317,True
716,28.6,11,0.8127167820930481,395.5364685058594,402.80908203125,14.044447,7.9731045,True
716,28.6,14,0.8497233390808105,474.9096221923828,382.2425537109375,15.117752,7.3640842,True
716,28.6,15,0.8845606446266174,993.6827697753906,510.3035583496094,21.215233,11.679009,True
716,28.6,17,0.9007710814476012,506.61407470703125,645.0324096679688,15.256698,14.802776,True
716,28.6,20,0.6825953125953674,415.21153259277344,417.8234558105469,14.300703,8.480233,True
717,28.64,0,0.8553171753883362,929.2703247070312,474.30908203125,20.623074,10.6252575,True
717,28.64,1,0.868846595287323,510.50677490234375,239.5326232910156,15.808312,2.0228047,True
717,28.64,4,0.8721699118614197,649.4557189941406,302.2835693359375,17.668674,4.7015467,True
717,28.64,6,0.9004223346710205,611.8084411621094,529.6785888671875,16.63304,11.944296,True
717,28.64,8,0.8984984755516052,265.91661071777344,422.34423828125,12.3277025,8.489539,True
717,28.64,11,0.6941373944282532,396.73805236816406,400.8879089355469,14.060833,7.910877,True
717,28.64,14,0.8669398427009583,474.16053771972656,379.777099609375,15.110117,7.279936,True
717,28.64,15,0.8852986097335815,993.3605346679688,510.0357666015625,21.212782,11.671486,True
717,28.64,17,0.9052820801734924,507.2342224121094,643.4207153320312,15.265121,14.765051,True
717,28.64,20,0.8197329640388489,408.17784118652344,416.4136352539063,14.208592,8.428377,True
718,28.68,0,0.8519920706748962,929.4654846191406,474.5565185546875,20.624273,10.632511,True
718,28.68,1,0.8694406151771545,510.5337829589844,239.74639892578125,15.808357,2.0318494,True
718,28.68,4,0.873460054397583,649.8172607421875,302.30010986328125,17.673689,4.7025967,True
718,28.68,6,0.8980312943458557,611.2132263183594,528.7908325195312,16.627602,11.919736,True
718,28.68,8,0.9124789834022522,269.19120025634766,422.43951416015625,12.371347,8.495613,True
718,28.68,14,0.8773200511932373,473.4330749511719,383.9761962890625,15.096253,7.421093,True
718,28.68,15,0.8778101205825806,992.1414794921875,509.7789306640625,21.199778,11.663638,True
718,28.68,17,0.906706154346466,508.42018127441406,640.8672485351562,15.2807865,14.705236,True
718,28.68,20,0.8448658585548401,406.5982360839844,416.4217529296875,14.1877775,8.427192,True
718,28.68,11,0.5719929933547974,394.2845916748047,401.1011352539063,14.028064,7.9155827,True
719,28.72,0,0.8451738357543945,931.985107421875,473.8922119140625,20.657732,10.61534,True
719,28.72,1,0.8698502779006958,509.9972839355469,239.9498443603516,15.800001,2.0396671,True
719,28.72,4,0.8716427683830261,650.9219055175781,304.73394775390625,17.681736,4.795376,True
719,28.72,6,0.8961575031280518,610.7173156738281,528.1243286132812,16.622929,11.901243,True
719,28.72,8,0.92001211643219,269.2049255371094,422.1217651367188,12.371201,8.485363,True
719,28.72,11,0.6824994087219238,397.018798828125,407.0646667480469,14.063345,8.114234,True
719,28.72,14,0.864924430847168,472.9490661621094,377.3854370117188,15.096151,7.1975183,True
719,28.72,15,0.8689985275268555,992.168701171875,509.4917297363281,21.20151,11.655822,True
719,28.72,17,0.904009222984314,509.48992919921875,638.2780151367188,15.295226,14.644325,True
719,28.72,20,0.8635635375976562,399.0988464355469,417.390869140625,14.088718,8.451581,True
720,28.76,0,0.8531613349914551,934.9588928222656,473.4305725097656,20.69573,10.604329,True
720,28.76,1,0.879951000213623,508.4706115722656,239.0094146728516,15.778739,1.9978895,True
720,28.76,4,0.8830263614654541,652.9654235839844,304.76055908203125,17.710215,4.798774,True
720,28.76,6,0.89116370677948,611.3739013671875,526.6630249023438,16.633554,11.861836,True
720,28.76,8,0.9170599579811096,276.2355270385742,420.6780395507813,12.463264,8.445134,True
720,28.76,11,0.7634793519973755,396.9139862060547,407.065185546875,14.061954,8.114153,True
720,28.76,14,0.8560155034065247,469.2408447265625,376.8605041503906,15.046679,7.1759367,True
720,28.76,15,0.8693228960037231,991.6256713867188,508.00921630859375,21.202446,11.61495,True
720,28.76,17,0.910059690475464,509.8590393066406,633.4130249023438,15.303967,14.528484,True
720,28.76,20,0.869771420955658,390.84617614746094,421.9695739746094,13.97931,8.591221,True
721,28.8,0,0.8670886754989624,935.8504333496094,473.9031066894531,20.704247,10.618585,True
721,28.8,1,0.8924751877784729,508.0393981933594,239.04209899902344,15.772235,1.9986631,True
721,28.8,4,0.8826782703399658,653.9334106445312,304.8537292480469,17.723452,4.8034043,True
721,28.8,6,0.8871161937713623,612.2413024902344,526.6104736328125,16.644043,11.860998,True
721,28.8,8,0.9114643931388856,280.8448028564453,415.6319274902344,12.51988,8.28554,True
721,28.8,11,0.756206750869751,396.3984680175781,403.1744689941406,14.05586,7.9859533,True
721,28.8,14,0.8558975458145142,468.6598205566406,371.7347412109375,15.043638,7.0001307,True
721,28.8,15,0.8625317811965942,990.2147521972656,506.8778381347656,21.191475,11.583009,True
721,28.8,17,0.9072836637496948,509.9432067871094,629.0655517578125,15.309045,14.424239,True
721,28.8,20,0.8299912810325623,388.13392639160156,421.9762878417969,13.943656,8.588981,True
722,28.84,0,0.8606650829315186,936.5869750976562,474.257568359375,20.711445,10.629323,True
722,28.84,1,0.8951600193977356,506.80633544921875,239.2177276611328,15.753505,2.004341,True
722,28.84,4,0.8723762631416321,654.9557800292969,305.4301147460937,17.735958,4.8262053,True
722,28.84,6,0.8906664252281189,612.8652954101562,525.9632568359375,16.652752,11.84375,True
722,28.84,8,0.912378430366516,283.1528091430664,413.0293273925781,12.548308,8.202728,True
722,28.84,11,0.7473925352096558,396.85890197753906,406.53076171875,14.061327,8.096602,True
722,28.84,14,0.8656314015388489,466.1016540527344,372.7189025878906,15.008114,7.031286,True
722,28.84,15,0.8601476550102234,988.4821472167969,505.8669738769531,21.176117,11.554096,True
722,28.84,17,0.9062723517417908,510.01361083984375,637.9447631835938,15.301431,14.636675,True
722,28.84,20,0.8260833621025085,385.08763122558594,422.4892883300781,13.903561,8.602659,True
723,28.88,0,0.8616980314254761,938.7040710449219,474.9707946777344,20.73356,10.651392,True
723,28.88,1,0.8855798244476318,504.96917724609375,239.7042388916016,15.725244,2.0222766,True
723,28.88,4,0.8677215576171875,655.9000854492188,305.1938171386719,17.749872,4.8184595,True
723,28.88,6,0.8927127122879028,612.6399841308594,525.0671997070312,16.651764,11.819096,True
723,28.88,8,0.8949164748191833,289.9565200805664,404.8155517578125,12.632246,7.938953,True
723,28.88,11,0.7618722319602966,402.7496337890625,407.9433898925781,14.139199,8.148341,True
723,28.88,14,0.8585759401321411,465.7171173095703,373.1378784179688,15.002532,7.0452514,True
723,28.88,15,0.8452856540679932,986.1636352539062,503.6798706054688,21.159624,11.492397,True
723,28.88,17,0.9059550166130066,510.1676330566406,637.7291259765625,15.303367,14.631625,True
723,28.88,20,0.8343366980552673,382.3017883300781,421.4618835449219,13.866989,8.567201,True
724,28.92,0,0.8544654846191406,937.6353454589844,475.4711608886719,20.718338,10.664931,True
724,28.92,1,0.8900024890899658,501.5486755371094,239.61924743652344,15.674217,2.0138984,True
724,28.92,4,0.8590243458747864,656.9867858886719,305.94744873046875,17.762709,4.8479543,True
724,28.92,6,0.8965590596199036,612.489501953125,524.759033203125,16.650549,11.810559,True
724,28.92,8,0.8734806776046753,297.2314453125,400.1389770507813,12.726319,7.7906947,True
724,28.92,14,0.8611078858375549,463.8369750976563,374.0381774902344,14.976304,7.0741673,True
724,28.92,15,0.8573662042617798,986.0434875488281,502.8053588867188,21.16251,11.468241,True
724,28.92,17,0.905589997768402,509.62498474121094,628.3057250976562,15.306167,14.405782,True
724,28.92,20,0.7847126722335815,371.6581115722656,420.5738525390625,13.726812,8.52901,True
725,28.96,0,0.8563430309295654,936.4878234863281,476.4976501464844,20.699701,10.693467,True
725,28.96,1,0.8933384418487549,493.9058837890625,242.45997619628903,15.555666,2.1227508,True
725,28.96,4,0.8708924651145935,660.0650634765625,307.7782287597656,17.799925,4.919957,True
725,28.96,6,0.8897055387496948,612.9777221679688,522.4978637695312,16.66074,11.7489195,True
725,28.96,8,0.8465654850006104,308.5447692871094,395.9116516113281,12.875857,7.660494,True
725,28.96,11,0.6347588896751404,399.3486022949219,415.564697265625,14.092408,8.392863,True
725,28.96,14,0.8659781217575073,459.7463684082031,375.2252807617188,14.919996,7.1106195,True
725,28.96,15,0.8794403076171875,981.9979858398438,501.919677734375,21.119236,11.440978,True
725,28.96,17,0.9183228015899658,508.2921905517578,626.8124389648438,15.292486,14.369071,True
725,28.96,20,0.8179208636283875,372.613525390625,418.7471008300781,13.739335,8.471079,True
726,29.0,0,0.8632436394691467,934.1058959960938,477.1392822265625,20.668056,10.710033,True
726,29.0,1,0.901209831237793,491.85008239746094,241.080078125,15.526938,2.0618618,True
726,29.0,4,0.8823084831237793,661.2288208007812,307.6658020019531,17.816488,4.917118,True
726,29.0,6,0.8863041400909424,613.5568237304688,522.3038330078125,16.668066,11.743994,True
726,29.0,8,0.8555025458335876,310.13597106933594,396.04296875,12.897434,7.666437,True
726,29.0,11,0.79755038022995,401.30352783203125,418.3685607910156,14.117535,8.485086,True
726,29.0,14,0.8690583109855652,459.4220886230469,375.7806701660156,14.915148,7.129257,True
726,29.0,15,0.8873646855354309,978.9928283691406,502.1479797363281,21.082731,11.445153,True
726,29.0,17,0.9180427193641664,505.98179626464844,635.2343139648438,15.258542,14.569951,True
726,29.0,20,0.8377314805984497,364.4556884765625,419.49310302734375,13.631716,8.487664,True
727,29.04,0,0.8584144711494446,932.1581420898438,477.6064147949219,20.642464,10.721927,True
727,29.04,1,0.9020697474479676,486.0815734863281,245.40093994140625,15.434727,2.2351239,True
727,29.04,4,0.8897039294242859,661.231689453125,308.4100341796875,17.814194,4.944874,True
727,29.04,6,0.8804702162742615,613.3626098632812,523.3284912109375,16.663765,11.771975,True
727,29.04,8,0.8453719615936279,315.97802734375,395.6202392578125,12.976039,7.657967,True
727,29.04,11,0.752113401889801,396.7906494140625,419.6531066894531,14.057864,8.522286,True
727,29.04,14,0.8715313076972961,458.4630889892578,374.7954406738281,14.903014,7.094637,True
727,29.04,15,0.8984417915344238,973.7196350097656,502.9637451171875,21.016674,11.463923,True
727,29.04,17,0.9245855808258056,504.74261474609375,638.8003540039062,15.24134,14.654247,True
727,29.04,20,0.8581167459487915,364.3620300292969,420.6846008300781,13.63062,8.525929,True
728,29.08,0,0.85285884141922,930.9471740722656,479.2705383300781,20.620178,10.768542,True
728,29.08,1,0.9063803553581238,482.22145080566406,251.82550048828125,15.368755,2.497097,True
728,29.08,4,0.8868817090988159,661.2632751464844,309.24249267578125,17.812025,4.975915,True
728,29.08,6,0.893681526184082,615.402587890625,525.7130737304688,16.68363,11.838659,True
728,29.08,8,0.8580405116081238,315.5785675048828,393.6971435546875,12.969471,7.593101,True
728,29.08,11,0.7639278769493103,389.6937255859375,417.2808837890625,13.964748,8.439425,True
728,29.08,14,0.8637170195579529,455.21473693847656,375.966064453125,14.858165,7.13135,True
728,29.08,15,0.9185415506362916,969.472900390625,503.18060302734375,20.965614,11.4669075,True
728,29.08,17,0.9195689558982848,501.71302795410156,643.3824462890625,15.2032175,14.761278,True
728,29.08,20,0.861475944519043,361.3803405761719,419.9451904296875,13.591179,8.499418,True
729,29.12,0,0.8398746848106384,930.5849304199219,478.7604064941406,20.618195,10.753714,True
729,29.12,1,0.9023486971855164,482.526123046875,254.71087646484372,15.36953,2.6166482,True
729,29.12,4,0.8799635171890259,661.9254455566406,310.3572998046875,17.81774,5.018138,True
729,29.12,6,0.888973593711853,615.7212829589844,527.033935546875,16.684896,11.874945,True
729,29.12,8,0.8520625829696655,317.712890625,394.9234619140625,12.999045,7.6363177,True
729,29.12,11,0.7208520174026489,389.367919921875,413.2895202636719,13.960941,8.309979,True
729,29.12,14,0.8782280683517456,453.0969696044922,374.458251953125,14.830724,7.077687,True
729,29.12,15,0.9188942909240724,964.5137023925781,503.2280883789063,20.906958,11.464722,True
729,29.12,17,0.915996789932251,498.4007263183594,640.9841918945312,15.168099,14.70277,True
729,29.12,20,0.8973944187164307,355.33363342285156,421.69140625,13.511693,8.55008,True
730,29.16,0,0.8356190919876099,929.1238403320312,479.7777099609375,20.595938,10.781642,True
730,29.16,1,0.9143942594528198,479.9475402832031,247.33680725097656,15.340726,2.307491,True
730,29.16,4,0.9044013023376464,660.1561889648438,312.2425842285156,17.787283,5.0860424,True
730,29.16,6,0.8871991634368896,614.2454223632812,530.6332397460938,16.66034,11.971895,True
730,29.16,8,0.7796651721000671,326.2498474121094,384.76318359375,13.109124,7.3017826,True
730,29.16,11,0.7991312146186829,383.3040313720703,415.4663696289063,13.880561,8.374928,True
730,29.16,14,0.8752368688583374,448.93402099609375,376.7926940917969,14.772682,7.153236,True
730,29.16,15,0.9055962562561036,957.8152465820312,503.7229614257813,20.82567,11.473641,True
730,29.16,17,0.8936330080032349,491.81544494628906,648.1478881835938,15.088267,14.868507,True
730,29.16,20,0.8227832913398743,343.1310272216797,416.7740783691406,13.349042,8.380276,True
731,29.2,0,0.8197634816169739,928.7594604492188,476.918212890625,20.604797,10.699682,True
731,29.2,1,0.9096913933753968,477.03013610839844,247.5986175537109,15.296921,2.3143866,True
731,29.2,4,0.901009738445282,658.615966796875,312.0946960449219,17.766356,5.0787873,True
731,29.2,6,0.8958104252815247,612.6513366699219,528.97021484375,16.64446,11.925601,True
731,29.2,8,0.6364502906799316,331.47821044921875,401.2080383300781,13.187624,7.8591304,True
731,29.2,11,0.7905223965644836,379.8784637451172,411.4580383300781,13.835409,8.241646,True
731,29.2,14,0.8654087781906128,443.8989715576172,375.5944213867188,14.7054615,7.1072545,True
731,29.2,15,0.8922463059425354,956.6965637207031,503.58251953125,20.81314,11.468983,True
731,29.2,17,0.8918508291244507,486.03065490722656,644.6326904296875,15.026172,14.782679,True
731,29.2,20,0.850439727306366,329.2726135253906,414.6809387207031,13.164269,8.299534,True
732,29.24,0,0.8067732453346252,926.2119140625,472.8590698242188,20.592943,10.581241,True
732,29.24,1,0.9191102385520936,475.20135498046875,249.17567443847656,15.26774,2.3775473,True
732,29.24,4,0.8977999091148376,658.3255004882812,312.0348205566406,17.762506,5.0762334,True
732,29.24,6,0.9028913974761964,613.2806396484375,530.5505981445312,16.648975,11.968995,True
732,29.24,8,0.7796589136123657,339.9199981689453,396.1049499511719,13.299028,7.6974225,True
732,29.24,11,0.7510002255439758,369.3949890136719,408.759765625,13.696153,8.1438,True
732,29.24,14,0.8723611235618591,438.8580017089844,378.2507019042969,14.63557,7.192811,True
732,29.24,15,0.9018142819404602,955.0014343261719,503.0129089355469,20.795818,11.45208,True
732,29.24,17,0.8985639214515686,482.8480224609375,644.95849609375,14.990193,14.788724,True
732,29.24,20,0.8569959402084351,323.4252014160156,412.5953369140625,13.085439,8.226153,True
733,29.28,0,0.7237228155136108,922.5126647949219,479.5597839355469,20.51754,10.770477,True
733,29.28,1,0.9225172400474548,471.7349548339844,249.9154510498047,15.215259,2.4035463,True
733,29.28,4,0.9015130996704102,657.6380310058594,312.0465087890625,17.752924,5.075874,True
733,29.28,6,0.8949266076087952,612.0415954589844,531.27294921875,16.632809,11.987761,True
733,29.28,8,0.7444639801979065,329.2543640136719,391.08990478515625,13.152991,7.5188327,True
733,29.28,11,0.7653963565826416,360.5107727050781,409.7567443847656,13.578112,8.168082,True
733,29.28,14,0.8824658989906311,435.0016326904297,377.1086730957031,14.584142,7.150007,True
733,29.28,15,0.8938618898391724,955.4793090820312,502.3064270019531,20.804766,11.432919,True
733,29.28,17,0.8842328190803528,479.07603454589844,644.9041748046875,14.947876,14.785484,True
733,29.28,20,0.8068773150444031,321.4054870605469,411.5464782714844,13.057967,8.190011,True
734,29.32,0,0.6282867193222046,923.7149658203125,478.9111328125,20.534958,10.752865,True
734,29.32,1,0.9234582781791688,469.49005126953125,247.62368774414065,15.184477,2.3050346,True
734,29.32,4,0.8954185843467712,655.5690002441406,312.85772705078125,17.721704,5.103544,True
734,29.32,6,0.8917010426521301,612.7398986816406,532.1136474609375,16.639551,12.011031,True
734,29.32,8,0.7900444865226746,343.57493591308594,392.111572265625,13.346906,7.567231,True
734,29.32,11,0.6504503488540649,350.53758239746094,408.1324462890625,13.444986,8.105557,True
734,29.32,14,0.876685380935669,430.98170471191406,376.8709106445313,14.52989,7.1378455,True
734,29.32,15,0.8885980248451233,951.2304077148438,501.7841796875,20.757046,11.415485,True
734,29.32,17,0.8976749181747437,477.5511474609375,637.8772583007812,14.935748,14.617952,True
734,29.32,20,0.8226509690284729,327.1223449707031,410.4400329589844,13.133638,8.159171,True
735,29.36,1,0.9107305407524108,464.38026428222656,244.57452392578125,15.111571,2.1703954,True
735,29.36,4,0.9021379351615906,650.918701171875,313.3435974121094,17.655672,5.1161814,True
735,29.36,6,0.9012059569358826,609.5785522460938,534.37451171875,16.597605,12.07008,True
735,29.36,8,0.7935985922813416,344.4425964355469,387.39208984375,13.357089,7.4090133,True
735,29.36,11,0.6509397029876709,339.4132080078125,420.3758239746094,13.301046,8.493237,True
735,29.36,14,0.8814088106155396,422.90272521972656,374.7448120117188,14.421514,7.056953,True
735,29.36,15,0.8610237240791321,932.9817199707031,502.2791137695313,20.539125,11.4162445,True
735,29.36,17,0.8896311521530151,471.2385559082031,644.7356567382812,14.859933,14.777435,True
735,29.36,20,0.8230987787246704,319.7347412109375,418.1774597167969,13.0393505,8.404183,True
736,29.4,0,0.6407245397567749,924.0843811035156,479.5242004394531,20.536585,10.770639,True
736,29.4,1,0.904732346534729,462.6774139404297,245.4019470214844,15.085206,2.2027178,True
736,29.4,4,0.8946312069892883,648.7034301757812,313.1747741699219,17.625414,5.1073833,True
736,29.4,6,0.8953104615211487,610.2062072753906,535.3905639648438,16.603188,12.097942,True
736,29.4,8,0.7192514538764954,346.4642333984375,390.3616638183594,13.385368,7.511217,True
736,29.4,11,0.7731654644012451,343.46136474609375,424.5415344238281,13.355895,8.630748,True
736,29.4,14,0.8541184067726135,421.77528381347656,371.33447265625,14.407793,6.9386125,True
736,29.4,15,0.8285374641418457,919.1804504394531,502.0442504882813,20.376858,11.399961,True
736,29.4,17,0.8981590867042542,468.20343017578125,650.7389526367188,14.821965,14.917263,True
736,29.4,20,0.8284296989440918,306.9398498535156,413.3401794433594,12.866167,8.235092,True
737,29.44,1,0.9101967215538024,459.8870849609375,249.80740356445312,15.038921,2.3827941,True
737,29.44,4,0.8901472687721252,645.0096740722656,313.6545715332031,17.572691,5.1208963,True
737,29.44,6,0.890227198600769,607.9958801269531,536.4236450195312,16.574953,12.124321,True
737,29.44,8,0.7672195434570312,346.72076416015625,386.3055725097656,13.387613,7.3744946,True
737,29.44,11,0.6444057822227478,329.16648864746094,425.6363220214844,13.167864,8.652887,True
737,29.44,14,0.8763502836227417,417.9492950439453,366.5067443847656,14.357796,6.767718,True
737,29.44,15,0.8329405784606934,911.757568359375,503.27734375,20.28357,11.428817,True
737,29.44,17,0.8817770481109619,466.37872314453125,652.3078002929688,14.800544,14.953113,True
737,29.44,20,0.8199954032897949,302.3985900878906,413.09716796875,12.805419,8.222923,True
737,29.44,21,0.5338571667671204,777.2795104980469,668.090576171875,18.193375,15.469541,False
738,29.48,0,0.6844472289085388,925.662841796875,505.59271240234375,20.437813,11.502524,True
738,29.48,1,0.9131803512573242,458.3228454589844,250.7223358154297,15.014682,2.418686,True
738,29.48,4,0.8916912078857422,642.1939697265625,313.7431945800781,17.53332,5.120939,True
738,29.48,6,0.8946875333786011,606.8881530761719,536.5393676757812,16.561554,12.126697,True
738,29.48,8,0.7304170727729797,348.81690979003906,388.0656433105469,13.41651,7.4361043,True
738,29.48,11,0.8008745312690735,328.8267822265625,429.4030456542969,13.165099,8.772814,True
738,29.48,14,0.8742051124572754,412.2355651855469,366.81292724609375,14.279631,6.772439,True
738,29.48,15,0.7915922999382019,908.664794921875,504.27056884765625,20.242659,11.454078,True
738,29.48,17,0.8839012384414673,463.80238342285156,653.010498046875,14.771279,14.968254,True
738,29.48,20,0.8025377988815308,298.9994201660156,408.91058349609375,12.756875,8.082571,True
738,29.48,21,0.5289560556411743,778.7929382324219,666.996826171875,18.212658,15.445539,False
739,29.52,0,0.7015820145606995,927.0876159667969,505.6694030761719,20.454294,11.505638,True
739,29.52,1,0.9129079580307008,457.79327392578125,249.26351928710935,15.008258,2.3572767,True
739,29.52,4,0.8942723274230957,640.8149719238281,314.304443359375,17.512537,5.14012,True
739,29.52,6,0.890352189540863,608.2739562988281,537.3353881835938,16.576578,12.149067,True
739,29.52,8,0.7351787090301514,352.0627746582031,387.1834716796875,13.460205,7.4094987,True
739,29.52,11,0.8463255763053894,330.9784240722656,429.52191162109375,13.193445,8.778521,True
739,29.52,14,0.8662508726119995,410.4154052734375,366.3648071289063,14.254919,6.754994,True
739,29.52,15,0.7815831899642944,899.656982421875,505.7834167480469,20.12959,11.489477,True
739,29.52,17,0.9032432436943054,462.31170654296875,654.2418212890625,14.753865,14.996297,True
739,29.52,20,0.8510611057281494,290.2371063232422,412.20611572265625,12.642294,8.182424,True
739,29.52,21,0.5299546122550964,780.7333374023438,666.24755859375,18.235655,15.429514,False
740,29.56,0,0.7813599109649658,915.5851135253906,506.5084228515625,20.314777,11.520656,True
740,29.56,1,0.9241079092025756,451.6640167236328,249.41278076171875,14.916676,2.355061,True
740,29.56,4,0.9087428450584412,637.6777648925781,315.0174560546875,17.466923,5.162879,True
740,29.56,6,0.906131148338318,606.5859375,540.1472778320312,16.551352,12.223503,True
740,29.56,8,0.7061620950698853,356.693115234375,375.7959899902344,13.520557,7.025842,True
740,29.56,11,0.854174792766571,326.9871520996094,433.656494140625,13.142902,8.906168,True
740,29.56,14,0.8686208128929138,413.1829833984375,368.0235290527344,14.292116,6.815401,True
740,29.56,15,0.7839136123657227,895.0303039550781,506.7601013183594,20.070728,11.513144,True
740,29.56,17,0.9056671857833862,457.77842712402344,654.9907836914062,14.702741,15.0114975,True
740,29.56,20,0.8560606837272644,280.1504364013672,404.14251708984375,12.499728,7.9073033,True
741,29.6,0,0.7930180430412292,918.7394104003906,484.3724365234375,20.450417,10.904546,True
741,29.6,1,0.915237545967102,451.0735321044922,246.1779327392578,14.910856,2.2191212,True
741,29.6,4,0.9108007550239564,637.2698364257812,315.0379943847656,17.461199,5.1631703,True
741,29.6,6,0.899640679359436,606.3795471191406,541.0823974609375,16.547195,12.248434,True
741,29.6,8,0.7376951575279236,358.5026092529297,371.9214172363281,13.544525,6.894082,True
741,29.6,11,0.8693697452545166,325.89976501464844,435.2655029296875,13.129413,8.956062,True
741,29.6,14,0.8836363554000854,414.4523162841797,368.1304321289063,14.309397,6.8204126,True
741,29.6,15,0.8435735106468201,894.086669921875,507.1155090332031,20.058077,11.52227,True
741,29.6,17,0.9174715876579284,456.73606872558594,653.501220703125,14.691915,14.976145,True
741,29.6,20,0.8683546185493469,278.57459259033203,403.5203552246094,12.477908,7.8851643,True
742,29.64,0,0.81606525182724,918.1658935546875,486.3171081542969,20.434793,10.959186,True
742,29.64,1,0.9176502227783204,448.64068603515625,249.0942230224609,14.871838,2.3376226,True
742,29.64,4,0.9161269664764404,636.3010559082031,315.1725769042969,17.447363,5.1670322,True
742,29.64,6,0.9077268838882446,605.9605102539062,542.9332275390625,16.538858,12.297683,True
742,29.64,8,0.7032028436660767,364.35015869140625,365.6155090332031,13.623711,6.6810637,True
742,29.64,11,0.8854362368583679,323.2806701660156,435.05767822265625,13.094995,8.947188,True
742,29.64,14,0.8619577288627625,411.1961364746094,368.2478942871094,14.264917,6.821127,True
742,29.64,15,0.8631856441497803,894.9247131347656,505.82757568359375,20.073393,11.487361,True
742,29.64,17,0.9204340577125548,454.7581176757813,652.8486328125,14.670129,14.95986,True
742,29.64,20,0.8877267837524414,275.78868103027344,403.1037902832031,12.4399605,7.8686686,True
743,29.68,0,0.7961273789405823,913.9792785644531,486.87310791015625,20.382208,10.97182,True
743,29.68,1,0.909083127975464,446.8201904296875,246.3692169189453,14.84703,2.2212324,True
743,29.68,4,0.9093172550201416,631.2405700683594,316.9591064453125,17.372108,5.2271714,True
743,29.68,6,0.9151583909988404,605.203125,544.7395629882812,16.526615,12.345404,True
743,29.68,8,0.695580780506134,364.97813415527344,362.26220703125,13.631931,6.5644007,True
743,29.68,11,0.8963602185249329,321.4476013183594,436.5798645019531,13.071762,8.993604,True
743,29.68,14,0.8622304201126099,409.78187561035156,367.6001892089844,14.245835,6.7972193,True
743,29.68,15,0.8360745906829834,889.6766052246094,506.9332885742188,20.006657,11.514151,True
743,29.68,17,0.9200919270515442,452.86647033691406,653.1893920898438,14.648762,14.966876,True
743,29.68,20,0.8724108338356018,274.5259323120117,403.1141357421875,12.422951,7.867801,True
744,29.72,0,0.8025092482566833,907.6603088378906,485.61041259765625,20.31215,10.931431,True
744,29.72,1,0.9068859815597534,444.4060516357422,250.64524841308597,14.807293,2.3963912,True
744,29.72,4,0.9138413667678832,630.6311950683594,317.5604248046875,17.36199,5.248631,True
744,29.72,6,0.9138754606246948,605.304443359375,545.8093872070312,16.525887,12.373975,True
744,29.72,8,0.787543535232544,371.83876037597656,360.413330078125,13.726306,6.5066977,True
744,29.72,11,0.8861826062202454,327.6485900878906,439.4224853515625,13.154231,9.088434,True
744,29.72,14,0.8401347994804382,408.6364440917969,366.9192504882813,14.230417,6.772409,True
744,29.72,15,0.8614934682846069,884.1462707519531,507.0628662109375,19.940657,11.513833,True
744,29.72,17,0.9147211909294128,450.1855163574219,653.6138916015625,14.618519,14.97545,True
744,29.72,20,0.8776605129241943,273.4328842163086,402.6231689453125,12.407714,7.8504424,True
745,29.76,0,0.8338740468025208,907.1973571777344,488.3073120117188,20.294724,11.0073395,True
745,29.76,1,0.8911567330360413,440.6723327636719,249.5626678466797,14.752436,2.3461757,True
745,29.76,4,0.8880811929702759,624.5208129882812,317.27545166015625,17.27799,5.231157,True
745,29.76,6,0.9055954813957214,604.558349609375,548.3980102539062,16.512413,12.442296,True
745,29.76,8,0.7233834862709045,361.85093688964844,361.35345458984375,13.58871,6.5292115,True
745,29.76,11,0.8989797234535217,326.2386169433594,440.4851684570313,13.13632,9.120527,True
745,29.76,14,0.8814911842346191,406.6357421875,360.8971862792969,14.204951,6.5602865,True
745,29.76,15,0.8455052971839905,853.8348388671875,498.5447692871094,19.61448,11.255951,True
745,29.76,17,0.9309489727020264,444.5558166503906,649.3151245117188,14.557502,14.871668,True
745,29.76,20,0.8822948336601257,272.8007507324219,400.64202880859375,12.397142,7.783895,True
746,29.8,0,0.8641278147697449,903.8821411132812,495.3157653808594,20.224577,11.201804,True
746,29.8,1,0.8764503598213196,438.85902404785156,249.05979919433597,14.725733,2.3227036,True
746,29.8,4,0.8862874507904053,620.3114929199219,319.2885437011719,17.214205,5.300461,True
746,29.8,6,0.9053054451942444,604.0334777832031,550.0342407226562,16.50329,12.485328,True
746,29.8,8,0.7550827264785767,362.64727783203125,352.36334228515625,13.598364,6.212062,True
746,29.8,11,0.9014647603034972,325.54750061035156,442.5632934570313,13.128291,9.184946,True
746,29.8,14,0.8557424545288086,405.9146728515625,355.62652587890625,14.196667,6.374094,True
746,29.8,15,0.8060092329978943,857.6685180664062,463.0788269042969,19.803719,10.244248,True
746,29.8,17,0.924161434173584,441.54991149902344,649.265625,14.523755,14.868956,True
746,29.8,20,0.8843000531196594,272.6747741699219,400.4799499511719,12.395273,7.7783704,True
747,29.84,0,0.8724179863929749,906.4317321777344,488.77783203125,20.283499,11.020052,True
747,29.84,1,0.8775470852851868,435.54656982421875,248.0548553466797,14.676947,2.2761545,True
747,29.84,4,0.8713636994361877,619.8476867675781,320.22869873046875,17.205288,5.3344674,True
747,29.84,6,0.907275915145874,606.79833984375,551.5780029296875,16.533136,12.527954,True
747,29.84,8,0.7713276743888855,362.2858428955078,347.68023681640625,13.59263,6.044283,True
747,29.84,11,0.9205415844917296,324.18736267089844,444.44927978515625,13.111487,9.242615,True
747,29.84,14,0.8516213297843933,409.9989776611328,348.87261962890625,14.255344,6.138701,True
747,29.84,15,0.8599256873130798,841.6754150390625,493.2727355957031,19.489462,11.09932,True
747,29.84,17,0.8977826237678528,435.9539337158203,650.7396850585938,14.460251,14.90076,True
747,29.84,20,0.8853310346603394,275.2662658691406,400.4231262207031,12.430218,7.7789774,True
748,29.88,0,0.9020906090736388,903.6075744628906,487.7439270019531,20.254238,10.988793,True
748,29.88,1,0.8216643333435059,432.13897705078125,251.19541931152344,14.623776,2.4024372,True
748,29.88,4,0.8879150748252869,613.2628784179688,320.4611511230469,17.11342,5.33553,True
748,29.88,6,0.9133546352386476,606.2360534667969,552.67822265625,16.524534,12.556641,True
748,29.88,8,0.7815004587173462,366.6107940673828,343.6337585449219,13.652439,5.903432,True
748,29.88,11,0.9186191558837892,323.6085510253906,448.2100830078125,13.105803,9.358994,True
748,29.88,14,0.6742449402809143,389.97352600097656,345.12420654296875,13.978205,5.9827137,True
748,29.88,15,0.8890845775604248,832.9056396484375,492.9582214355469,19.385431,11.084057,True
748,29.88,17,0.9107884168624878,433.47935485839844,651.6068725585938,14.432112,14.919868,True
748,29.88,20,0.8878092765808105,278.6694641113281,399.1471252441406,12.474926,7.739692,True
749,29.92,0,0.9025227427482604,899.2222595214844,490.0715026855469,20.191658,11.051235,True
749,29.92,1,0.8405053615570068,432.8462677001953,249.97335815429688,14.635188,2.3525183,True
749,29.92,4,0.8976197242736816,612.0116882324219,321.54931640625,17.093294,5.3740277,True
749,29.92,6,0.917351484298706,603.8997192382812,553.8692626953125,16.494896,12.586539,True
749,29.92,8,0.7833664417266846,362.8894348144531,340.19659423828125,13.599934,5.774948,True
749,29.92,11,0.9003295302391052,325.9659881591797,453.2450866699219,13.138752,9.5164795,True
749,29.92,14,0.8198795914649963,418.8072204589844,343.3701171875,14.379773,5.9511886,True
749,29.92,15,0.8969732522964478,827.6345825195312,495.30462646484375,19.313374,11.146232,True
749,29.92,17,0.8705592751502991,425.4243469238281,654.3140869140625,14.340722,14.979247,True
749,29.92,20,0.875152587890625,282.07486724853516,397.56591796875,12.519444,7.6901374,True
750,29.96,0,0.8989114761352539,886.0535278320312,490.019775390625,20.034332,11.040134,True
750,29.96,1,0.8321790099143982,426.2195129394531,255.34402465820312,14.532815,2.5663965,True
750,29.96,4,0.9028403162956238,607.9255981445312,324.5728454589844,17.029102,5.4799976,True
750,29.96,6,0.921619176864624,601.5382080078125,556.228515625,16.462957,12.647093,True
750,29.96,8,0.7975435853004456,359.4279022216797,339.548828125,13.551301,5.747585,True
750,29.96,11,0.9328444004058838,330.4331970214844,465.6501159667969,13.201719,9.898469,True
750,29.96,14,0.8444842100143433,424.89402770996094,342.8226928710937,14.4646225,5.9381633,True
750,29.96,15,0.9106964468955994,823.9527893066406,494.9993286132813,19.270342,11.134973,True
750,29.96,17,0.8824828863143921,416.2505798339844,654.6671752929688,14.237692,14.982848,True
750,29.96,20,0.8396629095077515,294.8365173339844,399.1105651855469,12.693197,7.7541084,True
751,30.0,0,0.8856204152107239,880.5933532714844,485.9320373535156,19.986073,10.920525,True
751,30.0,1,0.8466640114784241,422.6035614013672,253.52728271484372,14.479987,2.4862413,True
751,30.0,4,0.8984382152557373,603.918701171875,326.47607421875,16.969019,5.5448666,True
751,30.0,6,0.916962504386902,598.7911987304688,557.3173828125,16.428776,12.6739235,True
751,30.0,8,0.7984990477561951,357.086181640625,334.9052429199219,13.517469,5.5756335,True
751,30.0,11,0.935916781425476,334.8634338378906,468.0843505859375,13.259385,9.975514,True
751,30.0,14,0.8502813577651978,419.17449951171875,342.1163635253906,14.385448,5.9064655,True
751,30.0,15,0.9150577783584596,818.4721374511719,494.57806396484375,19.206106,11.11913,True
751,30.0,17,0.8997854590415955,409.9525451660156,657.5045166015625,14.166337,15.045999,True
751,30.0,20,0.8354840278625488,300.8890686035156,398.42974853515625,12.7743225,7.7372446,True
752,30.04,0,0.8431249856948853,874.6768798828125,486.6366882324219,19.912075,10.936125,True
752,30.04,1,0.8449164628982544,421.540771484375,254.8129425048828,14.463417,2.538061,True
752,30.04,4,0.8984069228172302,603.6114807128906,326.9304504394531,16.963663,5.561055,True
752,30.04,6,0.9243966341018676,596.7152404785156,557.1796264648438,16.404612,12.668983,True
752,30.04,8,0.7856969833374023,353.51585388183594,340.0555114746094,13.468491,5.7594223,True
752,30.04,11,0.8934826850891113,348.22735595703125,470.1330871582031,13.430659,10.047919,True
752,30.04,14,0.8655477166175842,421.9318542480469,340.6595764160156,14.424508,5.856961,True
752,30.04,15,0.9325518608093262,813.1481323242188,497.2356262207031,19.132563,11.189921,True
752,30.04,17,0.8947988152503967,404.11976623535156,657.861083984375,14.100878,15.051375,True
752,30.04,20,0.8465752005577087,303.49864196777344,397.7360229492188,12.809019,7.7166076,True
753,30.08,0,0.8858784437179565,859.0655517578125,483.0675048828125,19.738846,10.823063,True
753,30.08,1,0.8618990182876587,421.263916015625,254.7262420654297,14.459338,2.5340948,True
753,30.08,4,0.8730470538139343,600.282470703125,327.66241455078125,16.915926,5.5839477,True
753,30.08,6,0.924825131893158,595.7059020996094,557.557861328125,16.392103,12.678264,True
753,30.08,8,0.7578907012939453,354.2316436767578,331.98779296875,13.476561,5.465377,True
753,30.08,11,0.8596916198730469,356.0128173828125,471.1343383789063,13.530078,10.084207,True
753,30.08,14,0.8556143045425415,424.2265319824219,341.7357177734375,14.455901,5.8982973,True
753,30.08,15,0.9406834840774536,809.0870361328125,499.4138488769531,19.076082,11.247999,True
753,30.08,17,0.892992377281189,399.8388671875,658.4530639648438,14.052779,15.063029,True
753,30.08,20,0.8436364531517029,301.3179931640625,404.9822387695313,12.785004,7.9552903,True
754,30.12,0,0.8811232447624207,853.2923889160156,481.2978210449219,19.676311,10.768217,True
754,30.12,1,0.8561446666717529,420.3705291748047,257.6249694824219,14.444462,2.6526027,True
754,30.12,4,0.8471980690956116,600.3064880371094,329.5846252441406,16.911638,5.6537247,True
754,30.12,6,0.928693413734436,593.7871398925781,556.99365234375,16.3705,12.662231,True
754,30.12,8,0.7557140588760376,348.8966369628906,323.4978942871094,13.39864,5.144912,True
754,30.12,11,0.8432989716529846,357.33253479003906,472.7541809082031,13.547159,10.133708,True
754,30.12,14,0.870809018611908,429.42283630371094,344.06768798828125,14.526833,5.9878488,True
754,30.12,15,0.935934841632843,805.2105712890625,497.70318603515625,19.03568,11.197283,True
754,30.12,17,0.8958299160003662,395.8362121582031,656.3646850585938,14.008177,15.012212,True
754,30.12,20,0.7948432564735413,301.91014099121094,397.028564453125,12.787053,7.6914215,True
755,30.16,0,0.8442689180374146,858.0645751953125,478.4297790527344,19.745554,10.68967,True
755,30.16,1,0.8593955636024475,421.84765625,256.2550048828125,14.46719,2.5980957,True
755,30.16,4,0.897649884223938,596.2665710449219,331.108154296875,16.852348,5.7043886,True
755,30.16,6,0.9358757138252258,589.398193359375,556.4966430664062,16.319702,12.64637,True
755,30.16,8,0.7776231169700623,350.0789337158203,320.6804504394531,13.414613,5.041021,True
755,30.16,11,0.8843240141868591,363.4089050292969,474.58795166015625,13.624622,10.193261,True
755,30.16,14,0.8493801355361938,430.6042938232422,352.575439453125,14.538353,6.2924824,True
755,30.16,15,0.9376920461654664,794.6743774414062,497.44287109375,18.91011,11.18234,True
755,30.16,17,0.8833344578742981,386.36192321777344,660.2325439453125,13.901483,15.097727,True
755,30.16,20,0.8682912588119507,315.1322326660156,398.429931640625,12.966344,7.751021,True
756,30.2,0,0.8846583366394043,846.0989379882812,478.3199768066406,19.601196,10.677472,True
756,30.2,1,0.8355402946472168,420.3623352050781,253.7958526611328,14.4464,2.4943173,True
756,30.2,4,0.9113308191299438,593.7894592285156,331.2269287109375,16.817944,5.7059407,True
756,30.2,6,0.938072681427002,586.7027587890625,556.7333984375,16.287592,12.6508665,True
756,30.2,8,0.7589907646179199,348.6897277832031,321.57916259765625,13.395102,5.073032,True
756,30.2,11,0.907864511013031,368.8622283935547,475.0018005371094,13.693851,10.209929,True
756,30.2,14,0.8593142628669739,441.06158447265625,343.7353210449219,14.688454,5.98862,True
756,30.2,15,0.932261288166046,780.3585815429688,499.4422607421875,18.731377,11.228048,True
756,30.2,17,0.8694913983345032,380.5310516357422,660.6520385742188,13.836084,15.104568,True
756,30.2,20,0.8639021515846252,317.879150390625,400.0793151855469,13.004309,7.8085904,True
757,30.24,0,0.9021252393722534,841.8946533203125,478.652587890625,19.548973,10.683844,True
757,30.24,1,0.8124404549598694,418.32542419433594,256.9557189941406,14.414383,2.62224,True
757,30.24,4,0.9087141156196594,590.0940246582031,332.06939697265625,16.765097,5.7322993,True
757,30.24,6,0.9349080324172974,583.0867004394531,555.9966430664062,16.246214,12.629181,True
757,30.24,8,0.7553677558898926,347.5172576904297,325.1760559082031,13.379571,5.2058024,True
757,30.24,11,0.9056457281112672,372.94688415527344,475.78466796875,13.745672,10.236458,True
757,30.24,14,0.8871339559555054,443.032958984375,343.2611389160156,14.716115,5.9737535,True
757,30.24,15,0.9325548410415648,765.0959777832031,498.1243591308594,18.552172,11.180005,True
757,30.24,17,0.855100154876709,372.50634765625,660.8173217773438,13.746072,15.104384,True
757,30.24,20,0.8922480940818787,322.2081756591797,400.6272583007813,13.062826,7.830962,True
758,30.28,0,0.9062979817390442,838.5880432128906,482.5700378417969,19.493675,10.793548,True
758,30.28,1,0.828851580619812,422.7735137939453,255.6582489013672,14.481311,2.5747004,True
758,30.28,4,0.9041779637336732,586.3380432128906,331.9718933105469,16.713572,5.7246237,True
758,30.28,6,0.9416534900665284,579.782958984375,557.1299438476562,16.205503,12.656859,True
758,30.28,8,0.7522056698799133,347.46380615234375,324.690185546875,13.3786545,5.187666,True
758,30.28,11,0.8976098895072937,385.7792205810547,457.15625,13.909699,9.686338,True
758,30.28,14,0.8982561826705933,448.0359191894531,342.9515380859375,14.785696,5.968102,True
758,30.28,15,0.9192301034927368,748.1187438964844,498.6149597167969,18.346136,11.181459,True
758,30.28,17,0.8597989082336426,366.98692321777344,662.1043090820312,13.684215,15.1315775,True
758,30.28,20,0.8913534283638,323.46417236328125,402.4279479980469,13.080654,7.8918967,True
759,30.32,0,0.9274020791053772,836.1405029296875,484.0326843261719,19.458458,10.83346,True
759,30.32,1,0.8560205101966858,423.75152587890625,257.3621520996094,14.49489,2.6463468,True
759,30.32,4,0.9027038812637328,583.968505859375,332.0683898925781,16.680702,5.7254896,True
759,30.32,6,0.9420515298843384,576.8887939453125,557.3233642578125,16.171125,12.66009,True
759,30.32,8,0.7149598598480225,345.1708068847656,324.7012634277344,13.346083,5.185431,True
759,30.32,11,0.8797830939292908,395.76983642578125,462.4907836914063,14.03682,9.85649,True
759,30.32,14,0.8652931451797485,452.4980926513672,348.0337829589844,14.843431,6.154671,True
759,30.32,15,0.9213369488716124,725.7541809082031,500.35394287109375,18.07128,11.214087,True
759,30.32,17,0.7997458577156067,361.163330078125,660.1511840820312,13.61867,15.083144,True
759,30.32,20,0.8976002335548401,323.37542724609375,403.8628845214844,13.080217,7.9392953,True
760,30.36,0,0.923012912273407,835.6827697753906,486.3777160644531,19.443914,10.8998785,True
760,30.36,1,0.8628864288330078,431.58946228027344,262.9865417480469,14.607626,2.8875175,True
760,30.36,4,0.8132506608963013,543.1427307128906,319.1360168457031,16.140232,5.2067285,True
760,30.36,6,0.9414414763450624,571.3016052246094,557.9423828125,16.104385,12.672778,True
760,30.36,8,0.618312656879425,340.1601104736328,347.57720947265625,13.283973,6.016457,True
760,30.36,11,0.872521162033081,406.2751159667969,466.2279968261719,14.169832,9.977683,True
760,30.36,14,0.8455908298492432,463.2139892578125,352.2865295410156,14.987353,6.317058,True
760,30.36,15,0.9223543405532836,708.3831787109375,502.4573974609375,17.855787,11.260535,True
760,30.36,17,0.7263785004615784,345.2420349121094,671.7907104492188,13.442198,15.344968,False
760,30.36,20,0.9047269821166992,331.734375,405.4163208007813,13.192926,7.998516,True
761,30.4,0,0.9430114030838012,827.81005859375,486.3011169433594,19.349266,10.891851,True
761,30.4,1,0.8880074620246887,434.61669921875,260.14373779296875,14.654396,2.7753077,True
761,30.4,4,0.8254285454750061,547.9817199707031,316.1868591308594,16.213408,5.1029973,True
761,30.4,6,0.9424661993980408,568.80224609375,558.337890625,16.07436,12.681566,True
761,30.4,8,0.6881800889968872,340.4435577392578,354.5898132324219,13.290637,6.267421,True
761,30.4,11,0.8697260022163391,422.71458435058594,466.0032653808594,14.378812,9.984265,True
761,30.4,14,0.7294607758522034,472.6761779785156,347.6319885253906,15.122021,6.162111,True
761,30.4,15,0.9467793703079224,700.4734802246094,501.7902221679688,17.762115,11.236096,True
761,30.4,17,0.8628843426704407,340.37939453125,673.8341064453125,13.388382,15.389573,False
761,30.4,20,0.9018495678901672,339.17356872558594,406.3773193359375,13.292785,8.037203,True
762,30.44,0,0.9431064128875732,824.247802734375,485.5674743652344,19.309036,10.868323,True
762,30.44,1,0.8902677893638611,438.3171844482422,254.40835571289065,14.713556,2.5441623,True
762,30.44,4,0.857153594493866,562.7847595214844,315.11260986328125,16.422739,5.080187,True
762,30.44,6,0.937485933303833,566.4510803222656,557.8837890625,16.047342,12.66814,True
762,30.44,8,0.7027718424797058,339.38099670410156,360.2554626464844,13.278106,6.4668508,True
762,30.44,11,0.8666374087333679,437.37274169921875,466.696044921875,14.564447,10.016909,True
762,30.44,14,0.8622182011604309,468.46730041503906,351.8867492675781,15.059905,6.3085227,True
762,30.44,15,0.9528769850730896,687.9136657714844,501.8278198242188,17.610224,11.228052,True
762,30.44,17,0.8277202844619751,331.61265563964844,676.1812744140625,13.291235,15.439151,False
762,30.44,20,0.907414734363556,346.1345672607422,407.4341430664063,13.386077,8.078504,True
763,30.48,0,0.9354207515716552,820.2459716796875,485.1036376953125,19.262434,10.852127,True
763,30.48,1,0.8640971779823303,441.71215820312506,250.7060394287109,14.767047,2.3952212,True
763,30.48,4,0.8521764874458313,561.81005859375,314.704345703125,16.409931,5.0638833,True
763,30.48,6,0.945399045944214,564.9508056640625,556.8993530273438,16.03111,12.641304,True
763,30.48,8,0.7218574285507202,340.25390625,333.0500793457031,13.279554,5.4886045,True
763,30.48,11,0.8912451863288879,445.4719543457031,465.77728271484375,14.667629,9.995916,True
763,30.48,14,0.8660168647766113,479.7087097167969,351.71746826171875,15.214433,6.31452,True
763,30.48,15,0.9460097551345824,678.1614379882812,493.78265380859375,17.512506,10.99358,True
763,30.48,17,0.8011078834533691,311.0282440185547,681.8123779296875,13.06401,15.557872,False
763,30.48,20,0.9129705429077148,352.4310302734375,409.5796813964844,13.470564,8.15473,True
764,30.52,0,0.932858407497406,813.7143859863281,487.7615661621094,19.173763,10.9229,True
764,30.52,1,0.7283945083618164,447.27667236328125,253.25588989257807,14.8478365,2.5086715,True
764,30.52,4,0.8507077693939209,564.2429809570312,313.9840393066406,16.445477,5.039902,True
764,30.52,6,0.9453534483909608,560.6886291503906,555.8896484375,15.982301,12.611989,True
764,30.52,8,0.8216859102249146,339.06024169921875,314.83404541015625,13.255083,4.8080716,True
764,30.52,11,0.876211404800415,458.3897399902344,465.5303649902344,14.831425,9.998964,True
764,30.52,14,0.8628098964691162,493.7006072998047,351.0802917480469,15.407103,6.3069105,True
764,30.52,15,0.9310526251792908,663.8419494628906,492.3587646484375,17.341589,10.942435,True
764,30.52,17,0.8272097706794739,307.92061614990234,675.5696411132812,13.026483,15.413612,False
764,30.52,20,0.907496988773346,359.76837158203125,413.5476989746094,13.568858,8.290958,True
765,30.56,0,0.8908034563064575,800.6099853515625,470.4114685058594,19.077856,10.413975,True
765,30.56,1,0.8247808218002319,462.38917541503906,253.3482818603516,15.072463,2.5330822,True
765,30.56,4,0.8452816605567932,563.0238342285156,313.1786804199219,16.43006,5.008492,True
765,30.56,6,0.946323812007904,554.26220703125,554.496826171875,15.90837,12.5711155,True
765,30.56,8,0.8790172934532166,331.63722229003906,318.7308654785156,13.150655,4.946294,True
765,30.56,11,0.8528998494148254,478.37220764160156,459.1433715820313,15.089979,9.823064,True
765,30.56,14,0.8400327563285828,527.6512908935547,353.3777160644531,15.868175,6.423872,True
765,30.56,15,0.899871289730072,630.632568359375,491.4224853515625,16.937971,10.89095,True
765,30.56,17,0.8308749198913574,306.60387420654297,655.5595092773438,13.002038,14.947827,True
765,30.56,20,0.911124348640442,373.1506805419922,421.5690612792969,13.746518,8.562336,True
766,30.6,0,0.909126877784729,792.4668273925781,466.95806884765625,18.990633,10.306828,True
766,30.6,1,0.8819512724876404,466.4891052246094,249.01031494140625,15.138166,2.3586931,True
766,30.6,4,0.7956112623214722,562.3127136230469,313.7523803710937,16.418919,5.0290403,True
766,30.6,6,0.9391490817070008,550.3247375488281,555.8414916992188,15.859995,12.604057,True
766,30.6,8,0.8950533270835876,326.05027770996094,320.8241577148437,13.071951,5.0183706,True
766,30.6,11,0.8881545066833496,486.9867248535156,451.5345764160156,15.206851,9.599206,True
766,30.6,14,0.6817120909690857,522.22119140625,354.8653869628906,15.79183,6.4703574,True
766,30.6,15,0.8696574568748474,611.6557312011719,491.2925720214844,16.70574,10.873035,True
766,30.6,17,0.8720903992652893,301.5647430419922,652.6536254882812,12.943455,14.876713,True
766,30.6,20,0.8908708095550537,378.55506896972656,432.4194641113281,13.817475,8.912667,True
767,30.64,0,0.9100832939147948,785.3051147460938,463.5637817382813,18.91479,10.2016,True
767,30.64,1,0.8868350982666016,475.0500030517578,248.58322143554688,15.266208,2.3526845,True
767,30.64,4,0.7573185563087463,560.3186645507812,306.362548828125,16.406057,4.7498946,True
767,30.64,6,0.9427108764648438,546.4522552490234,555.4871215820312,15.814713,12.592219,True
767,30.64,8,0.9166280031204224,324.84864807128906,317.55303955078125,13.052889,4.893962,True
767,30.64,11,0.8718274831771851,493.8443603515625,449.0441589355469,15.296912,9.528841,True
767,30.64,14,0.8229485750198364,546.1315307617188,358.63751220703125,16.110771,6.627153,True
767,30.64,15,0.8575055599212646,597.5401000976562,491.5016784667969,16.532137,10.86845,True
767,30.64,17,0.877790629863739,293.8595275878906,651.7955322265625,12.855517,14.85244,True
767,30.64,20,0.9154215455055236,382.87274169921875,430.17816162109375,13.873985,8.8455925,True
768,30.68,0,0.9019302725791932,780.4384765625,464.9111022949219,18.850214,10.237378,True
768,30.68,1,0.9122011065483092,476.1161804199219,249.01300048828125,15.281558,2.3720367,True
768,30.68,4,0.7766468524932861,559.9487609863281,317.8352355957031,16.37756,5.1778874,True
768,30.68,6,0.9433960914611816,542.9051208496094,556.93603515625,15.770895,12.628132,True
768,30.68,8,0.9153827428817748,324.09568786621094,317.0932312011719,13.041835,4.8757334,True
768,30.68,11,0.8274569511413574,506.5458984375,450.9927978515625,15.456654,9.599,True
768,30.68,14,0.8577293753623962,553.48193359375,368.8609924316406,16.191908,6.9876914,True
768,30.68,15,0.8263517618179321,586.9227600097656,489.9687194824219,16.404465,10.816485,True
768,30.68,17,0.8800933361053467,287.0062026977539,650.6348266601562,12.776923,14.821396,True
768,30.68,20,0.9358968138694764,389.9794921875,433.63861083984375,13.966444,8.9612,True
769,30.72,0,0.898786187171936,779.9077453613281,463.6232299804688,18.84819,10.199094,True
769,30.72,1,0.9185789227485656,477.36744689941406,249.1084899902344,15.300065,2.3777273,True
769,30.72,4,0.7136911749839783,564.9830017089844,327.7990417480469,16.427439,5.549452,True
769,30.72,6,0.9455549716949464,541.7195739746094,556.9008178710938,15.756935,12.626443,True
769,30.72,8,0.9092050194740297,325.4692077636719,316.4615173339844,13.061146,4.8535085,True
769,30.72,11,0.8182644248008728,511.62657165527344,450.3488159179688,15.522113,9.583596,True
769,30.72,14,0.8693170547485352,556.2793273925781,367.0915832519531,16.232754,6.929851,True
769,30.72,15,0.8489513397216797,578.3393859863281,490.2191467285156,16.298403,10.817218,True
769,30.72,17,0.8969050645828247,278.2776412963867,635.0059814453125,12.666624,14.442529,True
769,30.72,20,0.9378170967102052,393.8968505859375,433.5423583984375,14.017509,8.961615,True
770,30.76,0,0.8972667455673218,765.2935180664062,460.8858642578125,18.677525,10.106775,True
770,30.76,1,0.9085124731063844,475.32696533203125,248.562255859375,15.270358,2.3521924,True
770,30.76,4,0.6437819600105286,567.6413879394531,327.53399658203125,16.46481,5.542773,True
770,30.76,6,0.9403941035270692,537.8284454345703,559.6612548828125,15.707486,12.696542,True
770,30.76,8,0.9075329303741456,328.13084411621094,314.5096130371094,13.098215,4.782842,True
770,30.76,14,0.851496696472168,565.3598327636719,364.62786865234375,16.35968,6.8543944,True
770,30.76,15,0.8013090491294861,548.2698364257812,482.135009765625,15.9396715,10.560452,True
770,30.76,17,0.8821033835411072,270.5692367553711,625.8546752929688,12.570941,14.215626,True
770,30.76,20,0.9197572469711304,396.54197692871094,433.4027404785156,14.051998,8.959543,True
770,30.76,11,0.5466841459274292,543.4540710449219,460.5548706054688,15.911459,9.918672,True
771,30.8,0,0.9137669205665588,762.4397888183594,459.6036682128906,18.646614,10.066553,True
771,30.8,1,0.924180507659912,475.5344696044922,248.2792510986328,15.273795,2.3406923,True
771,30.8,6,0.939215898513794,534.7526245117188,562.736572265625,15.667416,12.775164,True
771,30.8,8,0.8922722935676575,330.5064392089844,312.1052551269531,13.131042,4.694445,True
771,30.8,11,0.7915356755256653,540.5597686767578,441.0487976074219,15.903843,9.322625,True
771,30.8,14,0.7551854848861694,572.7472839355469,361.9114379882813,16.464632,6.768252,True
771,30.8,15,0.8350182175636292,524.4609375,488.4386291503906,15.63581,10.725126,True
771,30.8,17,0.8987138867378235,262.4630355834961,622.14111328125,12.474027,14.119968,True
771,30.8,20,0.9002490639686584,394.50347900390625,433.1396484375,14.025481,8.949459,True
771,30.8,4,0.5326643586158752,572.5192565917969,325.2630615234375,16.537178,5.4653764,True
772,30.84,0,0.9180496335029602,755.6698608398438,460.2015686035156,18.560953,10.078866,True
772,30.84,1,0.9196319580078124,476.3345184326172,248.1884002685547,15.285826,2.3380089,True
772,30.84,6,0.9264159202575684,533.5031127929688,564.2782592773438,15.6508255,12.8146515,True
772,30.84,8,0.8814483284950256,334.7263641357422,310.6009521484375,13.190964,4.642251,True
772,30.84,11,0.8290044069290161,548.4483337402344,446.95892333984375,15.995375,9.51086,True
772,30.84,14,0.7879177927970886,578.6969604492188,361.0070495605469,16.546751,6.743108,True
772,30.84,15,0.8788721561431885,515.8505859375,492.4429016113281,15.524352,10.834088,True
772,30.84,17,0.9027281999588012,254.87454986572266,616.8482666015625,12.3811865,13.984981,True
772,30.84,20,0.8955340385437012,390.4677734375,433.9338989257813,13.97277,8.970931,True
773,30.88,0,0.9322642683982848,748.4446716308594,460.1873779296875,18.471668,10.072685,True
773,30.88,1,0.90256667137146,477.5824279785156,247.36505126953125,15.305443,2.3054075,True
773,30.88,6,0.9358677864074708,533.155517578125,563.839111328125,15.647268,12.802966,True
773,30.88,8,0.8970292806625366,339.1222381591797,313.6789245605469,13.255483,4.764418,True
773,30.88,11,0.847141444683075,560.8240356445312,438.9074096679688,16.166185,9.27378,True
773,30.88,14,0.8016568422317505,587.5762023925781,362.816162109375,16.6626,6.8147235,True
773,30.88,15,0.8520486354827881,491.6161804199219,493.0758972167969,15.223825,10.83404,True
773,30.88,17,0.9015820622444152,247.3275909423828,598.5319213867188,12.275463,13.521142,True
773,30.88,20,0.8733820915222168,392.57598876953125,430.5665893554688,14.000744,8.866499,True
773,30.88,4,0.5733242034912109,568.12451171875,317.3631591796875,16.4927,5.169804,True
774,30.92,0,0.9332115650177002,747.9835510253906,459.6938171386719,18.467567,10.057689,True
774,30.92,1,0.914515256881714,477.5114440917969,247.84222412109372,15.303789,2.325205,True
774,30.92,4,0.6638389825820923,570.6422119140625,303.9647216796875,16.556658,4.671635,True
774,30.92,6,0.9294782280921936,528.3351745605469,563.3084716796875,15.591147,12.786055,True
774,30.92,8,0.8967100977897644,344.1473388671875,313.90057373046875,13.327612,4.7787757,True
774,30.92,11,0.8796032071113586,571.8826904296875,436.9507446289063,16.310888,9.222706,True
774,30.92,14,0.8042075037956238,591.439697265625,359.28173828125,16.722374,6.6965275,True
774,30.92,15,0.8441780805587769,485.57362365722656,492.8000183105469,15.149234,10.821536,True
774,30.92,17,0.9036978483200072,242.65173339843747,590.3270874023438,12.211898,13.308894,True
774,30.92,20,0.8552614450454712,394.10302734375,420.0719909667969,14.022426,8.533299,True
775,30.96,0,0.9348939657211304,744.5606079101562,460.72802734375,18.421885,10.085605,True
775,30.96,1,0.9035437107086182,476.52642822265625,247.1012115478516,15.29003,2.2929428,True
775,30.96,4,0.6770477294921875,569.7374877929688,296.78009033203125,16.559526,4.397487,True
775,30.96,6,0.9222259521484376,517.1630401611328,560.1710815429688,15.46292,12.696744,True
775,30.96,8,0.8974288702011108,345.19422912597656,314.1198425292969,13.342691,4.7883167,True
775,30.96,11,0.8830618262290955,588.3754577636719,436.0145263671875,16.523304,9.207857,True
775,30.96,14,0.8052663207054138,590.9425048828125,365.4639892578125,16.702127,6.9092703,True
775,30.96,15,0.8222663402557373,466.8627624511719,492.3797607421875,14.91748,10.795275,True
775,30.96,17,0.9198676347732544,232.58106231689453,582.4652709960938,12.083611,13.09984,True
775,30.96,20,0.8308960795402527,404.0417175292969,410.4537353515625,14.155667,8.231419,True
776,31.0,0,0.928759753704071,735.3067932128906,461.7697448730469,18.304121,10.109076,True
776,31.0,1,0.8799211978912354,476.2655029296875,246.92800903320312,15.286353,2.2853534,True
776,31.0,4,0.7907975316047668,551.1902465820312,284.490478515625,16.320793,3.9000037,True
776,31.0,6,0.9051620364189148,507.93609619140625,558.9575805664062,15.355111,12.658936,True
776,31.0,8,0.8885718584060669,346.0227355957031,314.88751220703125,13.354827,4.818332,True
776,31.0,11,0.89711993932724,596.5636901855469,436.7738037109375,16.626276,9.23838,True
776,31.0,14,0.8183953762054443,594.4146728515625,370.45166015625,16.737755,7.0833807,True
776,31.0,15,0.8354429006576538,459.59307861328125,491.4485778808594,14.827842,10.762867,True
776,31.0,17,0.9177812933921814,228.59220886230463,580.8965454101562,12.034183,13.056616,True
776,31.0,20,0.8467341661453247,405.9781799316406,410.0042724609375,14.181425,8.218585,True
777,31.04,0,0.9018713235855104,732.0932006835938,462.7051696777344,18.261463,10.134187,True
777,31.04,1,0.889940619468689,476.1971130371094,247.0160217285156,15.285225,2.2889328,True
777,31.04,4,0.793724536895752,554.6226959228516,284.4381103515625,16.370146,3.9022417,True
777,31.04,6,0.8764235973358154,499.4969940185547,559.4422607421875,15.254747,12.666287,True
777,31.04,8,0.8980510830879211,347.2436218261719,315.2493591308594,13.372425,4.8334475,True
777,31.04,11,0.8972337245941162,606.0547485351562,436.3054504394531,16.748222,9.23202,True
777,31.04,14,0.8169070482254028,612.9270629882812,372.7472839355469,16.979721,7.1799674,True
777,31.04,15,0.8368655443191528,451.10565185546875,488.8578796386719,14.723931,10.681348,True
777,31.04,17,0.915836215019226,224.3152084350586,579.1390991210938,11.980963,13.008187,True
777,31.04,20,0.8557876944541931,406.0744323730469,414.2641906738281,14.181487,8.356987,True
778,31.08,0,0.8876599073410034,722.0913696289062,463.3713073730469,18.13572,10.145936,True
778,31.08,1,0.9056031107902528,476.4295654296875,248.01370239257807,15.2874565,2.330861,True
778,31.08,4,0.8160985112190247,557.7483825683594,283.41705322265625,16.417118,3.8662677,True
778,31.08,6,0.8919729590415955,494.4444274902344,557.7084350585938,15.196519,12.6173525,True
778,31.08,8,0.8720938563346863,346.4510803222656,314.88037109375,13.360957,4.8185687,True
778,31.08,11,0.8650429844856262,615.2654724121094,437.0111999511719,16.864008,9.26171,True
778,31.08,14,0.826026439666748,626.5729675292969,378.0372619628906,17.1483,7.3720927,True
778,31.08,15,0.8156278133392334,445.10594177246094,477.0881958007813,14.656137,10.332154,True
778,31.08,17,0.912416934967041,221.68023681640625,576.8384399414062,11.946628,12.946456,True
778,31.08,20,0.8633233308792114,414.8280792236328,414.9984130859375,14.296695,8.388784,True
779,31.12,0,0.8316441178321838,710.7661437988281,462.79339599609375,17.997225,10.11985,True
779,31.12,1,0.9118205904960632,476.044921875,247.8404083251953,15.2819395,2.323109,True
779,31.12,4,0.7706732749938965,563.68359375,284.7509155273437,16.499384,3.9257343,True
779,31.12,6,0.8652939796447754,485.0770568847656,552.27001953125,15.090048,12.467221,True
779,31.12,8,0.8826782703399658,346.646728515625,314.9661865234375,13.363787,4.8220434,True
779,31.12,11,0.873251736164093,624.3936157226562,436.6144104003906,16.98102,9.257255,True
779,31.12,14,0.788826584815979,634.8500671386719,384.08880615234375,17.242556,7.5826178,True
779,31.12,15,0.8083624839782715,426.8401336669922,479.90228271484375,14.425017,10.400766,True
779,31.12,17,0.9090274572372437,220.7282485961914,576.9674072265625,11.935368,12.949231,True
779,31.12,20,0.8714104890823364,417.93006896972656,414.0350646972656,14.337954,8.36049,True
780,31.16,0,0.8109578490257263,696.422119140625,463.5205993652344,17.817362,10.129967,True
780,31.16,1,0.908887505531311,473.7480926513672,248.0477752685547,15.24746,2.328588,True
780,31.16,4,0.7669832706451416,576.6250305175781,283.8335266113281,16.686794,3.9060876,True
780,31.16,6,0.913785457611084,463.3805694580078,552.3273315429688,14.831375,12.454575,True
780,31.16,8,0.8699878454208374,346.85333251953125,314.49072265625,13.366585,4.804313,True
780,31.16,11,0.6654580235481262,643.2483825683594,431.35260009765625,17.233456,9.110463,True
780,31.16,15,0.8544199466705322,399.6083984375,476.4615173339844,14.08294,10.277697,True
780,31.16,17,0.91244637966156,216.76233673095703,573.6543579101562,11.883641,12.859883,True
780,31.16,20,0.8459222316741943,425.07037353515625,403.4197692871094,14.43705,8.021134,True
780,31.16,14,0.5961613059043884,632.3672180175781,387.7062377929688,17.200708,7.7003474,True
781,31.2,0,0.9002012610435486,680.8242797851562,463.5339965820313,17.623781,10.117956,True
781,31.2,1,0.902444303035736,473.4942626953125,248.5057830810547,15.243128,2.3473198,True
781,31.2,4,0.6860897541046143,570.1225891113281,286.077880859375,16.588646,3.9853933,True
781,31.2,6,0.913952112197876,452.06532287597656,550.3078002929688,14.697509,12.393295,True
781,31.2,8,0.8613824248313904,349.57691955566406,313.76885986328125,13.405362,4.7802277,True
781,31.2,14,0.7279310822486877,636.9502563476562,415.85345458984375,17.190693,8.617856,True
781,31.2,15,0.8687305450439453,382.6465301513672,480.20703125,13.868285,10.375077,True
781,31.2,17,0.9109578132629396,213.74015808105466,572.385009765625,11.845672,12.824584,True
781,31.2,20,0.8548867702484131,425.8861541748047,386.1286926269531,14.456311,7.4467688,True
782,31.24,0,0.9218791723251344,665.24658203125,463.64447021484375,17.429926,10.108822,True
782,31.24,1,0.8971877694129944,472.42919921875,249.82598876953125,15.225697,2.4007804,True
782,31.24,4,0.8613740801811218,584.1593627929688,286.2274780273437,16.788904,4.0085983,True
782,31.24,6,0.9108447432518004,448.591796875,552.9802856445312,14.654436,12.462293,True
782,31.24,8,0.8170404434204102,351.88514709472656,308.6988220214844,13.437,4.590309,True
782,31.24,15,0.9108537435531616,367.03883361816406,478.2933654785156,13.671003,10.306196,True
782,31.24,17,0.900425910949707,211.4638214111328,569.6397705078125,11.81469,12.750735,True
782,31.24,20,0.8602897524833679,427.1012878417969,387.14459228515625,14.4721365,7.4821615,True
782,31.24,14,0.523102879524231,654.2734680175781,377.3445434570313,17.517035,7.3760786,True
783,31.28,0,0.9252740740776062,661.586181640625,465.0013732910156,17.381018,10.146106,True
783,31.28,1,0.8888945579528809,473.1047821044922,249.28961181640625,15.23639,2.3794072,True
783,31.28,4,0.8727325201034546,579.9152526855469,286.4208984375,16.727833,4.0108542,True
783,31.28,6,0.9080551266670228,449.7265167236328,554.9454345703125,14.66685,12.515286,True
783,31.28,8,0.8244625329971313,353.85528564453125,304.5311584472656,13.464243,4.43317,True
783,31.28,14,0.6168660521507263,646.4543151855469,380.5146179199219,17.40506,7.4746475,True
783,31.28,15,0.9155006408691406,352.09254455566406,479.9011840820313,13.482063,10.341986,True
783,31.28,17,0.9058924913406372,210.1168441772461,566.1661987304688,11.793858,12.657879,True
783,31.28,20,0.8705742359161377,428.7632751464844,384.9491882324219,14.495611,7.4098377,True
783,31.28,11,0.5089272260665894,681.1200866699219,371.9043273925781,17.888245,7.2193756,True
784,31.32,0,0.9485580325126648,656.4274597167969,464.4326171875,17.318287,10.125158,True
784,31.32,1,0.904547393321991,471.47752380371094,250.8639678955078,15.210317,2.442579,True
784,31.32,4,0.853893518447876,585.8686828613281,291.750732421875,16.800077,4.22419,True
784,31.32,6,0.9150607585906982,448.053955078125,555.3346557617188,14.646684,12.524533,True
784,31.32,8,0.8494665622711182,357.7351379394531,303.9662170410156,13.520069,4.416177,True
784,31.32,14,0.8049222230911255,662.0074462890625,406.80078125,17.537703,8.351204,True
784,31.32,15,0.907084047794342,342.18310546875,481.25592041015625,13.356972,10.37423,True
784,31.32,17,0.9088227152824402,210.0,562.2984619140625,11.78731,12.554871,True
784,31.32,20,0.8852455615997314,424.99351501464844,380.5667419433594,14.447016,7.2577186,True
785,31.36,0,0.934352695941925,643.3084106445312,460.23834228515625,17.164854,9.98995,True
785,31.36,1,0.9029883146286012,467.6383056640625,251.7954559326172,15.152163,2.4759564,True
785,31.36,4,0.8960886001586914,592.8628845214844,293.206787109375,16.895884,4.2886624,True
785,31.36,6,0.8956762552261353,450.1251525878906,556.9356689453125,14.670451,12.568326,True
785,31.36,8,0.8607670664787292,364.96348571777344,306.7895202636719,13.624666,4.533118,True
785,31.36,14,0.7394936084747314,679.9857482910156,407.9187622070313,17.766977,8.403504,True
785,31.36,15,0.9225193858146667,330.0543670654297,486.4241027832031,13.205465,10.51695,True
785,31.36,17,0.9199399948120116,206.85057067871094,554.4308471679688,11.738399,12.341753,True
785,31.36,20,0.8915077447891235,421.86907958984375,378.8020324707031,14.405624,7.194555,True
786,31.4,0,0.931488275527954,634.7757263183594,461.5779724121094,17.055195,10.0230255,True
786,31.4,1,0.8800923228263855,462.6531982421875,254.1275634765625,15.075562,2.5656452,True
786,31.4,4,0.9067423343658448,593.7319946289062,296.7680053710937,16.899452,4.4259744,True
786,31.4,6,0.9034602642059326,446.3725280761719,558.47216796875,14.624909,12.606559,True
786,31.4,8,0.8341305255889893,366.0811462402344,306.0953674316406,13.640655,4.5079155,True
786,31.4,14,0.7323506474494934,690.0209045410156,413.5636596679688,17.8798,8.592722,True
786,31.4,15,0.9078584909439088,326.8484191894531,488.474853515625,13.165869,10.574586,True
786,31.4,17,0.9213743805885316,204.67575073242188,552.77197265625,11.70958,12.295514,True
786,31.4,20,0.8844420313835144,422.2873229980469,377.3919677734375,14.411935,7.1468844,True
787,31.44,0,0.9322333931922911,624.0773620605469,464.3234558105469,16.91555,10.096124,True
787,31.44,1,0.891782283782959,453.45166015625,256.315673828125,14.936819,2.6434119,True
787,31.44,4,0.9094615578651428,594.5736389160156,300.23736572265625,16.902838,4.558986,True
787,31.44,6,0.8985612988471985,450.7523651123047,557.9164428710938,14.677348,12.594689,True
787,31.44,8,0.8275539875030518,369.22161865234375,308.0390319824219,13.685992,4.585948,True
787,31.44,14,0.6692313551902771,686.2532043457031,429.9124755859375,17.78442,9.102865,True
787,31.44,15,0.9104335308074952,326.3800811767578,490.5484008789063,13.160871,10.63485,True
787,31.44,17,0.9336531162261964,199.08499908447263,548.2197875976562,11.634762,12.168309,True
787,31.44,20,0.9044285416603088,422.54994201660156,372.7816162109375,14.417649,6.9892063,True
787,31.44,11,0.5394524335861206,677.5102233886719,397.8453979492188,17.763939,8.075935,True
788,31.48,0,0.9038952589035034,613.6819152832031,465.7409973144531,16.782837,10.129905,True
788,31.48,1,0.8533490300178528,444.961669921875,263.7945556640625,14.804585,2.9382455,True
788,31.48,4,0.885643482208252,588.4160766601562,303.64501953125,16.807844,4.6806393,True
788,31.48,6,0.9248345494270324,459.43089294433594,557.8810424804688,14.780615,12.599354,True
788,31.48,8,0.8285815715789795,369.2397766113281,310.8993835449219,13.686492,4.694816,True
788,31.48,11,0.6999452114105225,691.5694274902344,410.8245544433594,17.907803,8.506923,True
788,31.48,14,0.7366148829460144,679.0565490722656,434.3516540527344,17.680683,9.2341,True
788,31.48,15,0.9150635600090028,324.31956481933594,492.7864379882813,13.135933,10.698511,True
788,31.48,17,0.9310486912727356,193.98990631103516,545.8355712890625,11.568783,12.099875,True
788,31.48,20,0.9029910564422609,420.0758972167969,368.4284057617188,14.385974,6.8365197,True
789,31.52,0,0.8824474215507507,599.5591430664062,467.9752502441406,16.60215,10.184874,True
789,31.52,1,0.7519436478614807,433.5618133544922,267.65142822265625,14.633582,3.0797467,True
789,31.52,4,0.9031637907028198,593.947265625,307.5894470214844,16.876148,4.835604,True
789,31.52,6,0.9318338632583618,466.14393615722656,556.6133422851562,14.861316,12.570154,True
789,31.52,8,0.7987486720085144,372.2679138183594,314.8436889648437,13.730064,4.8476787,True
789,31.52,11,0.8303541541099548,698.8587341308594,417.0931091308594,17.982647,8.712439,True
789,31.52,14,0.7512537240982056,690.3689575195312,434.4874877929688,17.823578,9.24795,True
789,31.52,15,0.918383538722992,324.54718017578125,495.6145629882813,13.140073,10.780849,True
789,31.52,17,0.9326240420341492,188.41224670410153,546.6497192382812,11.501557,12.118302,True
789,31.52,20,0.8728140592575073,418.43394470214844,366.1563720703125,14.364566,6.756053,True
790,31.56,0,0.9210547804832458,587.25830078125,471.2246398925781,16.442636,10.271138,True
790,31.56,1,0.7488313913345337,424.3138885498047,299.6376037597656,14.4793625,4.3306804,True
790,31.56,4,0.9182226061820984,594.8984375,309.0580749511719,16.885935,4.89174,True
790,31.56,6,0.9195823669433594,473.48316955566406,552.9406127929688,14.951391,12.4774885,True
790,31.56,8,0.7771456241607666,374.3574523925781,309.7257995605469,13.759765,4.656331,True
790,31.56,11,0.7222011685371399,697.2358093261719,418.5993957519531,17.957365,8.758535,True
790,31.56,14,0.7507823705673218,696.6383972167969,439.7078247070313,17.887762,9.41361,True
790,31.56,15,0.9246491193771362,325.5400085449219,497.1581726074219,13.153217,10.826311,True
790,31.56,17,0.9351792335510254,182.49774169921875,547.91845703125,11.430957,12.148878,True
790,31.56,20,0.8713874220848083,417.27935791015625,360.15411376953125,14.351328,6.5454197,True
791,31.6,0,0.9169493913650512,572.8849487304688,478.5069885253906,16.25099,10.473653,True
791,31.6,4,0.9009597301483154,597.8807678222656,316.8321228027344,16.908773,5.1843085,True
791,31.6,6,0.9234741926193236,482.1491394042969,551.2523193359375,15.056024,12.438224,True
791,31.6,8,0.768663763999939,375.5415802001953,343.2738647460937,13.777138,5.900265,True
791,31.6,11,0.8060926795005798,701.3822326660156,422.9281005859375,17.99735,8.898222,True
791,31.6,14,0.8578205108642578,712.897705078125,446.6714782714844,18.071524,9.63908,True
791,31.6,15,0.9335201382637024,328.7494201660156,500.86627197265625,13.194983,10.93573,True
791,31.6,17,0.9204633831977844,173.0057373046875,555.423583984375,11.326866,12.34601,True
791,31.6,20,0.8330873250961304,415.37261962890625,363.3072204589844,14.323887,6.6536913,True
791,31.6,1,0.5787602066993713,408.5869598388672,300.1741638183594,14.252957,4.332174,True
792,31.64,0,0.8923978805541992,562.6082458496094,479.6748046875,16.12147,10.499798,True
792,31.64,4,0.909584939479828,595.9979858398438,321.3475341796875,16.87175,5.3484845,True
792,31.64,6,0.9117031693458556,486.53369140625,552.3299560546875,15.107342,12.469765,True
792,31.64,8,0.7671617269515991,376.4067077636719,309.146728515625,13.789132,4.636754,True
792,31.64,11,0.8422149419784546,712.1377563476562,452.0843200683594,18.045841,9.801659,True
792,31.64,15,0.9375240206718444,332.24609375,502.4700927734375,13.239306,10.984448,True
792,31.64,17,0.917232632637024,168.0685577392578,561.676513671875,11.277039,12.510823,True
792,31.64,20,0.8394688963890076,412.77728271484375,368.2457885742188,14.286496,6.822683,True
792,31.64,1,0.5782642364501953,412.81439208984375,292.9317626953125,14.316793,4.0569677,True
793,31.68,0,0.8618765473365784,552.9599456787109,477.9335632324219,16.004284,10.441408,True
793,31.68,4,0.9029998183250428,597.4943542480469,326.5528259277344,16.88007,5.5404696,True
793,31.68,6,0.8932654857635498,487.3718719482422,553.7692260742188,15.116064,12.50854,True
793,31.68,8,0.7424399852752686,378.61004638671875,328.080810546875,13.820297,5.34911,True
793,31.68,11,0.7236440181732178,714.28955078125,455.7105407714844,18.061863,9.912046,True
793,31.68,15,0.9355931878089904,334.3058776855469,503.7777404785156,13.265494,11.023491,True
793,31.68,17,0.9166090488433838,162.06461334228516,566.1464233398438,11.211616,12.626241,True
793,31.68,20,0.8120376467704773,411.2042236328125,368.2574768066406,14.265024,6.821467,True
794,31.72,0,0.8371477723121643,545.5404968261719,480.4456481933594,15.90826,10.509093,True
794,31.72,4,0.8718902468681335,601.3384094238281,332.1233215332031,16.919752,5.746668,True
794,31.72,6,0.8866475820541382,492.4377899169922,557.714599609375,15.172719,12.616223,True
794,31.72,8,0.7793117165565491,376.1058807373047,344.87969970703125,13.785026,5.9587502,True
794,31.72,11,0.6370609402656555,668.0098571777344,446.1839599609375,17.509405,9.587088,True
794,31.72,14,0.7479729652404785,730.8843994140625,460.4014892578125,18.253643,10.065021,True
794,31.72,15,0.935097873210907,336.1796112060547,507.3480224609375,13.290093,11.1269245,True
794,31.72,17,0.9333056211471558,157.1316261291504,571.7069702148438,11.161415,12.770576,True
794,31.72,20,0.8076126575469971,406.4095153808594,374.92864990234375,14.197531,7.046541,True
795,31.76,0,0.810524046421051,527.3376770019531,484.5807495117188,15.6764345,10.615504,True
795,31.76,4,0.8999748229980469,603.8165893554688,336.63824462890625,16.94292,5.9117484,True
795,31.76,6,0.8842437267303467,493.0741882324219,560.4926147460938,15.177735,12.689809,True
795,31.76,8,0.7463908195495605,369.67242431640625,348.0265197753906,13.69553,6.064736,True
795,31.76,11,0.7960916757583618,663.6072387695312,438.3706359863281,17.47425,9.34471,True
795,31.76,14,0.8619415163993835,735.0984497070312,467.4301452636719,18.2839,10.275748,True
795,31.76,15,0.9165713787078856,337.2534637451172,509.3619079589844,13.304124,11.18505,True
795,31.76,17,0.941377341747284,149.75645065307617,574.9014282226562,11.077866,12.850158,True
795,31.76,20,0.8377968668937683,406.6205596923828,374.9474182128906,14.200393,7.047399,True
796,31.8,0,0.8715066313743591,498.15223693847656,495.9289855957031,15.301784,10.920902,True
796,31.8,4,0.9042071104049684,615.7487487792969,347.1206359863281,17.08002,6.2970653,True
796,31.8,6,0.8263425230979919,501.2928771972656,566.7732543945312,15.268898,12.859439,True
796,31.8,8,0.6913981437683105,364.6557312011719,368.47650146484375,13.628264,6.781008,True
796,31.8,11,0.6308308243751526,667.9985961914062,449.2242126464844,17.501328,9.679232,True
796,31.8,14,0.8662257194519043,742.4620056152344,485.7628479003906,18.317282,10.812773,True
796,31.8,15,0.9223459362983704,342.5086212158203,519.4907836914062,13.372291,11.474792,True
796,31.8,17,0.9477185010910034,140.64117050170898,584.2672729492188,10.98503,13.089636,True
796,31.8,20,0.8203256130218506,411.2041778564453,373.1171569824219,14.263297,6.989194,True
797,31.84,0,0.7391940951347351,485.3356170654297,513.8179321289062,15.127008,11.41825,True
797,31.84,1,0.6845277547836304,347.3515930175781,334.45977783203125,13.380212,5.54836,True
797,31.84,4,0.9007569551467896,618.040283203125,351.642578125,17.099798,6.4582562,True
797,31.84,6,0.8699244856834412,501.8277130126953,573.3976440429688,15.268806,13.031691,True
797,31.84,8,0.7703747153282166,363.4614562988281,379.2699279785156,13.613351,7.151806,True
797,31.84,11,0.833734393119812,732.830810546875,467.6153259277344,18.255383,10.279406,True
797,31.84,14,0.8156850934028625,741.4518432617188,490.45849609375,18.29058,10.945964,True
797,31.84,15,0.911563277244568,344.47962951660156,528.1728515625,13.398909,11.718108,True
797,31.84,17,0.9517574310302734,137.1320457458496,586.6378784179688,10.947274,13.149072,True
797,31.84,20,0.8498634696006775,411.9293975830078,374.8290100097656,14.272541,7.0487204,True
798,31.88,0,0.7587679028511047,471.1306457519531,507.2226867675781,14.958561,11.22243,True
798,31.88,4,0.9042790532112122,617.9320983886719,357.0847473144531,17.084791,6.6477747,True
798,31.88,6,0.8940335512161255,511.24058532714844,576.8084106445312,15.375652,13.125401,True
798,31.88,8,0.837812602519989,357.24017333984375,382.1788940429688,13.529285,7.244819,True
798,31.88,11,0.741469144821167,732.4425659179688,473.2076721191406,18.23343,10.442643,True
798,31.88,14,0.8247668743133545,743.4569091796875,494.2872314453125,18.303143,11.056025,True
798,31.88,15,0.9265544414520264,343.69972229003906,536.5969848632812,13.39163,11.9495945,True
798,31.88,17,0.944845736026764,129.09467315673828,589.1663208007812,10.855628,13.209643,True
798,31.88,20,0.863328754901886,409.9561309814453,373.6912536621094,14.246129,7.007658,True
799,31.92,0,0.803485095500946,463.00071716308594,509.4450378417969,14.857013,11.2792635,True
799,31.92,4,0.90412175655365,617.9365844726562,362.9484558105469,17.070381,6.850368,True
799,31.92,6,0.9210023283958436,516.8717651367188,578.7454833984375,15.439415,13.178577,True
799,31.92,8,0.8557247519493103,347.4292449951172,379.3998718261719,13.395166,7.1400847,True
799,31.92,11,0.7791188955307007,729.5020141601562,472.6442260742188,18.199034,10.4239435,True
799,31.92,14,0.8179325461387634,742.0478820800781,497.74407958984375,18.275589,11.152542,True
799,31.92,15,0.9216867089271544,345.11985778808594,540.6090698242188,13.409965,12.060149,True
799,31.92,17,0.9417766332626344,118.29833984375,591.7113037109375,10.731195,13.268798,True
799,31.92,20,0.868820071220398,408.98997497558594,369.3756713867188,14.234428,6.857894,True
800,31.96,0,0.7863926887512207,453.4083557128906,514.3544921875,14.73603,11.410369,True
800,31.96,4,0.9155035614967346,618.2538452148438,369.36181640625,17.058939,7.0702376,True
800,31.96,6,0.9363391399383544,516.9527587890625,580.7987670898438,15.43817,13.231199,True
800,31.96,8,0.7671344876289368,342.5386047363281,380.9042053222656,13.329057,7.1865916,True
800,31.96,11,0.8297406435012817,728.0915222167969,470.3580627441406,18.18863,10.356076,True
800,31.96,14,0.874900221824646,743.1275024414062,501.0193176269531,18.27867,11.245331,True
800,31.96,15,0.92379230260849,344.4176025390625,543.6640014648438,13.402228,12.142717,True
800,31.96,17,0.92408287525177,107.41591262817383,594.556396484375,10.606653,13.335483,True
800,31.96,20,0.8260766267776489,403.2494812011719,370.5389709472656,14.155789,6.89221,True
801,32.0,0,0.7790380120277405,438.02947998046875,515.1151123046875,14.547142,11.420646,True
801,32.0,1,0.7482537031173706,300.5901794433594,341.0921325683594,12.724906,5.7382464,True
801,32.0,4,0.8978081941604614,616.8719482421875,380.9881896972656,17.012554,7.461576,True
801,32.0,6,0.9423981308937072,515.7173156738281,584.3031005859375,15.420075,13.31986,True
801,32.0,8,0.8169419765472412,331.8932800292969,387.8702392578125,13.187233,7.4127665,True
801,32.0,11,0.7810013890266418,734.580078125,476.1127014160156,18.250751,10.528743,True
801,32.0,14,0.7391804456710815,743.2862854003906,509.1881713867188,18.255957,11.473143,True
801,32.0,15,0.874721109867096,357.3823547363281,547.2846069335938,13.559933,12.249372,True
801,32.0,17,0.921404242515564,87.51419067382812,592.70166015625,10.364022,13.275547,True
801,32.0,20,0.8127051591873169,398.39625549316406,374.5536804199219,14.0887,7.025537,True
802,32.04,0,0.7262125015258789,431.8750762939453,521.156494140625,14.4689,11.584933,True
802,32.04,1,0.7270891666412354,293.6145324707031,349.76666259765625,12.634345,6.0443397,True
802,32.04,4,0.8388988971710205,614.1067504882812,383.6601257324219,16.969645,7.548191,True
802,32.04,6,0.937522292137146,516.6846008300781,583.00146484375,15.432706,13.287281,True
802,32.04,8,0.8290557861328125,324.4792938232422,390.5025939941406,13.088076,7.4943485,True
802,32.04,11,0.8578006029129028,743.2428588867188,490.4420471191406,18.312346,10.946824,True
802,32.04,14,0.8239278197288513,742.8995971679688,514.9050903320312,18.23427,11.630744,True
802,32.04,15,0.9019151329994202,363.6102752685547,551.944091796875,13.635659,12.378793,True
802,32.04,17,0.9114143252372742,76.15202331542969,593.1062622070312,10.228463,13.27905,True
802,32.04,20,0.8199067115783691,395.8690948486328,376.6095581054688,14.05392,7.093484,True
803,32.08,0,0.7021724581718445,430.57067871093756,529.1038818359375,14.449435,11.803873,True
803,32.08,1,0.6243427395820618,278.728759765625,359.2576904296875,12.435574,6.3671036,True
803,32.08,4,0.8494080901145935,611.0687255859375,385.9819030761719,16.9241,7.6225824,True
803,32.08,6,0.9268807172775269,520.1755065917969,584.7913208007812,15.471398,13.334962,True
803,32.08,8,0.8617622256278992,320.0572509765625,393.3078002929688,13.029784,7.584405,True
803,32.08,11,0.8395189046859741,748.1284484863281,496.1859130859375,18.353746,11.113072,True
803,32.08,14,0.8177358508110046,742.2566223144531,520.5197143554688,18.210005,11.784181,True
803,32.08,15,0.9066630601882936,358.2155303955078,550.1546020507812,13.570425,12.3272,True
803,32.08,17,0.9071097373962402,59.66654968261719,595.0489501953125,10.035001,13.319122,True
803,32.08,20,0.824749231338501,390.92189025878906,377.5989379882813,13.986558,7.1223507,True
804,32.12,0,0.7339986562728882,419.2393798828125,536.4968872070312,14.309093,11.998573,True
804,32.12,1,0.8523105978965759,266.22403717041016,361.2456970214844,12.263623,6.4241996,True
804,32.12,4,0.8735551834106445,608.6233520507812,386.73583984375,16.890085,7.645281,True
804,32.12,6,0.9149434566497804,527.6340179443359,585.306884765625,15.557486,13.352542,True
804,32.12,8,0.8683942556381226,311.01805114746094,392.032958984375,12.906707,7.5326786,True
804,32.12,11,0.7559152841567993,746.1054992675781,491.3546142578125,18.344221,10.974873,True
804,32.12,14,0.8759247660636902,747.5636596679688,521.8642578125,18.269056,11.824507,True
804,32.12,15,0.9106568098068236,351.86387634277344,544.7328491210938,13.49272,12.176704,True
804,32.12,17,0.9195277690887452,43.3995840549469,593.6043701171875,9.835618,13.271884,True
804,32.12,20,0.8140468001365662,382.42701721191406,381.9957580566406,13.870888,7.263777,True
805,32.16,1,0.852383017539978,254.83219146728513,364.6184692382813,12.109246,6.531217,True
805,32.16,4,0.8345481753349304,606.2676391601562,392.1744995117188,16.846746,7.823015,True
805,32.16,6,0.9192339181900024,531.5542297363281,587.2667236328125,15.600719,13.404608,True
805,32.16,8,0.8604189157485962,304.4130401611328,395.8985595703125,12.820032,7.6560354,True
805,32.16,11,0.7295379638671875,743.2516479492188,493.989501953125,18.30157,11.047451,True
805,32.16,14,0.849327027797699,750.4476013183594,523.2164916992188,18.299225,11.863294,True
805,32.16,15,0.9001094698905945,346.40113830566406,541.8189697265625,13.425831,12.093947,True
805,32.16,17,0.9173097014427184,35.81166076660156,595.3350219726562,9.74876,13.311959,True
805,32.16,20,0.8514195680618286,379.49168395996094,381.7839965820313,13.831123,7.2536407,True
806,32.2,0,0.7596819400787354,395.53985595703125,544.1019897460938,14.020748,12.188985,True
806,32.2,1,0.827349066734314,213.15069580078125,372.72216796875,11.542383,6.771745,True
806,32.2,4,0.8987324833869934,602.2269287109375,393.2020568847656,16.791334,7.853021,True
806,32.2,6,0.9210582375526428,547.2467956542969,591.7072143554688,15.776879,13.526039,True
806,32.2,8,0.8506473898887634,287.4173126220703,398.7683410644531,12.592752,7.7355113,True
806,32.2,11,0.8512995839118958,748.0274658203125,508.1938171386719,18.315733,11.448927,True
806,32.2,14,0.8036295771598816,739.45556640625,528.9362182617188,18.152245,12.010823,True
806,32.2,15,0.8753927946090698,332.1593017578125,541.9635620117188,13.252868,12.088222,True
806,32.2,17,0.8766720294952393,27.142489194869995,597.2380981445312,9.649496,13.355756,True
806,32.2,20,0.8952054977416992,371.9315643310547,383.8632507324219,13.72872,7.3167467,True
807,32.24,0,0.7662612795829773,394.98497009277344,544.7145385742188,14.013961,12.205163,True
807,32.24,1,0.8349658250808716,205.3006362915039,374.8301696777344,11.437175,6.8370934,True
807,32.24,4,0.8882777094841003,602.0856323242188,394.30267333984375,16.78706,7.8890967,True
807,32.24,6,0.9229960441589355,556.3655700683594,594.34521484375,15.878597,13.597655,True
807,32.24,8,0.863700807094574,284.18688201904297,399.5617370605469,12.549849,7.7588663,True
807,32.24,11,0.8630725741386414,746.7225341796875,507.8262023925781,18.301218,11.437796,True
807,32.24,14,0.8350476622581482,744.1686401367188,530.356201171875,18.203806,12.052308,True
807,32.24,15,0.8936970829963684,326.22264099121094,534.7811279296875,13.177734,11.887734,True
807,32.24,17,0.7720279097557068,24.652999877929688,599.088134765625,9.624575,13.401852,True
807,32.24,20,0.8971574902534485,367.6951904296875,384.1422119140625,13.671362,7.3219957,True
808,32.28,0,0.7761988639831543,392.15557861328125,547.65087890625,13.979454,12.282428,True
808,32.28,1,0.8446781039237976,192.21168518066406,375.9907836914063,11.257798,6.863949,True
808,32.28,4,0.8750935196876526,602.1196594238281,395.192138671875,16.785555,7.9183493,True
808,32.28,6,0.9198254942893982,564.2003173828125,591.1010131835938,15.973337,13.520767,True
808,32.28,8,0.8620548248291016,276.12874603271484,400.51312255859375,12.441956,7.7828097,True
808,32.28,11,0.8524676561355591,747.1207580566406,510.3920593261719,18.298218,11.509197,True
808,32.28,14,0.8095924854278564,741.303466796875,531.8560791015625,18.165627,12.090765,True
808,32.28,15,0.8990194201469421,322.49024963378906,535.1150512695312,13.132264,11.894333,True
808,32.28,20,0.8921131491661072,362.2083282470703,390.1383666992188,13.597891,7.51916,True
809,32.32,0,0.7956964373588562,383.6437225341797,549.18896484375,13.876811,12.318125,True
809,32.32,1,0.8657549619674683,175.31278228759766,374.7033996582031,11.02047,6.8015814,True
809,32.32,4,0.8503388166427612,601.1243286132812,393.5776977539063,16.776016,7.8643384,True
809,32.32,6,0.9327510595321656,569.4605712890625,586.866455078125,16.0401,13.41705,True
809,32.32,8,0.8574550747871399,266.94690704345703,400.0850830078125,12.317446,7.759665,True
809,32.32,11,0.8237432837486267,749.580322265625,511.5979309082031,18.323965,11.544268,True
809,32.32,14,0.8407202959060669,741.2001647949219,533.2472534179688,18.160387,12.128082,True
809,32.32,15,0.8911190629005432,320.966064453125,522.4944458007812,13.107824,11.543479,True
809,32.32,20,0.8640927672386169,352.12364196777344,388.9541320800781,13.461466,7.4693546,True
810,32.36,0,0.7922362089157104,377.2771759033203,550.6630249023438,13.800121,12.353477,True
810,32.36,1,0.8529922366142273,162.5045166015625,376.3442993164063,10.845873,6.8455215,True
810,32.36,4,0.8613568544387817,601.9183654785156,395.6277465820313,16.78196,7.932455,True
810,32.36,6,0.9327430725097656,573.8827819824219,588.314453125,16.089075,13.456262,True
810,32.36,8,0.8288437128067017,253.7502670288086,400.6178588867188,12.1395645,7.764689,True
810,32.36,11,0.8355522751808167,748.4028930664062,513.259521484375,18.304869,11.589285,True
810,32.36,14,0.8614217638969421,743.8480224609375,535.3291625976562,18.185553,12.185665,True
810,32.36,15,0.9031943678855896,320.5394287109375,525.768310546875,13.104093,11.634492,True
810,32.36,20,0.8231563568115234,339.2631530761719,388.5349731445313,13.287353,7.4425225,True
811,32.4,0,0.8169164657592773,374.80133056640625,555.383544921875,13.770388,12.478083,True
811,32.4,1,0.8919896483421326,139.22722625732422,393.8089294433594,10.564549,7.423023,True
811,32.4,4,0.8282023072242737,605.2766418457031,401.5916748046875,16.81284,8.130408,True
811,32.4,6,0.9314954280853271,578.5473022460938,591.7667846679688,16.137714,13.545944,True
811,32.4,8,0.8520704507827759,232.06146240234375,402.2332153320313,11.848083,7.7976356,True
811,32.4,11,0.8156705498695374,750.5101928710938,518.62255859375,18.313784,11.738027,True
811,32.4,14,0.8641505837440491,744.7079467773438,538.9183349609375,18.185266,12.282093,True
811,32.4,15,0.8843862414360046,325.1702117919922,509.8218383789063,13.154159,11.189248,True
811,32.4,20,0.8476637005805969,325.25672912597656,382.7896728515625,13.094591,7.233587,True
812,32.44,0,0.8248348832130432,369.94189453125,556.380126953125,13.71211,12.501463,True
812,32.44,1,0.8903659582138062,127.46790313720703,397.9038696289063,10.413054,7.5502324,True
812,32.44,4,0.8476078510284424,607.106689453125,407.8580322265625,16.822905,8.334927,True
812,32.44,6,0.9381327629089355,578.689697265625,594.001220703125,16.135998,13.602078,True
812,32.44,8,0.8795655965805054,221.51630401611325,399.6837463378906,11.701215,7.702202,True
812,32.44,11,0.8193522691726685,751.3533630371094,520.2196044921875,18.318987,11.782258,True
812,32.44,14,0.8806282877922058,747.3113098144531,540.6844482421875,18.210693,12.330802,True
812,32.44,15,0.8576593399047852,328.64527893066406,503.130126953125,13.194612,11.000701,True
812,32.44,20,0.861297607421875,319.38201904296875,381.3534851074219,13.013736,7.1786413,True
813,32.48,0,0.7694346308708191,362.8925018310547,557.3284301757812,13.627605,12.522112,True
813,32.48,1,0.8580465316772461,112.65784454345703,400.3956909179688,10.21621,7.619827,True
813,32.48,4,0.8509212732315063,608.744140625,406.2828674316406,16.847685,8.285627,True
813,32.48,6,0.9339349269866944,578.5360717773438,596.4927368164062,16.130505,13.664301,True
813,32.48,8,0.7926232814788818,204.39620971679688,400.3943786621094,11.469666,7.7093687,True
813,32.48,11,0.8216256499290466,752.5736999511719,521.3347778320312,18.330109,11.8135195,True
813,32.48,14,0.8656808733940125,747.2018432617188,540.1102294921875,18.211079,12.315463,True
813,32.48,15,0.7820087671279907,337.36158752441406,505.179443359375,13.3040695,11.065884,True
813,32.48,20,0.8611578941345215,314.6151885986328,382.3810424804688,12.949353,7.2089586,True
814,32.52,0,0.8000572323799133,362.7972106933594,559.5422973632812,13.626705,12.580875,True
814,32.52,1,0.8583462834358215,90.58649635314941,406.1889343261719,9.9296665,7.7930126,True
814,32.52,4,0.847669780254364,606.6431274414062,407.1189880371094,16.818499,8.310677,True
814,32.52,6,0.9362807273864746,581.2803039550781,598.4962768554688,16.158978,13.71585,True
814,32.52,8,0.8420842289924622,195.2639389038086,402.7845764160156,11.349747,7.780488,True
814,32.52,11,0.8507665991783142,756.2625122070312,517.5094604492188,18.38558,11.711539,True
814,32.52,14,0.8660309910774231,748.8038940429688,539.22607421875,18.23245,12.292987,True
814,32.52,15,0.8304786086082458,346.3929748535156,509.28411865234375,13.417576,11.189552,True
814,32.52,20,0.8801508545875549,306.9574890136719,381.4401245117188,12.844228,7.169087,True
815,32.56,0,0.7672508955001831,357.15626525878906,563.5147705078125,13.559715,12.682381,True
815,32.56,1,0.879457414150238,78.74615478515625,412.9768371582031,9.787667,8.00791,True
815,32.56,4,0.832377552986145,606.0310668945312,406.9507446289063,16.810905,8.304687,True
815,32.56,6,0.9190242290496826,584.7809143066406,599.4569702148438,16.197626,13.741775,True
815,32.56,8,0.8690429925918579,185.08201599121094,402.1720886230469,11.210138,7.7501464,True
815,32.56,11,0.8445258140563965,758.3229064941406,497.3990173339844,18.47291,11.154684,True
815,32.56,14,0.8796064853668213,750.3096008300781,538.9566040039062,18.25091,12.286802,True
815,32.56,20,0.8699955940246582,298.4229431152344,383.8258361816406,12.729537,7.242018,True
815,32.56,22,0.7949654459953308,786.2517395019531,720.0,18.153162,16.610228,False
815,32.56,15,0.5611279010772705,336.6917419433594,514.3687133789062,13.298837,11.326497,True
816,32.6,1,0.8587132096290588,49.27824544906616,413.9519653320313,9.388259,8.01215,True
816,32.6,4,0.8398124575614929,602.8494873046875,401.9400024414063,16.78037,8.139472,True
816,32.6,8,0.9217730164527892,167.4247169494629,402.5606994628906,10.970444,7.7460265,True
816,32.6,11,0.7767695784568787,759.5323791503906,500.31878662109375,18.47823,11.237555,True
816,32.6,14,0.8280308246612549,762.8824768066406,542.4114990234375,18.38793,12.386817,True
816,32.6,15,0.9203065633773804,342.40887451171875,545.0999145507812,13.3782625,12.1802845,True
816,32.6,20,0.9001874327659607,283.8975372314453,380.9927673339844,12.52854,7.1304765,True
816,32.6,22,0.8258687853813171,787.7575073242188,720.0,18.168934,16.610857,False
817,32.64,0,0.80050128698349,361.6394805908203,545.8081665039062,13.61119,12.212357,True
817,32.64,1,0.8520061373710632,25.23196792602539,415.427490234375,9.064286,8.038187,True
817,32.64,4,0.8384973406791687,603.6991882324219,403.2536315917969,16.788603,8.182921,True
817,32.64,6,0.7962216734886169,611.0863952636719,584.2223510742188,16.525078,13.374938,True
817,32.64,8,0.9189262986183168,158.25341796875,404.9814453125,10.850693,7.8180957,True
817,32.64,11,0.8667003512382507,763.743896484375,506.83343505859375,18.508131,11.422329,True
817,32.64,14,0.8593561053276062,764.8660278320312,542.0196533203125,18.412315,12.377728,True
817,32.64,15,0.8383345007896423,339.5471496582031,507.6980895996094,13.332087,11.139386,True
817,32.64,20,0.9094367027282716,279.9192352294922,379.675537109375,12.472752,7.0812154,True
817,32.64,22,0.7788689136505127,787.4461975097656,720.0,18.165672,16.610727,False
818,32.68,0,0.8118191957473755,345.8542938232422,547.8025512695312,13.420679,12.255642,True
818,32.68,1,0.672687828540802,20.833723068237305,416.2441101074219,9.006964,8.061086,True
818,32.68,4,0.862228512763977,604.3405456542969,408.7235412597656,16.785055,8.360261,True
818,32.68,6,0.8566796779632568,615.0022583007812,590.9735717773438,16.558247,13.547423,True
818,32.68,8,0.9293335676193236,151.83700561523438,406.3618774414063,10.7664,7.857964,True
818,32.68,11,0.8501578569412231,762.1654357910156,509.6983337402344,18.480207,11.500628,True
818,32.68,14,0.8733360171318054,769.1889038085938,544.1769409179688,18.456268,12.43763,True
818,32.68,15,0.9266911745071412,344.0324249267578,504.1541442871094,13.386853,11.041511,True
818,32.68,20,0.9034038782119752,275.3966369628906,380.7251892089844,12.4118185,7.112689,True
818,32.68,22,0.7650911211967468,787.5165405273438,720.0,18.16641,16.610756,False
819,32.72,0,0.7921488881111145,342.70863342285156,544.1319580078125,13.381629,12.154257,True
819,32.72,4,0.8536304235458374,603.8322448730469,410.15234375,16.775358,8.405734,True
819,32.72,6,0.8617603778839111,618.4971618652344,588.99951171875,16.601929,13.499884,True
819,32.72,8,0.9247737526893616,144.44026947021484,406.6728820800781,10.666408,7.86121,True
819,32.72,11,0.8596224188804626,764.4170532226562,513.2521362304688,18.4959,11.600304,True
819,32.72,14,0.8759834170341492,773.0014953613281,543.7803344726562,18.502,12.4296255,True
819,32.72,15,0.8999361395835876,353.1812286376953,502.1734619140625,13.5003805,10.99158,True
819,32.72,20,0.9007847905158995,271.81580352783203,381.5236206054688,12.363588,7.136464,True
819,32.72,22,0.6050662398338318,787.2441101074219,720.0,18.163557,16.610643,False
820,32.76,0,0.8411529660224915,341.03675842285156,545.752685546875,13.361821,12.197032,True
820,32.76,4,0.8670603632926941,604.577880859375,415.09857177734375,16.774355,8.564705,True
820,32.76,6,0.8639228343963623,626.8998718261719,588.2131958007812,16.699955,13.485055,True
820,32.76,8,0.9211019277572632,136.2620735168457,407.0687255859375,10.555943,7.8665323,True
820,32.76,11,0.868244469165802,766.0380554199219,509.2147216796875,18.528011,11.489982,True
820,32.76,14,0.8878592848777771,773.9903869628906,546.9213256835938,18.503845,12.513106,True
820,32.76,15,0.7726582884788513,392.2277526855469,486.4498901367188,13.988298,10.565923,True
820,32.76,20,0.8882498145103455,268.27751159667963,381.8998718261719,12.315512,7.1457906,True
821,32.8,0,0.8907267451286316,332.91265869140625,543.9140625,13.262716,12.141736,True
821,32.8,4,0.8741028904914856,605.6789855957031,418.9995727539063,16.780188,8.689734,True
821,32.8,6,0.9173226356506348,644.840087890625,586.2733154296875,16.909864,13.446803,True
821,32.8,8,0.8916464447975159,115.40300750732422,407.5653991699219,10.272742,7.863006,True
821,32.8,11,0.8358649611473083,761.6444396972656,508.6589965820313,18.47725,11.471481,True
821,32.8,14,0.9003097414970398,778.2955932617188,552.4683837890625,18.536785,12.661309,True
821,32.8,15,0.869185745716095,395.11985778808594,503.8243713378906,14.02184,11.070009,True
821,32.8,20,0.922447144985199,259.4795455932617,382.7542724609375,12.195917,7.1661906,True
822,32.84,0,0.8926036357879639,329.8655548095703,548.9689331054688,13.2276325,12.276426,True
822,32.84,4,0.8475795388221741,607.4274291992188,421.78033447265625,16.796732,8.779279,True
822,32.84,6,0.9433488845825196,650.0902404785156,589.9952392578125,16.962608,13.543458,True
822,32.84,8,0.916590929031372,102.60367393493652,408.0522155761719,10.09928,7.866916,True
822,32.84,11,0.821302592754364,767.8134155273438,513.141357421875,18.536724,11.599632,True
822,32.84,14,0.8943244814872742,781.9166259765625,553.5888671875,18.57531,12.692853,True
822,32.84,15,0.8939752578735352,401.375244140625,495.6482849121094,14.101126,10.840071,True
822,32.84,20,0.928416907787323,253.586181640625,382.9056396484375,12.115302,7.1654277,True
823,32.88,0,0.90236634016037,325.46437072753906,548.409423828125,13.174135,12.258395,True
823,32.88,4,0.9064688682556152,605.9723205566406,426.1898498535156,16.768572,8.916799,True
823,32.88,6,0.9486115574836732,654.0758361816406,598.4912109375,16.990889,13.757627,True
823,32.88,8,0.9085947275161744,86.86122131347656,407.2926330566406,9.881851,7.8263445,True
823,32.88,11,0.7150429487228394,772.0679931640625,522.4818115234375,18.557636,11.858112,True
823,32.88,14,0.8850709795951843,781.9944152832031,555.0696411132812,18.571602,12.7314825,True
823,32.88,15,0.9183613061904908,412.21461486816406,494.6713562011719,14.236466,10.82007,True
823,32.88,20,0.9208584427833556,246.04217529296875,382.35052490234375,12.011062,7.138762,True
824,32.92,0,0.9031794667243958,322.1761779785156,547.7327270507812,13.134013,12.237922,True
824,32.92,4,0.8969631195068359,606.7030639648438,430.1290893554688,16.769554,9.040702,True
824,32.92,6,0.938904881477356,661.1611022949219,600.3556518554688,17.067701,13.807854,True
824,32.92,8,0.907399594783783,69.36791801452637,407.9992980957031,9.644347,7.8330655,True
824,32.92,11,0.8213274478912354,779.7738647460938,527.4586791992188,18.632824,11.998168,True
824,32.92,14,0.8954076766967773,784.4044494628906,555.3796997070312,18.598545,12.741072,True
824,32.92,15,0.9328668117523192,418.10951232910156,494.1593627929688,14.310083,10.809748,True
824,32.92,20,0.9136563539505004,236.62950897216797,384.7297973632813,11.88518,7.2108035,True
825,32.96,0,0.903883159160614,316.2724609375,548.2518310546875,13.0627,12.247994,True
825,32.96,4,0.8671201467514038,608.1039428710938,429.4854431152344,16.788858,9.021829,True
825,32.96,6,0.9286620616912842,666.9212341308594,602.1674194335938,17.129353,13.855879,True
825,32.96,8,0.9038379788398744,53.67933368682861,407.2934875488281,9.426848,7.7942343,True
825,32.96,11,0.8612162470817566,782.5160217285156,523.72265625,18.677244,11.898941,True
825,32.96,14,0.8993121981620789,787.9653930664062,558.3507080078125,18.63042,12.820441,True
825,32.96,15,0.9325971603393556,426.82655334472656,494.30078125,14.418578,10.820425,True
825,32.96,20,0.9243885278701782,227.21197509765625,382.5945434570313,11.752652,7.1280737,True
826,33.0,0,0.8981553912162781,310.5216064453125,548.2531127929688,12.992977,12.244181,True
826,33.0,4,0.8953416347503662,606.3125915527344,431.6739807128906,16.761284,9.088516,True
826,33.0,6,0.908620297908783,669.6895751953125,604.7554931640625,17.155262,13.921171,True
826,33.0,8,0.8892595171928406,26.82453155517578,412.2745666503906,9.075047,7.934833,True
826,33.0,11,0.8185321688652039,781.619873046875,528.6664428710938,18.650703,12.031986,True
826,33.0,14,0.889586329460144,790.72509765625,565.2669067382812,18.640541,13.000528,True
826,33.0,15,0.9462483525276184,458.33294677734375,491.8481750488281,14.811892,10.77346,True
826,33.0,20,0.9243084192276,211.8935546875,383.5975036621094,11.543508,7.1470103,True
827,33.04,0,0.8882396221160889,308.0775451660156,549.0137939453125,12.963755,12.26309,True
827,33.04,4,0.9027311205863952,603.1169738769531,430.5840759277344,16.722698,9.05178,True
827,33.04,6,0.897906482219696,668.7412719726562,605.6035766601562,17.142715,13.941472,True
827,33.04,11,0.8683866262435913,783.2143249511719,531.772705078125,18.659483,12.116584,True
827,33.04,14,0.9030534625053406,789.8085021972656,566.2141723632812,18.62704,13.02427,True
827,33.04,15,0.9482994079589844,477.8424072265625,494.3196105957031,15.052073,10.859452,True
827,33.04,20,0.9141799807548524,200.68624114990234,381.8019409179688,11.385904,7.07386,True
827,33.04,8,0.508521556854248,19.517715454101562,410.3038940429688,8.967683,7.8619766,True
828,33.08,0,0.8967941403388977,303.8368377685547,548.7216186523438,12.912161,12.252364,True
828,33.08,4,0.8903791308403015,600.7715148925781,435.46966552734375,16.682596,9.201619,True
828,33.08,6,0.8974659442901611,669.49462890625,605.0543823242188,17.152416,13.928407,True
828,33.08,11,0.8678180575370789,785.0344848632812,531.6409301757812,18.681303,12.1142645,True
828,33.08,14,0.9010263085365297,790.6336975097656,566.092041015625,18.636908,13.021645,True
828,33.08,15,0.9498457312583924,492.9758758544922,500.610107421875,15.233207,11.050817,True
828,33.08,20,0.8896253108978271,190.28488159179688,381.6468505859375,11.242005,7.057917,True
829,33.12,0,0.9001308083534241,300.0287170410156,547.5429077148438,12.865229,12.217943,True
829,33.12,4,0.8919036388397217,598.3773193359375,434.8623046875,16.653286,9.1807375,True
829,33.12,6,0.8889583945274353,669.5456237792969,605.36181640625,17.15234,13.935988,True
829,33.12,11,0.806739866733551,778.9828491210938,524.9208984375,18.63163,11.929013,True
829,33.12,14,0.9044868350028992,792.1161804199219,566.928955078125,18.65132,13.044005,True
829,33.12,15,0.93997460603714,509.396240234375,504.9579162597656,15.430469,11.186329,True
829,33.12,20,0.8936271667480469,180.9445343017578,381.33636474609375,11.112281,7.0376697,True
830,33.16,0,0.8997525572776794,298.2353210449219,547.2432861328125,12.843257,12.208629,True
830,33.16,4,0.8930433392524719,599.3506774902344,435.1203002929688,16.665184,9.189572,True
830,33.16,6,0.8385257124900818,669.3770446777344,601.3681640625,17.15894,13.837553,True
830,33.16,11,0.8091859221458435,774.7794799804688,531.7830810546875,18.560253,12.111223,True
830,33.16,14,0.8956751823425293,792.303466796875,566.2266845703125,18.655674,13.026122,True
830,33.16,15,0.9414633512496948,516.9384155273438,503.7388916015625,15.52437,11.157342,True
830,33.16,20,0.910474956035614,175.27629852294922,383.5538635253906,11.038476,7.1083703,True
831,33.2,0,0.904736578464508,297.8202667236328,549.1201171875,12.839409,12.259104,True
831,33.2,4,0.8321065306663513,598.1991577148438,433.00482177734375,16.654797,9.122906,True
831,33.2,6,0.8372820019721985,653.0873413085938,578.55712890625,17.020557,13.256347,True
831,33.2,11,0.800834596157074,767.412109375,533.2246704101562,18.469095,12.144977,True
831,33.2,14,0.8560190200805664,788.9431762695312,564.6803588867188,18.62188,12.984365,True
831,33.2,15,0.9078502655029296,529.6824645996094,500.5001525878906,15.684766,11.074811,True
831,33.2,20,0.9058545231819152,165.85688018798828,377.458740234375,10.894947,6.8877854,True
832,33.24,0,0.9042290449142456,298.0149841308594,548.4027099609375,12.841317,12.239849,True
832,33.24,4,0.8398118019104004,597.7473449707031,428.7415771484375,16.657728,8.989551,True
832,33.24,6,0.8466182947158813,652.1873474121094,560.9650268554688,17.047062,12.803089,True
832,33.24,11,0.8310287594795227,758.3827514648438,535.5555419921875,18.355831,12.201377,True
832,33.24,14,0.8864282965660095,788.8312683105469,563.67333984375,18.623735,12.958404,True
832,33.24,15,0.911409556865692,541.0193176269531,498.33734130859375,15.82689,11.021643,True
832,33.24,20,0.9215463399887084,161.8765869140625,375.26361083984375,10.834712,6.80718,True
833,33.28,0,0.903111696243286,298.56219482421875,550.8104858398438,12.849475,12.305202,True
833,33.28,4,0.8618049025535583,596.4279174804688,428.0279541015625,16.642263,8.966061,True
833,33.28,6,0.8178046345710754,651.9796752929688,553.7139892578125,17.060078,12.613322,True
833,33.28,11,0.8327859044075012,753.9716491699219,532.318359375,18.313633,12.111678,True
833,33.28,14,0.8984266519546509,787.8446350097656,565.1581420898438,18.607754,12.995962,True
833,33.28,15,0.9325379729270936,554.5868377685547,496.3133850097656,15.99649,10.973995,True
833,33.28,20,0.927650272846222,156.98202514648438,374.4989929199219,10.7647915,6.7753806,True
834,33.32,0,0.9064816236495972,299.6857147216797,551.1845703125,12.863322,12.316027,True
834,33.32,4,0.7829816937446594,600.2627258300781,425.2253112792969,16.697277,8.881486,True
834,33.32,6,0.8304606080055237,652.0456848144531,542.4474487304688,17.08514,12.315114,True
834,33.32,11,0.8331493139266968,750.6458435058594,523.8231201171875,18.299757,11.879919,True
834,33.32,14,0.894675612449646,787.5814819335938,568.7535400390625,18.593575,13.087922,True
834,33.32,15,0.9397942423820496,556.6829071044922,493.8490905761719,16.026,10.905102,True
834,33.32,20,0.9388293027877808,152.92294311523438,371.2861328125,10.700651,6.658528,True
835,33.36,0,0.914655864238739,300.11766052246094,550.7471923828125,12.868286,12.304532,True
835,33.36,4,0.8087159395217896,598.7226257324219,419.212646484375,16.689972,8.690277,True
835,33.36,6,0.8407451510429382,650.2291870117188,528.2155151367188,17.094688,11.930728,True
835,33.36,11,0.8420155048370361,745.4545593261719,524.0336303710938,18.237598,11.8820915,True
835,33.36,14,0.9141668677330016,783.7702941894531,573.0709838867188,18.536623,13.19568,True
835,33.36,15,0.9117771983146667,561.3036193847656,492.3033142089844,16.085262,10.864257,True
835,33.36,20,0.931948184967041,150.66179656982422,369.1416931152344,10.663926,6.5806603,True
836,33.4,0,0.9314674735069276,303.7770233154297,552.916015625,12.913893,12.365314,True
836,33.4,4,0.8088260889053345,594.3735656738281,408.5814514160156,16.655739,8.346552,True
836,33.4,6,0.7618096470832825,645.2894897460938,505.4986877441406,17.085608,11.300243,True
836,33.4,11,0.8147661089897156,741.0733642578125,522.3277587890625,18.19064,11.832679,True
836,33.4,14,0.9266955852508544,781.6172790527344,570.830322265625,18.518782,13.137317,True
836,33.4,15,0.8530759215354919,565.6552581787109,489.4267883300781,16.143457,10.784856,True
836,33.4,20,0.9269225001335144,151.33409118652344,364.7430114746094,10.6628275,6.4257493,True
837,33.44,0,0.9381492733955384,304.9796752929687,551.015869140625,12.927347,12.315005,True
837,33.44,4,0.7778217792510986,594.859130859375,407.8342895507813,16.663614,8.322917,True
837,33.44,6,0.8061411380767822,659.333740234375,502.9739379882813,17.261486,11.239539,True
837,33.44,11,0.7493978142738342,738.2683715820312,526.14501953125,18.146265,11.934496,True
837,33.44,14,0.9115870594978333,782.5413513183594,567.77978515625,18.538698,13.05993,True
837,33.44,15,0.8420614004135132,566.0612335205078,485.4812927246094,16.15486,10.671247,True
837,33.44,20,0.9258957505226136,150.5784797668457,362.0449523925781,10.645703,6.3289633,True
838,33.48,0,0.9144046902656556,307.2597198486328,546.5914306640625,12.952482,12.197041,True
838,33.48,4,0.7707136869430542,595.5879821777344,403.7722778320313,16.681622,8.19222,True
838,33.48,6,0.756844699382782,642.2429809570312,489.5268249511719,17.084274,10.845381,True
838,33.48,11,0.8298893570899963,738.2531127929688,503.8522644042969,18.21152,11.321081,True
838,33.48,14,0.9036842584609984,783.5687255859375,560.1903686523438,18.57391,12.865306,True
838,33.48,15,0.9031405448913574,560.3096771240234,479.802001953125,16.092726,10.501732,True
838,33.48,20,0.9034308195114136,143.51170349121094,356.66278076171875,10.532679,6.12861,True
839,33.52,0,0.9267365336418152,310.05918884277344,541.6097412109375,12.983786,12.063568,True
839,33.52,4,0.7531694173812866,588.9909057617188,407.9514465332031,16.586964,8.321303,True
839,33.52,6,0.7881383299827576,654.3545227050781,485.0178833007813,17.24311,10.724976,True
839,33.52,11,0.8582012057304382,737.2566528320312,499.9226989746094,18.211248,11.210317,True
839,33.52,14,0.926947295665741,781.9617309570312,555.7063598632812,18.569246,12.748028,True
839,33.52,15,0.9113404154777528,554.4477996826172,472.5630493164063,16.031116,10.284752,True
839,33.52,20,0.9151620864868164,136.92463302612305,353.0093078613281,10.429954,5.989605,True
839,33.52,22,0.6309626698493958,794.5845642089844,720.0,18.240417,16.613708,False
840,33.56,0,0.9360753297805786,307.5163269042969,534.0868530273438,12.948551,11.855684,True
840,33.56,4,0.695921003818512,570.980224609375,399.9607849121094,16.367134,8.045177,True
840,33.56,6,0.72811359167099,639.7491760253906,456.2218627929688,17.12975,9.8669,True
840,33.56,11,0.8316859006881714,736.38623046875,497.7327575683594,18.207293,11.148098,True
840,33.56,14,0.938390016555786,781.4349975585938,547.726806640625,18.58803,12.539083,True
840,33.56,15,0.9153338074684144,551.2908935546875,466.6434326171875,16.000772,10.106911,True
840,33.56,20,0.8846609592437744,133.02752685546875,347.5826416015625,10.360183,5.7880692,True
840,33.56,22,0.5412026047706604,791.3035583496094,720.0,18.206068,16.612339,False
841,33.6,0,0.9396652579307556,305.54994201660156,517.3380737304688,12.914565,11.3877,True
841,33.6,4,0.789463222026825,576.6706848144531,385.4664916992188,16.470146,7.572067,True
841,33.6,6,0.6975979208946228,637.732666015625,461.33978271484375,17.092663,10.018305,True
841,33.6,11,0.8318525552749634,733.4058227539062,483.0960693359375,18.215141,10.729483,True
841,33.6,14,0.9156895279884338,779.50927734375,538.736572265625,18.593832,12.300159,True
841,33.6,15,0.8776214718818665,543.1132354736328,454.5400085449219,15.916115,9.737093,True
841,33.6,20,0.8717178702354431,128.30495834350586,338.25787353515625,10.267231,5.4398274,True
842,33.64,0,0.941823184490204,305.98836517333984,511.6059265136719,12.916576,11.225868,True
842,33.64,4,0.733925998210907,578.2584838867188,371.2569580078125,16.51981,7.094566,True
842,33.64,6,0.7327475547790527,630.449462890625,453.866455078125,17.018513,9.788495,True
842,33.64,11,0.8022539019584656,733.7332153320312,477.57232666015625,18.23592,10.570397,True
842,33.64,14,0.904123306274414,774.98779296875,529.0204467773438,18.571426,12.037059,True
842,33.64,15,0.8781793713569641,542.7902221679688,449.8399658203125,15.919062,9.594081,True
842,33.64,20,0.9036072492599488,126.60541534423828,336.17535400390625,10.23699,5.3605943,True
843,33.68,0,0.9358841180801392,304.34471130371094,507.7777404785156,12.89378,11.115652,True
843,33.68,4,0.7609010338783264,566.3062133789062,370.9793395996094,16.360191,7.0730686,True
843,33.68,6,0.7863491773605347,636.8036499023438,448.5525207519531,17.110655,9.633087,True
843,33.68,11,0.787207841873169,730.6421508789062,479.9219055175781,18.190987,10.635965,True
843,33.68,14,0.9172173738479614,775.6622314453125,523.1135864257812,18.598164,11.877735,True
843,33.68,15,0.8919222354888916,541.4551239013672,447.3607177734375,15.905807,9.517282,True
843,33.68,20,0.916423201560974,125.48283386230469,334.5318298339844,10.216206,5.2981224,True
844,33.72,0,0.9267651438713074,302.5159606933594,500.5429382324219,12.866376,10.906686,True
844,33.72,4,0.7722190618515015,571.5871276855469,367.090087890625,16.438675,6.9453754,True
844,33.72,6,0.807849109172821,625.805419921875,450.1396789550781,16.968475,9.672097,True
844,33.72,11,0.7795591354370117,728.3078918457031,472.7267150878906,18.184113,10.425424,True
844,33.72,14,0.9192293882369996,773.0642700195312,516.76123046875,18.587667,11.702699,True
844,33.72,15,0.872568666934967,541.8340148925781,446.7318115234375,15.91157,9.498359,True
844,33.72,20,0.9193992614746094,127.58491516113281,331.73077392578125,10.23871,5.195924,True
845,33.76,0,0.9235130548477172,300.736083984375,492.8873596191406,12.83903,10.683365,True
845,33.76,4,0.8344641923904419,570.0390625,365.1350708007813,16.421715,6.876639,True
845,33.76,6,0.7945486903190613,628.4467163085938,446.6123046875,17.009726,9.5671835,True
845,33.76,11,0.816120445728302,727.1139526367188,475.0338134765625,18.162497,10.491667,True
845,33.76,14,0.914297580718994,771.4210510253906,510.44818115234375,18.588348,11.52789,True
845,33.76,15,0.8762021660804749,545.9098510742188,448.3272399902344,15.960987,9.550547,True
845,33.76,20,0.9075693488121032,131.05091857910156,327.6841125488281,10.277612,5.0480237,True
846,33.8,0,0.8838865160942078,298.6002960205078,487.2475891113281,12.808259,10.51666,True
846,33.8,4,0.8219119906425476,570.0570068359375,357.74493408203125,16.436613,6.620988,True
846,33.8,6,0.7705671191215515,624.7524719238281,438.3181457519531,16.981726,9.310105,True
846,33.8,11,0.8024770617485046,723.7742004394531,463.69677734375,18.155552,10.156885,True
846,33.8,14,0.8948931097984314,759.4651794433594,498.2291259765625,18.484041,11.178859,True
846,33.8,15,0.8803620338439941,552.7372436523438,450.4549865722656,16.04434,9.62109,True
846,33.8,20,0.9148799180984496,136.6112289428711,317.9532165527344,10.331616,4.685369,True
847,33.84,0,0.8773730993270874,303.4892883300781,487.8063049316406,12.870484,10.53687,True
847,33.84,4,0.859978973865509,567.1810607910156,351.1755065917969,16.41065,6.3882666,True
847,33.84,6,0.7906889915466309,635.5906677246094,432.58880615234375,17.132898,9.142244,True
847,33.84,11,0.7930687665939331,725.8988952636719,460.0276489257813,18.193022,10.049947,True
847,33.84,14,0.9011847376823424,758.0902099609375,490.3001708984375,18.49268,10.953796,True
847,33.84,15,0.9018595814704896,549.5805816650391,451.5576171875,16.002584,9.651994,True
847,33.84,20,0.9157472252845764,138.16017532348633,316.0710144042969,10.349078,4.615169,True
848,33.88,0,0.8941579461097717,305.7551727294922,494.9777221679688,12.903569,10.748042,True
848,33.88,4,0.8673622608184814,567.3867797851562,336.3417053222656,16.443258,5.8612504,True
848,33.88,6,0.7910182476043701,635.9337768554688,425.7615051269531,17.1536,8.929639,True
848,33.88,11,0.7587770223617554,724.8951110839844,454.2344970703125,18.198322,9.876497,True
848,33.88,14,0.8650216460227966,756.8061828613281,480.2394409179688,18.509396,10.665015,True
848,33.88,15,0.9210718870162964,551.2611694335938,448.1268615722656,16.029295,9.548905,True
848,33.88,20,0.9239518642425536,141.28275680541992,311.75787353515625,10.3830185,4.45303,True
849,33.92,0,0.8730728626251221,306.76914978027344,500.1964111328125,12.9194765,10.899896,True
849,33.92,4,0.8718109130859375,564.7824401855469,327.21307373046875,16.42585,5.5278707,True
849,33.92,6,0.8456290364265442,639.8138427734375,423.59954833984375,17.208546,8.865203,True
849,33.92,11,0.6785731911659241,730.6642150878906,437.7694396972656,18.322145,9.382963,True
849,33.92,14,0.829352855682373,744.9440002441406,467.3121643066406,18.40554,10.280007,True
849,33.92,15,0.9204567074775696,554.1275329589844,445.5160827636719,16.069906,9.471467,True
849,33.92,20,0.9309978485107422,145.10376358032227,307.7439880371094,10.428266,4.302308,True
850,33.96,0,0.896523654460907,310.3300018310547,508.0530090332031,12.968562,11.127934,True
850,33.96,4,0.8580446243286133,562.025146484375,322.99322509765625,16.396112,5.370376,True
850,33.96,6,0.6731985211372375,644.9159545898438,419.4327697753906,17.28434,8.738406,True
850,33.96,11,0.8157733678817749,734.5955200195312,434.9107971191406,18.380854,9.29862,True
850,33.96,14,0.7476065158843994,734.446044921875,457.0285339355469,18.308332,9.967628,True
850,33.96,15,0.9290494918823242,554.2200622558594,439.3907775878906,16.081007,9.283076,True
850,33.96,20,0.9321956038475036,147.3500862121582,304.4615173339844,10.452518,4.177285,True
851,34.0,0,0.8197592496871948,308.0421447753906,506.2780151367188,12.939009,11.075535,True
851,34.0,4,0.8614006638526917,556.4437561035156,313.79754638671875,16.336588,5.023916,True
851,34.0,6,0.859840989112854,641.3643493652344,411.9874877929688,17.257227,8.498639,True
851,34.0,11,0.8269037008285522,730.5169677734375,427.1599426269531,18.35446,9.055625,True
851,34.0,14,0.8916265368461609,725.2055053710938,452.5548706054688,18.20736,9.826433,True
851,34.0,15,0.9349313378334044,556.5483703613281,435.9111633300781,16.116505,9.177285,True
851,34.0,20,0.9205769300460817,139.95155715942383,298.5282897949219,10.326846,3.9352744,True
852,34.04,0,0.7975441217422485,306.36363220214844,502.768310546875,12.915947,10.973648,True
852,34.04,4,0.8611630201339722,556.81591796875,313.58984375,16.342218,5.0166087,True
852,34.04,6,0.7330372333526611,648.0984191894531,402.9196472167969,17.36761,8.213236,True
852,34.04,11,0.7883836030960083,731.756591796875,429.77587890625,18.36167,9.137828,True
852,34.04,14,0.8543999195098877,725.9118041992188,448.531982421875,18.22863,9.706018,True
852,34.04,15,0.9397218227386476,554.9509582519531,436.2943420410156,16.095417,9.187806,True
852,34.04,20,0.9137260317802428,134.40530395507812,293.5693359375,10.230302,3.7318802,True
853,34.08,0,0.8547555804252625,306.2097625732422,499.3042297363281,12.911923,10.873722,True
853,34.08,4,0.8628347516059875,554.5867919921875,317.6134948730469,16.303078,5.1635175,True
853,34.08,6,0.7767956852912903,634.2838745117188,391.2960205078125,17.216892,7.820762,True
853,34.08,11,0.8673712015151978,732.0906066894531,432.0110778808594,18.358648,9.207198,True
853,34.08,14,0.8455929756164551,711.0963439941406,462.4111633300781,18.002434,10.108798,True
853,34.08,15,0.9494439363479614,554.4592590332031,435.1191101074219,16.091045,9.150874,True
853,34.08,20,0.8812615275382996,119.63478469848633,290.865966796875,10.001743,3.6051548,True
854,34.12,0,0.8988118171691895,306.8823547363281,495.445556640625,12.918032,10.762491,True
854,34.12,4,0.8826037645339966,551.2182006835938,309.6222839355469,16.271406,4.861737,True
854,34.12,6,0.8374791145324707,645.3876342773438,383.7862243652344,17.38229,7.582759,True
854,34.12,11,0.8676825165748596,731.1103820800781,431.8757629394531,18.346704,9.202184,True
854,34.12,14,0.7618656158447266,717.7854919433594,462.7680358886719,18.084236,10.1246805,True
854,34.12,15,0.9446410536766052,554.3552856445312,432.5074157714844,16.094,9.069432,True
854,34.12,20,0.8653971552848816,116.37448310852051,289.15728759765625,9.947627,3.5325189,True
855,34.16,0,0.9298193454742432,309.2057342529297,506.8694458007813,12.95387,11.0933075,True
855,34.16,4,0.907781183719635,553.7757415771484,297.228271484375,16.33204,4.395336,True
855,34.16,6,0.8618127107620239,647.4839172363281,375.8057556152344,17.431316,7.3176417,True
855,34.16,11,0.7650220394134521,732.6609191894531,430.0987854003906,18.372059,9.148599,True
855,34.16,14,0.8306847810745239,735.3042602539062,464.0174255371094,18.297064,10.175479,True
855,34.16,15,0.9453052878379822,554.0365905761719,431.8329772949219,16.091015,9.048098,True
855,34.16,20,0.8602961897850037,102.93021392822266,288.4360046386719,9.743672,3.4861503,True
856,34.2,0,0.9337407946586608,308.6745300292969,525.6487426757812,12.9579935,11.622771,True
856,34.2,4,0.904005527496338,551.8524169921875,300.36865234375,16.298496,4.512833,True
856,34.2,6,0.7875510454177856,659.0875244140625,364.4721984863281,17.617146,6.944547,True
856,34.2,11,0.7926586270332336,733.9048156738281,432.2858276367188,18.380667,9.217224,True
856,34.2,14,0.6396873593330383,713.4201049804688,465.25244140625,18.02288,10.1946,True
856,34.2,15,0.9239987134933472,548.2546234130859,429.4298095703125,16.02054,8.967837,True
856,34.2,20,0.9143401384353638,106.32402229309082,288.88287353515625,9.796072,3.5085037,True
857,34.24,0,0.9315037131309508,307.055908203125,534.8032836914062,12.943322,11.875089,True
857,34.24,4,0.8923527002334595,550.5393524169922,294.31024169921875,16.291838,4.279539,True
857,34.24,6,0.6744542121887207,671.9933471679688,364.9295959472656,17.787966,6.97326,True
857,34.24,11,0.826617419719696,729.8071899414062,430.8300476074219,18.333609,9.168765,True
857,34.24,14,0.6361228823661804,714.7898864746094,465.3408203125,18.039557,10.198289,True
857,34.24,15,0.9328470826148988,541.4191131591797,431.14447021484375,15.92987,9.015577,True
857,34.24,20,0.9325132966041564,110.5391616821289,289.3131408691406,9.860673,3.531228,True
858,34.28,0,0.9245620369911194,305.5917358398437,537.6148071289062,12.927036,11.9513,True
858,34.28,4,0.9201325178146362,541.5911560058594,285.5025939941406,16.181046,3.9275272,True
858,34.28,6,0.6942760944366455,676.4517211914062,362.4964294433594,17.854752,6.894523,True
858,34.28,11,0.782923698425293,720.7015991210938,428.43560791015625,18.225971,9.086759,True
858,34.28,14,0.756999671459198,705.4226684570312,465.8521423339844,17.922235,10.205964,True
858,34.28,15,0.934719443321228,534.8561096191406,430.30511474609375,15.846617,8.983553,True
858,34.28,20,0.9339993000030518,113.51853370666504,288.442626953125,9.902566,3.5001383,True
859,34.32,0,0.9305611848831176,305.0117492675781,536.5392456054688,12.919318,11.9213915,True
859,34.32,4,0.903208076953888,536.6532897949219,287.57403564453125,16.106323,4.002061,True
859,34.32,6,0.6799707412719727,686.4266357421875,365.3494873046875,17.97889,7.002179,True
859,34.32,11,0.824088990688324,727.7573547363281,428.185302734375,18.316177,9.085082,True
859,34.32,14,0.9002271294593811,709.2713928222656,464.835693359375,17.972776,10.179025,True
859,34.32,15,0.928672730922699,536.0535583496094,430.9085998535156,15.861152,9.003509,True
859,34.32,20,0.9317654371261596,119.85873413085939,288.2816772460937,9.997112,3.5018847,True
860,34.36,0,0.9360616207122804,311.2057189941406,535.4359741210938,12.9944515,11.895358,True
860,34.36,4,0.8863556385040283,532.3182525634766,287.6341247558594,16.04405,3.999021,True
860,34.36,6,0.6936907768249512,683.9786376953125,375.4006958007813,17.915415,7.34002,True
860,34.36,11,0.8212937116622925,732.88720703125,428.0706787109375,18.381525,9.085953,True
860,34.36,14,0.90542471408844,715.3288879394531,464.7682495117188,18.047909,10.181828,True
860,34.36,15,0.9517505168914796,540.9024200439453,436.9556274414063,15.914394,9.196242,True
860,34.36,20,0.906211793422699,131.54997634887695,288.5747375488281,10.173086,3.5287673,True
861,34.4,0,0.9267292022705078,322.64271545410156,533.64013671875,13.133473,11.853869,True
861,34.4,4,0.9218162298202516,546.2773590087891,289.6692199707031,16.240143,4.0952682,True
861,34.4,11,0.8646406531333923,748.6858215332031,424.22796630859375,18.594547,8.980144,True
861,34.4,14,0.905859649181366,729.1229248046875,464.79205322265625,18.21832,10.193435,True
861,34.4,15,0.9469987750053406,554.4297027587891,436.4464721679688,16.088493,9.192079,True
861,34.4,20,0.8788096308708191,117.83773040771484,287.6580505371094,9.964872,3.474208,True
861,34.4,6,0.5632530450820923,702.7227783203125,370.1784973144531,18.179754,7.182529,True
862,34.44,0,0.9395772814750672,331.2858123779297,548.94140625,13.244807,12.276631,True
862,34.44,4,0.9189038276672364,552.2310943603516,294.6208190917969,16.315304,4.2935305,True
862,34.44,6,0.7824214100837708,749.0603637695312,364.47650146484375,18.81291,7.0355444,True
862,34.44,11,0.7742822766304016,751.1683654785156,427.0285339355469,18.6164,9.069398,True
862,34.44,14,0.9006919264793396,738.2236328125,463.4122924804688,18.335018,10.159934,True
862,34.44,15,0.9489948749542236,559.0625152587891,437.3591613769531,16.146273,9.224359,True
862,34.44,20,0.857722282409668,121.94225311279297,288.03887939453125,10.02759,3.494832,True
863,34.48,0,0.9482215642929076,341.6304473876953,556.80810546875,13.372113,12.494377,True
863,34.48,4,0.9105353355407716,556.569091796875,294.7937316894531,16.376682,4.305445,True
863,34.48,6,0.7246381640434265,735.6082763671875,361.0787963867188,18.647083,6.9060974,True
863,34.48,11,0.6851224899291992,752.7078247070312,431.3790283203125,18.620949,9.205323,True
863,34.48,14,0.8931677937507629,746.2612915039062,464.3465270996094,18.431265,10.193841,True
863,34.48,15,0.9467273354530334,563.4831848144531,440.7366027832031,16.197025,9.33251,True
863,34.48,20,0.8950710892677307,134.9006690979004,287.5369873046875,10.2202,3.4914591,True
864,34.52,0,0.9469462037086488,352.00067138671875,564.6860961914062,13.498292,12.709983,True
864,34.52,4,0.916656494140625,558.4681701660156,294.4301452636719,16.404448,4.2937956,True
864,34.52,6,0.790637731552124,746.1289978027344,353.5987548828125,18.814756,6.659694,True
864,34.52,11,0.6660399436950684,753.2649841308594,428.3879089355469,18.63824,9.113353,True
864,34.52,14,0.8948689699172974,747.3731384277344,467.9320373535156,18.433458,10.300092,True
864,34.52,15,0.9367635250091552,566.8996429443359,437.8511047363281,16.24562,9.246308,True
864,34.52,20,0.9113415479660034,144.67243194580078,286.6298828125,10.363892,3.4676836,True
865,34.56,0,0.949667513370514,359.3714141845703,572.395751953125,13.587395,12.916893,True
865,34.56,4,0.9141641855239868,559.4837951660156,292.0367431640625,16.423887,4.2029567,True
865,34.56,6,0.7698657512664795,758.0347290039062,353.725830078125,18.973,6.6763663,True
865,34.56,11,0.8315446972846985,756.6163024902344,433.5763549804688,18.66265,9.276312,True
865,34.56,14,0.9084282517433168,747.2676086425781,466.2981262207031,18.4374,10.252056,True
865,34.56,15,0.9283075928688048,569.9597778320312,439.0903625488281,16.28252,9.287235,True
865,34.56,20,0.9213711619377136,162.14978408813477,284.4260559082031,10.619536,3.4017308,True
866,34.6,0,0.9353776574134828,365.9521484375,569.402099609375,13.665325,12.842787,True
866,34.6,4,0.8838905096054077,566.6380920410156,293.6326904296875,16.522352,4.2731075,True
866,34.6,6,0.8786368370056152,773.2729187011719,344.48052978515625,19.213402,6.371003,True
866,34.6,11,0.8437411785125732,763.430419921875,435.2298278808594,18.742603,9.332845,True
866,34.6,14,0.8807829022407532,744.54931640625,463.6363220214844,18.412416,10.171552,True
866,34.6,15,0.9383463263511658,561.9298248291016,435.3896484375,16.186298,9.165725,True
866,34.6,20,0.9170549511909484,181.41239166259766,280.4255676269531,10.89808,3.2653887,True
867,34.64,0,0.9170830249786376,372.6492614746094,569.0308227539062,13.744986,12.837298,True
867,34.64,4,0.902301549911499,576.3349304199219,290.8656005859375,16.666504,4.178434,True
867,34.64,6,0.8680252432823181,779.4341430664062,347.156982421875,19.284819,6.470849,True
867,34.64,11,0.8862679600715637,776.1021423339844,434.6248474121094,18.903902,9.325021,True
867,34.64,14,0.9030942916870116,745.9754943847656,462.9254150390625,18.432304,10.151703,True
867,34.64,15,0.9367429614067078,573.5884094238281,436.7401428222656,16.333063,9.217646,True
867,34.64,20,0.8391065001487732,187.75704956054688,278.9215087890625,10.989669,3.212791,True
868,34.68,0,0.9328026175498962,383.3646697998047,565.4161376953125,13.872585,12.749247,True
868,34.68,4,0.9034594893455504,582.9878540039062,289.9919128417969,16.763264,4.152881,True
868,34.68,6,0.7856035828590393,784.3336486816406,337.9458312988281,19.389029,6.1531835,True
868,34.68,11,0.8880884051322937,790.3939819335938,436.2808532714844,19.077036,9.38776,True
868,34.68,14,0.9109739661216736,754.5853271484375,464.4028930664063,18.53372,10.202072,True
868,34.68,15,0.9315743446350098,586.5621337890625,436.6998901367188,16.498829,9.227526,True
868,34.68,20,0.8723407983779907,186.5570068359375,280.261474609375,10.974768,3.2654955,True
869,34.72,0,0.9443122148513794,394.91229248046875,563.2086181640625,14.010397,12.698511,True
869,34.72,4,0.9205191135406494,594.3619079589844,292.3224182128906,16.91934,4.2565303,True
869,34.72,6,0.8713812828063965,790.5303955078125,338.5547180175781,19.469694,6.1812677,True
869,34.72,11,0.9000308513641357,801.6780090332031,439.153076171875,19.20732,9.484763,True
869,34.72,14,0.9269093871116638,762.0831298828125,464.4888305664063,18.625814,10.210514,True
869,34.72,15,0.9374598264694214,600.2894897460938,432.9550476074219,16.681616,9.123164,True
869,34.72,20,0.8088821172714233,197.38343811035156,279.2088317871094,11.13454,3.2370896,True
870,34.76,0,0.9486212134361268,405.70751953125,571.898193359375,14.137025,12.932977,True
870,34.76,4,0.90903639793396,598.4482116699219,291.1352844238281,16.980335,4.215868,True
870,34.76,6,0.8747730255126953,800.9415283203125,338.4283447265625,19.609993,6.1879106,True
870,34.76,11,0.9082297682762146,809.9224243164062,428.7323913574219,19.35091,9.172621,True
870,34.76,14,0.91251403093338,769.8320617675781,463.8287048339844,18.723469,10.197195,True
870,34.76,15,0.9338825941085817,610.6182861328125,431.0814208984375,16.817596,9.073792,True
870,34.76,20,0.853574812412262,212.80502319335938,277.5380249023437,11.361932,3.1896503,True
871,34.8,0,0.9512962102890016,425.5996398925781,583.5978393554688,14.367927,13.247393,True
871,34.8,4,0.8756182789802551,613.5958557128906,299.12176513671875,17.173908,4.539384,True
871,34.8,6,0.8992234468460083,826.8366088867188,340.0667724609375,19.949343,6.2729816,True
871,34.8,14,0.913572072982788,783.1609191894531,465.6692810058594,18.881008,10.261774,True
871,34.8,15,0.9360229969024658,627.57666015625,434.38482666015625,17.026617,9.1910305,True
871,34.8,20,0.9159979224205016,240.8836212158203,279.63604736328125,11.785019,3.3113234,True
871,34.8,11,0.598945140838623,823.3463439941406,434.92578125,19.494505,9.3741,True
872,34.84,0,0.9498170018196106,433.0900573730469,589.4429931640625,14.45325,13.40103,True
872,34.84,4,0.8382214307785034,613.2283325195312,288.7314758300781,17.196577,4.1413326,True
872,34.84,6,0.911845862865448,843.4587097167969,335.6661376953125,20.19255,6.135925,True
872,34.84,11,0.6251654028892517,827.0068359375,437.8857727050781,19.528284,9.467381,True
872,34.84,14,0.8639534711837769,787.0713195800781,466.4372253417969,18.926306,10.287354,True
872,34.84,15,0.9337921738624572,631.3460998535156,433.7335815429688,17.076132,9.174093,True
872,34.84,20,0.9149001836776732,252.38206481933594,276.85113525390625,11.952022,3.2138612,True
872,34.84,23,0.911793053150177,41.931259632110596,377.8355712890625,9.163649,6.7722387,True
873,34.88,0,0.9450905919075012,438.6849670410156,594.3731689453125,14.516264,13.529214,True
873,34.88,4,0.8283441662788391,612.9726257324219,293.1319580078125,17.181107,4.3102164,True
873,34.88,6,0.9119197130203248,855.4672241210938,326.49420166015625,20.399008,5.823406,True
873,34.88,11,0.8791577816009521,835.4423522949219,439.1532287597656,19.628208,9.512914,True
873,34.88,14,0.8622438311576843,781.7626953125,466.92486572265625,18.85944,10.297487,True
873,34.88,15,0.9206460118293762,636.0704650878906,434.0456237792969,17.135544,9.187819,True
873,34.88,20,0.8829564452171326,264.3950881958008,276.03643798828125,12.129938,3.1966615,True
873,34.88,23,0.9182142615318298,52.74286985397339,376.6454162597656,9.311569,6.741775,True
874,34.92,0,0.937597632408142,443.7610321044922,592.734619140625,14.576137,13.490821,True
874,34.92,6,0.9086920619010924,860.227294921875,324.47039794921875,20.473358,5.756223,True
874,34.92,11,0.8083091974258423,834.9912719726562,438.5685119628906,19.624987,9.49479,True
874,34.92,14,0.8707634210586548,790.0386962890625,466.3352661132813,18.96308,10.28669,True
874,34.92,15,0.909799337387085,634.3411254882812,430.725830078125,17.121391,9.083272,True
874,34.92,20,0.8984347581863403,269.4586868286133,276.3099670410156,12.205732,3.2143826,True
874,34.92,23,0.9250160455703736,62.83268547058105,378.2307739257813,9.45863,6.807888,True
874,34.92,4,0.5950223207473755,614.4351501464844,289.0498352050781,17.212858,4.155092,True
875,34.96,0,0.9309208393096924,445.0596313476563,590.4087524414062,14.592452,13.432693,True
875,34.96,4,0.8173050284385681,643.0155944824219,300.2533569335937,17.584488,4.6173134,True
875,34.96,6,0.9141296148300172,869.5331420898438,316.5755615234375,20.63988,5.482137,True
875,34.96,11,0.8683862686157227,839.8533935546875,443.3609008789063,19.665756,9.643827,True
875,34.96,14,0.8587726354598999,793.6307373046875,463.1665954589844,19.018568,10.196479,True
875,34.96,15,0.9073039293289183,646.4757995605469,431.5045166015625,17.274199,9.1179695,True
875,34.96,20,0.7463913559913635,271.18153381347656,275.2147827148437,12.229987,3.1723034,True
875,34.96,23,0.9101375937461852,74.8615493774414,379.1575317382813,9.630243,6.8527946,True
876,35.0,0,0.9364420771598816,462.9960174560547,585.13330078125,14.804838,13.309268,True
876,35.0,4,0.90341717004776,654.7638549804688,294.4037170410156,17.767542,4.4093328,True
876,35.0,6,0.893817126750946,883.1005859375,314.88189697265625,20.832605,5.43589,True
876,35.0,11,0.8779094219207764,861.2982177734375,437.6285705566406,19.956202,9.488179,True
876,35.0,14,0.849848210811615,813.2019958496094,460.7809448242188,19.267933,10.14168,True
876,35.0,15,0.9391269683837892,672.3424377441406,431.1117858886719,17.604334,9.128087,True
876,35.0,20,0.7952291369438171,291.22999572753906,276.1472473144531,12.529376,3.2363532,True
876,35.0,23,0.9139635562896729,101.80358505249023,377.05224609375,10.000959,6.807223,True
877,35.04,0,0.937061071395874,474.53041076660156,582.458251953125,14.941476,13.247912,True
877,35.04,4,0.8965327739715576,663.0345153808594,292.9639587402344,17.888615,4.3643847,True
877,35.04,6,0.8511680960655212,886.3851928710938,316.61199951171875,20.867685,5.5022383,True
877,35.04,11,0.871349036693573,871.8490600585938,442.3315734863281,20.066574,9.639144,True
877,35.04,14,0.9191982746124268,822.1528625488281,462.2937927246094,19.372046,10.19329,True
877,35.04,15,0.947393834590912,679.3484497070312,431.5807800292969,17.692047,9.14866,True
877,35.04,20,0.8616544008255005,306.1992950439453,275.4984130859375,12.751052,3.229755,True
877,35.04,23,0.908459722995758,112.34881591796875,377.8049011230469,10.150476,6.8444686,True
878,35.08,0,0.9498132467269896,486.2828369140625,591.0303344726562,15.0716715,13.472939,True
878,35.08,4,0.8464199900627136,669.2770385742188,300.35076904296875,17.95228,4.6521564,True
878,35.08,6,0.8688057661056519,900.4310607910156,312.9525756835937,21.077816,5.3852444,True
878,35.08,11,0.8802658915519714,882.0227966308594,432.9840087890625,20.2345,9.364194,True
878,35.08,14,0.9230424761772156,825.9143676757812,457.905517578125,19.435284,10.066867,True
878,35.08,15,0.9473484754562378,685.6751403808594,432.1793212890625,17.770662,9.172631,True
878,35.08,20,0.8857706785202026,325.57086181640625,274.8888854980469,13.037872,3.2305129,True
878,35.08,23,0.904160737991333,124.70563125610352,379.3755187988281,10.32707,6.911974,True
879,35.12,0,0.9450399875640868,495.07069396972656,598.3114013671875,15.167237,13.661261,True
879,35.12,4,0.8354619741439819,674.407958984375,303.815185546875,18.012615,4.7884994,True
879,35.12,6,0.8962671756744385,913.4026489257812,313.3768005371094,21.250845,5.415184,True
879,35.12,11,0.872486412525177,894.4902648925781,436.2500915527344,20.374445,9.474007,True
879,35.12,14,0.9286454916000366,837.2478637695312,463.7599792480469,19.551245,10.248201,True
879,35.12,15,0.9405863285064696,700.1785278320312,434.2781677246094,17.948307,9.249866,True
879,35.12,20,0.8986489772796631,339.42454528808594,273.5933837890625,13.242412,3.1963458,True
879,35.12,23,0.873525083065033,148.17951202392578,379.3174743652344,10.653558,6.934154,True
880,35.16,0,0.9421678185462952,507.0123291015625,602.9215087890625,15.300636,13.783188,True
880,35.16,4,0.8662803173065186,677.6463928222656,300.1388854980469,18.070084,4.6540813,True
880,35.16,6,0.9116711616516112,927.1391906738281,315.0768127441406,21.426394,5.4920874,True
880,35.16,11,0.8174030780792236,899.2332458496094,435.8895263671875,20.434933,9.467019,True
880,35.16,14,0.9155340194702148,841.1307373046875,462.6642456054688,19.603142,10.219109,True
880,35.16,15,0.9386417865753174,705.2440795898438,434.8009643554688,18.010798,9.270288,True
880,35.16,20,0.8951994776725769,347.197021484375,273.4172058105469,13.357416,3.1994197,True
880,35.16,23,0.8950503468513489,163.29705810546872,378.0555114746094,10.860705,6.9058914,True
881,35.2,0,0.917856514453888,520.0618286132812,608.0013427734375,15.445318,13.916506,True
881,35.2,4,0.8624423146247864,704.1246643066406,298.8751525878906,18.444519,4.6378016,True
881,35.2,6,0.9335471391677856,947.8127136230469,305.8092041015625,21.761154,5.1781535,True
881,35.2,11,0.8718926906585693,908.255615234375,449.5610961914063,20.482643,9.885285,True
881,35.2,14,0.8388530611991882,843.6896667480469,462.9265747070313,19.633408,10.228816,True
881,35.2,15,0.9247786402702332,709.0008544921875,434.2714538574219,18.059866,9.25718,True
881,35.2,20,0.8373871445655823,367.22984313964844,275.5502624511719,13.653824,3.3115232,True
881,35.2,23,0.8829060792922974,198.23495483398438,380.924072265625,11.350457,7.041085,True
882,35.24,0,0.9360743761062622,518.1593475341797,605.4051513671875,15.426222,13.851217,True
882,35.24,4,0.9144273400306702,708.4238586425781,294.7057189941406,18.519974,4.4852285,True
882,35.24,6,0.9287885427474976,955.6439208984375,306.7984619140625,21.861015,5.223217,True
882,35.24,11,0.8594971299171448,914.1249694824219,448.71875,20.55862,9.8649435,True
882,35.24,14,0.8738024234771729,848.5805358886719,463.575439453125,19.690601,10.251677,True
882,35.24,15,0.9275400042533876,712.6321411132812,434.0744018554688,18.10635,9.254205,True
882,35.24,20,0.7543578743934631,367.6298522949219,275.6338806152344,13.659729,3.3154035,True
882,35.24,23,0.8768612742424011,211.32476806640625,382.2853698730469,11.533446,7.101326,True
883,35.28,0,0.9132663607597352,515.5610198974609,604.8239135742188,15.396997,13.835327,True
883,35.28,4,0.903183937072754,716.7061462402344,299.9764099121094,18.615902,4.6941457,True
883,35.28,6,0.9064910411834716,966.5433654785156,308.2253112792969,21.9993,5.287584,True
883,35.28,11,0.8629835247993469,918.9213562011719,449.7139587402344,20.612766,9.898424,True
883,35.28,14,0.8940606117248535,853.1952819824219,460.755859375,19.758604,10.172542,True
883,35.28,15,0.9247437715530396,724.4567260742188,432.96630859375,18.259174,9.23014,True
883,35.28,20,0.7649323344230652,377.81700134277344,277.3291320800781,13.809789,3.396614,True
883,35.28,23,0.8684935569763184,225.6220092773437,382.2244262695313,11.730208,7.113742,True
884,35.32,0,0.913480579853058,530.5447082519531,602.8533935546875,15.571157,13.795008,True
884,35.32,4,0.9046733379364014,722.2402038574219,309.2317810058594,18.65775,5.0460496,True
884,35.32,6,0.871368408203125,977.2909545898438,310.9967956542969,22.126497,5.4003515,True
884,35.32,11,0.870778501033783,928.9474487304688,454.2389221191406,20.713913,10.040519,True
884,35.32,14,0.8957955837249756,863.8645935058594,460.8351745605469,19.88884,10.183283,True
884,35.32,15,0.9139695167541504,741.6021118164062,431.9183349609375,18.479033,9.212466,True
884,35.32,20,0.8137140870094299,390.8300476074219,275.6823425292969,14.001278,3.3474884,True
884,35.32,23,0.8913484811782837,242.48470306396484,381.2374877929688,11.960674,7.0969176,True
884,35.32,24,0.7833783626556396,39.84350872039795,483.1463623046875,9.480744,10.189844,True
885,35.36,0,0.9168059825897216,543.6090545654297,602.6019897460938,15.72138,13.796258,True
885,35.36,4,0.8344434499740601,724.9476623535156,312.43121337890625,18.683023,5.167385,True
885,35.36,6,0.8572756052017212,981.220703125,309.5547790527344,22.188602,5.35244,True
885,35.36,11,0.8627461194992065,942.2212219238281,446.9250793457031,20.911892,9.834209,True
885,35.36,14,0.9065182209014891,878.5877380371094,463.5604248046875,20.05702,10.274721,True
885,35.36,15,0.9376128911972046,752.6151123046875,428.65374755859375,18.629116,9.121026,True
885,35.36,20,0.808994710445404,402.8555908203125,276.541748046875,14.177706,3.3974867,True
885,35.36,23,0.8799821734428406,257.3171615600586,382.7320556640625,12.166246,7.1632457,True
885,35.36,24,0.7810124754905701,57.27564811706543,484.75982666015625,9.711922,10.252264,True
886,35.4,0,0.9361109137535096,561.6097412109375,604.3011474609375,15.92539,13.848665,True
886,35.4,4,0.7616706490516663,736.3504028320312,330.4994201660156,18.770514,5.836604,True
886,35.4,6,0.8404585123062134,995.0298767089844,312.68463134765625,22.353792,5.481184,True
886,35.4,11,0.8981964588165283,965.3185424804688,448.24359130859375,21.187935,9.892068,True
886,35.4,14,0.9052255749702454,883.8076171875,461.560546875,20.12937,10.220254,True
886,35.4,15,0.9456971287727356,766.0872497558594,424.2205505371094,18.815018,8.995038,True
886,35.4,20,0.8842121362686157,433.7915344238281,275.7767333984375,14.631409,3.4068685,True
886,35.4,23,0.9125928282737732,287.0077896118164,378.515380859375,12.56884,7.048513,True
886,35.4,24,0.90982586145401,90.29815673828125,485.3863220214844,10.141147,10.297398,True
886,35.4,25,0.8867221474647522,58.76426887512207,370.3929443359375,9.375149,6.527577,True
887,35.44,0,0.9455347061157228,567.6351165771484,607.9390869140625,15.9892235,13.941887,True
887,35.44,4,0.7925198078155518,747.236328125,329.6159362792969,18.921774,5.816859,True
887,35.44,6,0.8694596886634827,1006.1131286621094,312.20849609375,22.505472,5.4763174,True
887,35.44,11,0.9113323092460632,972.1624145507812,448.9898071289063,21.267677,9.919714,True
887,35.44,14,0.9015989899635316,884.4586181640625,462.9260559082031,20.131348,10.260756,True
887,35.44,15,0.9308637380599976,775.5254211425781,425.1535034179688,18.93102,9.032236,True
887,35.44,20,0.8708511590957642,449.2600555419922,275.58306884765625,14.857746,3.4190924,True
887,35.44,23,0.9254970550537108,305.5052032470703,378.6861572265625,12.822389,7.0731826,True
887,35.44,24,0.9285969734191896,109.21078491210938,486.5112915039063,10.388035,10.345994,True
887,35.44,25,0.8794565796852112,81.34454727172852,371.2143859863281,9.696253,6.5805764,True
888,35.48,0,0.9324886202812196,570.1912384033203,614.2606811523438,16.00949,14.098348,True
888,35.48,4,0.8548673391342163,756.5642700195312,310.3930358886719,19.126637,5.1284285,True
888,35.48,6,0.8793751001358032,1019.866943359375,311.8517761230469,22.692024,5.4787307,True
888,35.48,11,0.9040091037750244,977.7554321289062,452.2113342285156,21.319141,10.0195,True
888,35.48,14,0.8741052746772766,894.9573669433594,462.3003234863281,20.26206,10.250662,True
888,35.48,15,0.934311866760254,783.7548828125,427.0911865234375,19.027779,9.099443,True
888,35.48,20,0.8387507796287537,459.8718566894531,274.7801513671875,15.013503,3.400722,True
888,35.48,23,0.931313931941986,323.74034118652344,375.3888854980469,13.069936,6.9782376,True
888,35.48,24,0.9351261258125304,126.83489608764648,485.9563598632813,10.613785,10.34346,True
888,35.48,25,0.8869174718856812,93.71654510498047,360.83782958984375,9.838981,6.224445,True
889,35.52,0,0.9289186000823976,576.21630859375,615.9695434570312,16.075457,14.1433735,True
889,35.52,4,0.9242295622825624,761.598876953125,305.94842529296875,19.214577,4.9697523,True
889,35.52,6,0.90964537858963,1029.9590148925781,308.2223815917969,22.852089,5.358722,True
889,35.52,11,0.9151878356933594,987.3695068359375,457.7899475097656,21.406797,10.191072,True
889,35.52,14,0.8585079908370972,900.6855163574219,462.20513916015625,20.332262,10.252359,True
889,35.52,15,0.9242276549339294,790.2774658203125,424.6047973632813,19.119404,9.027962,True
889,35.52,20,0.8771401643753052,474.39239501953125,274.385498046875,15.225853,3.4036992,True
889,35.52,23,0.9237369894981384,337.53814697265625,374.51312255859375,13.258412,6.962127,True
889,35.52,24,0.9308133125305176,145.40287017822266,483.7650146484375,10.848091,10.29293,True
889,35.52,25,0.8621071577072144,111.59722900390625,358.10662841796875,10.084451,6.145775,True
890,35.56,0,0.9308415055274964,581.2331848144531,619.022705078125,16.127851,14.220368,True
890,35.56,4,0.9232913851737976,768.0831909179688,307.4206848144531,19.297756,5.031826,True
890,35.56,6,0.9330666661262512,1035.5391235351562,305.2704467773437,22.94753,5.2577515,True
890,35.56,11,0.9137946367263794,997.03564453125,458.85687255859375,21.518206,10.229841,True
890,35.56,14,0.8768234848976135,899.4171752929688,463.1001281738281,20.312796,10.277537,True
890,35.56,15,0.923782229423523,793.006591796875,424.748779296875,19.153307,9.034795,True
890,35.56,20,0.8399658799171448,483.07127380371094,273.9221496582031,15.352966,3.3963985,True
890,35.56,23,0.8862244486808777,349.4980010986328,373.560791015625,13.421719,6.9414945,True
890,35.56,24,0.9313914775848388,159.98197174072263,482.1480102539063,11.032483,10.256301,True
890,35.56,25,0.8384393453598022,129.12166213989258,355.9483642578125,10.326983,6.0871863,True
891,35.6,0,0.8911923170089722,585.593994140625,616.9827880859375,16.180258,14.173216,True
891,35.6,4,0.8411045074462891,771.8798217773438,311.7249450683594,19.33156,5.1949816,True
891,35.6,6,0.92734295129776,1052.3881530761719,307.9797668457031,23.154114,5.375027,True
891,35.6,11,0.9245466589927672,1004.36328125,458.7292785644531,21.607512,10.231843,True
891,35.6,14,0.925743281841278,912.8285217285156,462.4165649414063,20.47909,10.268036,True
891,35.6,15,0.9134259819984436,806.5036010742188,423.4339904785156,19.328707,9.005639,True
891,35.6,20,0.8288984298706055,485.5190124511719,273.8980712890625,15.388675,3.398595,True
891,35.6,23,0.8057349324226379,370.52711486816406,371.9449768066406,13.708956,6.907232,True
891,35.6,24,0.8466583490371704,187.09280395507812,475.243408203125,11.369173,10.071099,True
891,35.6,25,0.8470286130905151,162.54430389404297,352.5015869140625,10.792122,5.9994082,True
892,35.64,0,0.9024879336357116,591.0985107421875,616.333251953125,16.243597,14.160452,True
892,35.64,4,0.821370542049408,775.2047729492188,312.15350341796875,19.375349,5.2145195,True
892,35.64,6,0.9168103933334352,1062.80078125,309.6066589355469,23.281519,5.445447,True
892,35.64,11,0.9247527718544006,1004.8136291503906,458.5860595703125,21.613726,10.228013,True
892,35.64,14,0.9162029027938844,922.8905639648438,462.7174072265625,20.60001,10.284678,True
892,35.64,15,0.9031363725662231,817.5514221191406,419.8520202636719,19.482489,8.903682,True
892,35.64,20,0.7844004034996033,486.68792724609375,272.4452209472656,15.407607,3.3420517,True
892,35.64,23,0.8139234185218811,378.3583068847656,371.201171875,13.8159485,6.889559,True
892,35.64,24,0.849126935005188,201.5925064086914,472.73187255859375,11.552109,10.007179,True
892,35.64,25,0.8204919695854187,183.8380584716797,359.0293273925781,11.107042,6.25715,True
893,35.68,0,0.887473464012146,599.180908203125,619.1943359375,16.33053,14.234368,True
893,35.68,4,0.7961661219596863,781.3543701171875,312.7159118652344,19.457228,5.2421594,True
893,35.68,6,0.8742222785949707,1069.4603881835938,309.9781188964844,23.367651,5.4662476,True
893,35.68,11,0.917191207408905,1010.8780517578125,458.9142456054688,21.685255,10.242332,True
893,35.68,14,0.9329792857170104,927.7602233886719,457.4038696289063,20.684334,10.132828,True
893,35.68,15,0.8951313495635986,826.4189147949219,414.13177490234375,19.618193,8.732241,True
893,35.68,20,0.7798272967338562,511.8486022949219,274.7781066894531,15.77045,3.4675343,True
893,35.68,23,0.8405691981315613,397.64666748046875,366.5451354980469,14.080237,6.748038,True
893,35.68,24,0.8615959882736206,212.7253189086914,470.1854553222656,11.69192,9.939309,True
893,35.68,25,0.8491973876953125,193.74246978759766,344.1736755371094,11.216906,5.7313905,True
894,35.72,0,0.907212257385254,604.6979064941406,606.864501953125,16.413176,13.93636,True
894,35.72,4,0.775313138961792,776.6497802734375,301.4771728515625,19.441778,4.820775,True
894,35.72,6,0.8547167181968689,1076.00537109375,310.96630859375,23.447609,5.5090947,True
894,35.72,11,0.9052131175994872,1025.53662109375,458.8707885742188,21.862486,10.252502,True
894,35.72,14,0.9278393983840942,931.2596740722656,452.6680603027344,20.749702,9.995933,True
894,35.72,15,0.9123569130897522,839.5671081542969,414.170654296875,19.784565,8.745089,True
894,35.72,20,0.8364515900611877,518.2057952880859,272.6040954589844,15.866377,3.3891163,True
894,35.72,23,0.7994319200515747,398.42071533203125,362.7115478515625,14.091696,6.615187,True
894,35.72,24,0.8677058815956116,228.19881439208984,469.38909912109375,11.890531,9.927872,True
894,35.72,25,0.8691203594207764,211.78394317626953,344.0521850585937,11.47292,5.7471066,True
895,35.76,0,0.9315084218978882,610.4688415527344,609.445556640625,16.474447,14.003,True
895,35.76,4,0.8071061968803406,791.2741088867188,302.079833984375,19.641115,4.860319,True
895,35.76,6,0.8291324377059937,1081.5684814453125,311.551513671875,23.51732,5.536289,True
895,35.76,11,0.9163730144500732,1038.5085144042969,457.9920959472656,22.023876,10.236999,True
895,35.76,14,0.924666941165924,937.1714782714844,454.8971252441406,20.811115,10.066475,True
895,35.76,15,0.9230267405509948,848.5565185546875,407.0628662109375,19.92944,8.528681,True
895,35.76,20,0.83146733045578,530.2930908203125,268.511474609375,16.049444,3.241045,True
895,35.76,23,0.861502468585968,419.0681457519531,363.0080261230469,14.374613,6.6471047,True
895,35.76,24,0.8840692639350891,243.22118377685547,467.6570129394531,12.082128,9.887724,True
895,35.76,25,0.8806426525115967,227.2787857055664,340.83843994140625,11.687377,5.6469812,True
896,35.8,0,0.9418351054191588,612.9523010253906,618.62451171875,16.486998,14.228103,True
896,35.8,4,0.8781670331954956,807.2258605957031,311.6019287109375,19.816484,5.2306976,True
896,35.8,6,0.8964740633964539,1109.6638793945312,314.0666198730469,23.87121,5.657303,True
896,35.8,11,0.9402375817298888,1054.98193359375,466.3591003417969,22.174297,10.492243,True
896,35.8,14,0.8973382711410522,948.3211364746094,461.6761474609375,20.913708,10.274118,True
896,35.8,15,0.8996546864509583,872.4656677246094,405.956787109375,20.238087,8.515068,True
896,35.8,20,0.8493404984474182,545.203369140625,265.2213439941406,16.273066,3.1282372,True
896,35.8,23,0.8223865032196045,433.9282684326172,363.17578125,14.577814,6.668436,True
896,35.8,24,0.9249500632286072,269.6361083984375,470.0236206054688,12.424745,9.980877,True
896,35.8,25,0.8537558317184448,250.9635009765625,332.9175109863281,12.012419,5.3821864,True
897,35.84,0,0.9382737278938292,616.1926574707031,620.8200073242188,16.519808,14.282994,True
897,35.84,4,0.8771755695343018,814.9674987792969,314.4447326660156,19.908928,5.343463,True
897,35.84,6,0.905966341495514,1120.5391845703125,316.6357421875,23.99523,5.760725,True
897,35.84,11,0.9455603957176208,1060.3368225097656,469.1794128417969,22.222198,10.577388,True
897,35.84,14,0.8858659267425537,946.4237060546875,461.8172607421875,20.890003,10.276757,True
897,35.84,15,0.8582598567008972,877.2293701171875,406.5081176757813,20.295956,8.536824,True
897,35.84,20,0.8637716174125671,559.7257232666016,266.6122131347656,16.48162,3.2031405,True
897,35.84,23,0.850138247013092,450.9256591796875,364.1076049804688,14.809234,6.718522,True
897,35.84,24,0.8954766988754272,277.33131408691406,469.64453125,12.523226,9.975711,True
897,35.84,25,0.8597683310508728,263.1534957885742,331.5705871582031,12.184407,5.3462477,True
898,35.88,0,0.8858794569969177,623.4266967773438,627.3095703125,16.589916,14.443023,True
898,35.88,4,0.8237411975860596,815.7890930175781,314.9846496582031,19.917587,5.3640833,True
898,35.88,6,0.9185303449630736,1126.9024658203125,317.5806579589844,24.071846,5.801196,True
898,35.88,11,0.9380195736885072,1069.3477172851562,473.3843688964844,22.305462,10.704425,True
898,35.88,14,0.893860936164856,943.8236083984376,463.2513427734375,20.851501,10.316551,True
898,35.88,15,0.8815131783485413,875.5072021484375,411.9910278320313,20.248741,8.708361,True
898,35.88,20,0.6741337776184082,564.1572570800781,268.510009765625,16.541822,3.2849593,True
898,35.88,23,0.8796687126159668,467.13726806640625,363.7000732421875,15.030494,6.721162,True
898,35.88,24,0.8872472643852234,287.9108428955078,470.4109191894531,12.659616,10.007407,True
898,35.88,25,0.8329808712005615,277.2148895263672,335.1163635253906,12.388576,5.4932203,True
899,35.92,0,0.9060080647468568,625.3309326171875,629.0021362304688,16.608295,14.484541,True
899,35.92,4,0.7466214895248413,814.3568420410156,323.23736572265625,19.85953,5.661505,True
899,35.92,6,0.9316809177398682,1135.1019287109375,318.6560363769531,24.17145,5.848188,True
899,35.92,11,0.9295446872711182,1077.8132934570312,478.938232421875,22.373892,10.868409,True
899,35.92,14,0.8818095922470093,954.779052734375,464.47552490234375,20.978195,10.360675,True
899,35.92,15,0.8066920042037964,882.3662414550781,409.55963134765625,20.346743,8.637881,True
899,35.92,20,0.6342726945877075,568.8568420410156,265.892578125,16.615988,3.1861444,True
899,35.92,23,0.8847730159759521,474.0224914550781,363.8743896484375,15.124047,6.7343435,True
899,35.92,24,0.8486424088478088,298.29376220703125,470.3232116699219,12.792606,10.013196,True
899,35.92,25,0.8093019127845764,294.0166320800781,331.0572814941406,12.623144,5.362542,True
900,35.96,0,0.9142471551895142,622.0827026367188,628.4778442382812,16.572805,14.47027,True
900,35.96,4,0.8723596930503845,824.971923828125,336.1396789550781,19.942644,6.1328773,True
900,35.96,6,0.9311237335205078,1145.6917114257812,320.6806335449219,24.294695,5.9311414,True
900,35.96,11,0.9267938137054444,1087.3097534179688,480.3332824707031,22.478212,10.914817,True
900,35.96,14,0.906609833240509,962.6819763183594,464.19720458984375,21.075174,10.3587055,True
900,35.96,15,0.7858511805534363,895.3727111816406,409.7926025390625,20.510014,8.656787,True
900,35.96,20,0.6683940887451172,584.943359375,265.8930358886719,16.84962,3.20712,True
900,35.96,23,0.8693972229957581,482.3060760498047,362.2313537597656,15.238503,6.6858444,True
900,35.96,24,0.8503198027610779,313.7508087158203,470.3935546875,12.990492,10.027844,True
900,35.96,25,0.828714907169342,307.7388153076172,330.0788269042969,12.817302,5.342021,True
901,36.0,0,0.8651746511459351,622.6945495605469,631.6806640625,16.574097,14.547058,True
901,36.0,4,0.8569400310516357,831.4534912109375,322.8120422363281,20.093042,5.665061,True
901,36.0,6,0.8876345157623291,1178.7752075195312,322.3681945800781,24.7144,6.0259156,True
901,36.0,11,0.8967866897583008,1088.0700073242188,483.7475891113281,22.467236,11.011458,True
901,36.0,14,0.9274379014968872,970.2753295898438,465.2609558105469,21.161596,10.39546,True
901,36.0,15,0.8295700550079346,912.8805541992188,407.4436950683594,20.74259,8.598298,True
901,36.0,20,0.7708762288093567,588.5278625488281,270.519775390625,16.890022,3.396628,True
901,36.0,23,0.9179065823554992,502.9713439941406,363.0019226074219,15.518501,6.734017,True
901,36.0,24,0.8838111758232117,333.4601593017578,464.9493103027344,13.240224,9.87976,True
901,36.0,25,0.8506003618240356,333.5084533691406,322.4328918457031,13.179189,5.087301,True
902,36.04,0,0.9104970693588256,635.4234924316406,635.5696411132812,16.709373,14.646165,True
902,36.04,4,0.8952323198318481,837.7076110839844,323.9119873046875,20.17228,5.7114854,True
902,36.04,6,0.8429843187332153,1183.1790161132812,324.1357727050781,24.757378,6.0925436,True
902,36.04,11,0.8988831639289856,1096.8749389648438,485.5185546875,22.56068,11.067522,True
902,36.04,14,0.883403480052948,973.8024291992188,471.2734375,21.173794,10.571818,True
902,36.04,15,0.6962544322013855,916.195556640625,398.9376831054688,20.827229,8.331149,True
902,36.04,20,0.7088123559951782,596.2409362792969,272.2779846191406,16.9969,3.4763834,True
902,36.04,23,0.9160619378089904,514.0504150390625,361.8445129394531,15.670462,6.705321,True
902,36.04,24,0.8878445029258728,343.6851043701172,462.74072265625,13.37054,9.821275,True
902,36.04,25,0.847466766834259,348.47422790527344,320.9993591308594,13.391851,5.05109,True
903,36.08,0,0.903095543384552,644.5643005371094,629.0223999023438,16.823597,14.495273,True
903,36.08,4,0.903011441230774,845.6375122070312,325.1065979003906,20.273472,5.7630296,True
903,36.08,6,0.8437367677688599,1186.9498291015625,325.7846984863281,24.79296,6.1541567,True
903,36.08,11,0.9221774935722352,1112.2728881835938,488.1556091308594,22.726137,11.152326,True
903,36.08,14,0.90410977602005,983.4080200195312,472.0619201660156,21.285215,10.601772,True
903,36.08,15,0.8531546592712402,927.0891418457031,399.5566101074219,20.96231,8.360806,True
903,36.08,20,0.6932978630065918,606.5513916015625,266.4793395996094,17.16121,3.258679,True
903,36.08,23,0.9079039692878724,524.4549102783203,362.3800964355469,15.810786,6.7346635,True
903,36.08,24,0.8809762001037598,354.6393280029297,464.1115417480469,13.511204,9.87178,True
903,36.08,25,0.8700348734855652,359.11590576171875,320.3770446777344,13.543233,5.0401936,True
904,36.12,0,0.909488081932068,647.7776489257812,626.974365234375,16.863464,14.448031,True
904,36.12,4,0.8631191849708557,845.84716796875,324.0506896972656,20.281525,5.725407,True
904,36.12,6,0.8340516686439514,1193.3475341796875,327.69061279296875,24.860466,6.227298,True
904,36.12,11,0.9402928948402404,1121.5883178710938,489.4145812988281,22.827873,11.194077,True
904,36.12,14,0.8753875494003296,989.046142578125,471.0426025390625,21.35815,10.57677,True
904,36.12,15,0.8137152791023254,933.2987670898438,402.2447509765625,21.027061,8.4519825,True
904,36.12,20,0.6404443383216858,617.1159362792969,266.7762756347656,17.313148,3.2842364,True
904,36.12,23,0.8780699372291565,538.6561584472656,363.54290771484375,16.00118,6.789556,True
904,36.12,24,0.8915971517562866,364.2576904296875,471.0306091308594,13.635004,10.087741,True
904,36.12,25,0.8772248029708862,370.0679016113281,318.819580078125,13.698941,4.994623,True
905,36.16,0,0.9089064002037048,651.3625793457031,632.56396484375,16.892775,14.583228,True
905,36.16,4,0.8486748933792114,844.4221496582031,325.8304443359375,20.253511,5.787615,True
905,36.16,6,0.8633536100387573,1208.6074829101562,331.38232421875,25.027687,6.37123,True
905,36.16,11,0.9367716908454896,1129.8009643554688,487.2120666503906,22.937603,11.138674,True
905,36.16,14,0.8775850534439087,988.84765625,478.5272521972656,21.317379,10.790654,True
905,36.16,15,0.8380157351493835,936.0270690917969,401.528076171875,21.065306,8.431671,True
905,36.16,20,0.7063818573951721,617.8208618164062,268.0137939453125,17.319809,3.3345375,True
905,36.16,23,0.8398258686065674,553.7174987792969,363.39300537109375,16.204952,6.7998652,True
905,36.16,24,0.889279842376709,379.2693634033203,465.7128601074219,13.825996,9.940232,True
905,36.16,25,0.8965440988540649,379.58778381347656,316.8149719238281,13.834474,4.9305162,True
906,36.2,0,0.8734719753265381,662.3287963867188,642.5410766601562,16.995176,14.824471,True
906,36.2,4,0.867536187171936,861.592041015625,329.5549621582031,20.465887,5.9391046,True
906,36.2,6,0.8170533180236816,1235.67041015625,332.7631225585937,25.36565,6.446907,True
906,36.2,11,0.9421851634979248,1151.2837524414062,493.0832824707031,23.152632,11.316955,True
906,36.2,14,0.8607397079467773,991.6163635253906,473.291748046875,21.377386,10.643258,True
906,36.2,15,0.7480788826942444,953.8931274414062,407.6370239257813,21.258478,8.640885,True
906,36.2,20,0.6759915947914124,632.2975158691406,276.2920227050781,17.503843,3.6806836,True
906,36.2,23,0.8328118324279785,575.2656555175781,365.866943359375,16.490582,6.907134,True
906,36.2,24,0.8459128141403198,404.6363830566406,463.9514465332031,14.149564,9.907833,True
906,36.2,25,0.885871171951294,401.5423278808594,316.3603515625,14.146985,4.9391756,True
907,36.24,0,0.8794238567352295,665.7925415039062,648.9791870117188,17.020689,14.976627,True
907,36.24,4,0.8819851279258728,871.7610778808594,327.49981689453125,20.612944,5.8770084,True
907,36.24,6,0.8782006502151489,1240.1753540039062,332.34930419921875,25.427317,6.437323,True
907,36.24,11,0.9379003643989564,1159.1680908203125,498.4573974609375,23.21085,11.470376,True
907,36.24,14,0.8749562501907349,1006.8396301269531,475.8574523925781,21.546238,10.728061,True
907,36.24,15,0.7334887981414795,960.7376098632812,413.3316650390625,21.313984,8.825375,True
907,36.24,20,0.7842937111854553,648.6862182617188,267.8463439941406,17.765144,3.367634,True
907,36.24,23,0.8811761140823364,579.6268005371094,372.3278198242188,16.53594,7.132394,True
907,36.24,24,0.7016672492027283,414.5351104736328,469.0787048339844,14.273864,10.06982,True
907,36.24,25,0.8990076184272766,412.91697692871094,317.9460144042969,14.307964,5.011907,True
908,36.28,0,0.8317983150482178,664.2582702636719,653.3073120117188,16.995224,15.076284,True
908,36.28,4,0.9117899537086488,880.0147094726562,334.7535400390625,20.68575,6.142778,True
908,36.28,6,0.8965933322906494,1245.2091064453125,339.0765075683594,25.434013,6.672868,True
908,36.28,11,0.9232210516929626,1166.8312377929688,505.2576599121094,23.257126,11.661203,True
908,36.28,14,0.8913308382034302,1015.0294494628906,476.780029296875,21.639174,10.760484,True
908,36.28,20,0.740005612373352,653.3042907714844,267.2400207519531,17.83355,3.3494499,True
908,36.28,23,0.8824471831321716,589.1053771972656,371.514404296875,16.664433,7.114232,True
908,36.28,24,0.7667637467384338,426.7613983154297,465.3655090332031,14.430477,9.968393,True
908,36.28,25,0.896291971206665,425.0635223388672,316.7189636230469,14.480788,4.980137,True
909,36.32,0,0.8267983198165894,662.6071166992188,649.102783203125,16.9853,14.977893,True
909,36.32,4,0.908388614654541,885.5232849121094,341.9092102050781,20.721794,6.3991437,True
909,36.32,11,0.8978033661842346,1170.8638916015625,509.42822265625,23.277596,11.776873,True
909,36.32,14,0.901969075202942,1017.2684631347656,474.8358459472656,21.676289,10.7067375,True
909,36.32,15,0.8124431371688843,973.1243896484375,398.199462890625,21.552347,8.359303,True
909,36.32,20,0.7894909381866455,665.7989501953125,268.21746826171875,18.009892,3.4043684,True
909,36.32,23,0.8850223422050476,596.6203918457031,377.8195190429688,16.750996,7.335223,True
909,36.32,24,0.7535585165023804,444.4383544921875,463.45941162109375,14.655933,9.925452,True
909,36.32,25,0.8938713669776917,439.5532836914063,319.580322265625,14.684073,5.1038694,True
909,36.32,6,0.5456381440162659,1251.7380981445312,342.8126220703125,25.485443,6.806386,True
910,36.36,0,0.7913474440574646,662.3635864257812,655.50439453125,16.970083,15.126121,True
910,36.36,4,0.9216749668121338,889.7498474121094,349.7696228027344,20.736866,6.675565,True
910,36.36,11,0.8480130434036255,1184.813232421875,513.2589721679688,23.413992,11.889437,True
910,36.36,14,0.9386146068572998,1022.7257690429688,471.6787414550781,21.75855,10.62056,True
910,36.36,15,0.8133025765419006,983.7680969238281,400.86724853515625,21.671703,8.453714,True
910,36.36,23,0.9014720916748048,607.7260131835938,379.6153564453125,16.894512,7.406572,True
910,36.36,24,0.8311571478843689,456.6924285888672,470.4904174804688,14.806407,10.145762,True
910,36.36,25,0.8681095838546753,453.08631896972656,321.1382751464844,14.873779,5.17743,True
911,36.4,0,0.7607614398002625,678.246826171875,656.0784301757812,17.143362,15.147251,True
911,36.4,4,0.8902785778045654,886.0196838378906,352.98785400390625,20.671133,6.782204,True
911,36.4,11,0.8395078182220459,1195.91455078125,517.3207397460938,23.515476,12.005561,True
911,36.4,14,0.8811998963356018,1043.5118408203125,475.9796752929688,21.983133,10.758993,True
911,36.4,15,0.8918180465698242,1007.3148803710938,401.7779235839844,21.962755,8.5036955,True
911,36.4,20,0.677044689655304,693.1984558105469,275.46124267578125,18.376043,3.7247875,True
911,36.4,23,0.8983126878738403,629.5810546875,381.701904296875,17.178991,7.497871,True
911,36.4,24,0.8798569440841675,475.14739990234375,467.0028381347656,15.042127,10.056548,True
911,36.4,25,0.9100942611694336,485.3603515625,319.3817138671875,15.3298025,5.1494026,True
912,36.44,0,0.7841888070106506,676.0985717773438,656.5186157226562,17.11889,15.156328,True
912,36.44,4,0.902162492275238,885.0559387207031,355.4218444824219,20.646019,6.864427,True
912,36.44,11,0.8629856705665588,1205.7080078125,514.6187744140625,23.64491,11.939934,True
912,36.44,14,0.7994258999824524,1040.6926879882812,474.3206787109375,21.958729,10.709623,True
912,36.44,15,0.8620769381523132,1015.0997924804688,406.6281127929688,22.03198,8.663427,True
912,36.44,20,0.7648955583572388,700.2059020996094,266.76513671875,18.508503,3.390856,True
912,36.44,23,0.8799661993980408,643.4984436035156,383.7996520996094,17.357351,7.5813746,True
912,36.44,24,0.8703019618988037,485.1581726074219,465.3792419433594,15.170044,10.016066,True
912,36.44,25,0.8945685625076294,496.17724609375,319.63006591796875,15.481476,5.1710773,True
913,36.48,0,0.7395634651184082,676.1564331054688,659.1345825195312,17.1142,15.216525,True
913,36.48,4,0.8981778025627136,893.9295959472656,358.6797180175781,20.745722,6.984248,True
913,36.48,11,0.9118186235427856,1215.331787109375,519.1346435546875,23.725677,12.066783,True
913,36.48,14,0.8749255537986755,1036.3641662597656,481.2613830566406,21.869053,10.903455,True
913,36.48,15,0.8247796893119812,1017.5273742675781,420.9854431152344,21.97868,9.111575,True
913,36.48,20,0.8710063099861145,703.8529968261719,263.6290588378906,18.572777,3.2707908,True
913,36.48,23,0.8663612008094788,656.640380859375,386.0124816894531,17.524408,7.667575,True
913,36.48,24,0.8819655179977417,494.6826171875,473.0623779296875,15.28227,10.252308,True
913,36.48,25,0.856103241443634,503.7187805175781,319.5520324707031,15.587438,5.1768603,True
914,36.52,0,0.7731837630271912,675.7396545410156,664.857666015625,17.098059,15.347285,False
914,36.52,4,0.9153618216514589,905.3265380859375,361.1590270996094,20.881876,7.079611,True
914,36.52,11,0.9380868673324584,1217.0462036132812,523.1203002929688,23.719385,12.173577,True
914,36.52,14,0.8882945775985718,1040.5220336914062,489.6170349121094,21.872835,11.141283,True
914,36.52,15,0.7038692831993103,1011.90283203125,418.86419677734375,21.921143,9.041416,True
914,36.52,20,0.8927809000015259,705.9759521484375,261.98992919921875,18.609604,3.2080948,True
914,36.52,23,0.8778342008590698,666.7053833007812,387.0387573242188,17.653734,7.7112303,True
914,36.52,24,0.8888577818870544,501.5954132080078,476.7480163574219,15.364975,10.366504,True
914,36.52,25,0.874811053276062,514.2563781738281,321.01385498046875,15.733003,5.2430573,True
915,36.56,0,0.8455713987350464,675.0484313964844,665.446044921875,17.089329,15.360363,False
915,36.56,4,0.912038803100586,901.27197265625,365.6671752929688,20.805523,7.2274094,True
915,36.56,11,0.933394968509674,1215.4998168945312,525.6973266601562,23.685173,12.240592,True
915,36.56,14,0.8730299472808838,1038.243896484375,485.742431640625,21.866941,11.031088,True
915,36.56,15,0.7330807447433472,1016.8219909667969,418.7847595214844,21.982645,9.043193,True
915,36.56,20,0.8441070318222046,707.2922668457031,264.3326416015625,18.619389,3.3032677,True
915,36.56,23,0.9036734104156494,673.70703125,386.23736572265625,17.747906,7.6914372,True
915,36.56,24,0.8951887488365173,507.0848846435547,478.5915832519531,15.431542,10.424963,True
915,36.56,25,0.8792582154273987,523.1014556884766,321.2877502441406,15.856338,5.263291,True
916,36.6,0,0.8765437006950378,681.3108215332031,672.6201171875,17.143011,15.526116,False
916,36.6,4,0.8905050158500671,895.6384887695312,373.40533447265625,20.692755,7.4802465,True
916,36.6,11,0.8597361445426941,1223.8701782226562,539.4277954101562,23.691845,12.604533,True
916,36.6,14,0.9019446969032288,1042.9537048339844,482.5489196777344,21.940214,10.94466,True
916,36.6,15,0.86212557554245,1031.5077209472656,412.73480224609375,22.200605,8.868564,True
916,36.6,20,0.6760889291763306,726.0621643066406,268.8199157714844,18.869913,3.5052257,True
916,36.6,23,0.8525924682617188,681.6551208496094,392.45452880859375,17.8337,7.9037914,True
916,36.6,24,0.903463900089264,520.7082214355469,480.96527099609375,15.598612,10.505047,True
916,36.6,25,0.8924561738967896,536.9088134765625,321.2950439453125,16.049273,5.279329,True
917,36.64,0,0.854331910610199,686.3851928710938,676.508544921875,17.1901,15.616111,False
917,36.64,4,0.86768639087677,894.8396911621094,374.4676513671875,20.67704,7.514719,True
917,36.64,11,0.8801933526992798,1229.4799194335938,539.2298583984375,23.756256,12.602953,True
917,36.64,14,0.9263134002685548,1045.9788818359375,482.7057800292969,21.975224,10.951307,True
917,36.64,15,0.8964513540267944,1035.3436889648438,410.7349853515625,22.260315,8.809673,True
917,36.64,20,0.8435890078544617,730.7819519042969,265.2256164550781,18.952059,3.368987,True
917,36.64,23,0.8910165429115295,683.5275268554688,397.66693115234375,17.842705,8.0757475,True
917,36.64,24,0.8901543617248535,529.8678588867188,480.2605590820313,15.713567,10.49155,True
917,36.64,25,0.899813711643219,541.0429382324219,324.22760009765625,16.101728,5.3919077,True
918,36.68,0,0.8383463025093079,686.80029296875,677.4481201171875,17.192663,15.637406,False
918,36.68,4,0.8232744336128235,897.4630126953125,377.2002868652344,20.697174,7.607655,True
918,36.68,11,0.8717688322067261,1229.285888671875,541.8463134765625,23.737299,12.670418,True
918,36.68,14,0.938230037689209,1038.978759765625,484.7659912109375,21.88096,11.004181,True
918,36.68,15,0.8941636681556702,1032.0695495605469,415.6539916992188,22.19023,8.959595,True
918,36.68,20,0.8286197781562805,734.1436767578125,267.4918518066406,18.99063,3.4630585,True
918,36.68,23,0.879422128200531,684.132568359375,395.2330627441406,17.857775,7.99701,True
918,36.68,24,0.8775033354759216,539.8072967529297,482.1737976074219,15.834542,10.555061,True
918,36.68,25,0.8883501887321472,545.2075500488281,330.7723999023437,16.147772,5.635512,True
919,36.72,0,0.8201253414154053,683.9359130859375,680.7672119140625,17.154902,15.710419,False
919,36.72,4,0.8135055303573608,890.5632019042969,378.6025695800781,20.601017,7.6472964,True
919,36.72,11,0.7570992112159729,1216.4022827148438,551.9357299804688,23.529215,12.921038,True
919,36.72,14,0.924658477306366,1033.0275573730469,484.9637756347656,21.809364,11.005388,True
919,36.72,15,0.8999462723731995,1032.7854309082031,420.0671997070313,22.172974,9.09638,True
919,36.72,20,0.7063964605331421,735.8303833007812,267.5701904296875,19.014353,3.4683068,True
919,36.72,23,0.8915306329727173,684.175048828125,392.3382873535156,17.866932,7.902364,True
919,36.72,24,0.868496298789978,548.4724426269531,486.8679809570313,15.935186,10.697972,True
919,36.72,25,0.9065495729446412,547.2591857910156,333.1751708984375,16.17178,5.724882,True
920,36.76,0,0.8585258722305298,685.7868957519531,683.6287231445312,17.16907,15.775143,False
920,36.76,4,0.8783231377601624,888.633544921875,380.3179321289063,20.567596,7.701929,True
920,36.76,11,0.8340073227882385,1220.5579833984375,553.2369995117188,23.567524,12.956699,True
920,36.76,14,0.9373649954795836,1030.9063720703125,488.9612426757813,21.762749,11.115984,True
920,36.76,15,0.8677024245262146,1029.0809936523438,422.2854309082031,22.114105,9.161351,True
920,36.76,20,0.885942280292511,740.1514587402344,267.0427551269531,19.078184,3.4529681,True
920,36.76,23,0.9105122685432434,683.7332153320312,395.5300903320313,17.851696,8.006329,True
920,36.76,24,0.8321940302848816,554.1969299316406,486.4952392578125,16.006554,10.691548,True
920,36.76,25,0.9215157628059388,547.964599609375,334.9993591308594,16.178183,5.79156,True
921,36.8,0,0.8517623543739319,675.3256225585938,689.58203125,17.04451,15.902535,False
921,36.8,4,0.9433526992797852,878.857177734375,391.6495056152344,20.38682,8.062434,True
921,36.8,11,0.8792853951454163,1219.5602416992188,557.8736572265625,23.527538,13.073647,True
921,36.8,14,0.9119417071342468,1027.993896484375,491.3152465820313,21.71577,11.179645,True
921,36.8,15,0.8401601910591125,1017.537841796875,423.323486328125,21.965345,9.18336,True
921,36.8,20,0.8774734735488892,751.9093322753906,267.4676818847656,19.243855,3.4847486,True
921,36.8,23,0.91233229637146,693.1791687011719,405.4888000488281,17.944489,8.337559,True
921,36.8,24,0.8892014026641846,562.1101989746094,489.2033386230469,16.100092,10.775741,True
921,36.8,25,0.9343101978302002,547.4267272949219,339.83367919921875,16.161957,5.96472,True
922,36.84,0,0.8330968618392944,671.5612487792969,691.7239379882812,16.999882,15.948173,False
922,36.84,4,0.9411734342575072,875.5535888671875,398.1044921875,20.31399,8.2673855,True
922,36.84,11,0.9399521946907043,1218.60302734375,557.416748046875,23.51971,13.061514,True
922,36.84,14,0.7695139646530151,1017.80126953125,491.51513671875,21.594305,11.17787,True
922,36.84,15,0.8653501868247986,1013.0603942871094,428.6726989746094,21.879517,9.342936,True
922,36.84,20,0.8393498659133911,759.8394775390625,266.3421936035156,19.36171,3.4503965,True
922,36.84,23,0.8913071155548096,704.8314514160156,392.0580749511719,18.137108,7.912703,True
922,36.84,24,0.9002578258514404,564.8294677734375,493.174072265625,16.12727,10.891864,True
922,36.84,25,0.9294093251228333,547.1498107910156,343.0406188964844,16.152355,6.0789742,True
923,36.88,0,0.7050886750221252,661.1540222167969,690.8331298828125,16.889647,15.923761,False
923,36.88,4,0.9364148378372192,872.9092407226562,404.1554565429688,20.25206,8.458251,True
923,36.88,11,0.9233410358428956,1209.5610961914062,547.8792724609375,23.477858,12.813191,True
923,36.88,14,0.887446939945221,1011.6504516601562,495.0983581542969,21.50304,11.273224,True
923,36.88,15,0.8665075302124023,1007.8537292480469,429.2565612792969,21.812029,9.356329,True
923,36.88,20,0.6655738949775696,767.8756713867188,265.74969482421875,19.478756,3.4372299,True
923,36.88,23,0.8592459559440613,702.9478759765625,399.2475280761719,18.090002,8.145142,True
923,36.88,24,0.9086843729019164,567.3138427734375,490.98236083984375,16.161377,10.830849,True
923,36.88,25,0.9319012761116028,545.9753875732422,342.50848388671875,16.137194,6.0587335,True
924,36.92,0,0.6820270419120789,651.3075256347656,690.5501098632812,16.78415,15.913017,False
924,36.92,4,0.9348468780517578,870.6221618652344,404.3124084472656,20.222273,8.461179,True
924,36.92,11,0.9177955389022828,1195.9794921875,550.9039916992188,23.307007,12.882176,True
924,36.92,14,0.8967199325561523,1013.8319396972656,495.3523254394531,21.527458,11.281838,True
924,36.92,15,0.8995888829231262,1013.1692199707031,422.5443420410156,21.915756,9.155746,True
924,36.92,20,0.855024516582489,773.2615051269531,264.2167663574219,19.562462,3.3834448,True
924,36.92,23,0.8881681561470032,700.3475952148438,401.94091796875,18.047966,8.229859,True
924,36.92,24,0.910520613193512,569.3334045410156,486.18011474609375,16.19415,10.693959,True
924,36.92,25,0.9402640461921692,547.8018951416016,342.4522705078125,16.162365,6.058706,True
925,36.96,0,0.7992215156555176,647.4051818847656,692.4835205078125,16.738682,15.953993,False
925,36.96,4,0.8976699113845825,869.3179931640625,406.0501403808594,20.197704,8.515202,True
925,36.96,11,0.9391313791275024,1205.0093994140625,557.2235107421875,23.369389,13.048397,True
925,36.96,14,0.9179600477218628,1012.568359375,495.2013244628906,21.513336,11.276741,True
925,36.96,15,0.8830797076225281,1014.7569885253906,415.1598510742188,21.977966,8.929298,True
925,36.96,20,0.8693180680274963,779.9163208007812,262.5468444824219,19.665049,3.32575,True
925,36.96,23,0.8888931274414062,702.6150512695312,406.8434143066406,18.062122,8.389653,True
925,36.96,24,0.9102913737297058,567.684326171875,484.0571899414063,16.177261,10.631219,True
925,36.96,25,0.946381449699402,550.8936309814453,342.8004455566406,16.204151,6.074463,True
926,37.0,0,0.8884026408195496,648.0419921875,696.6472778320312,16.738174,16.046017,False
926,37.0,4,0.8861234188079834,874.92431640625,412.6637268066406,20.238281,8.728988,True
926,37.0,11,0.9419991374015808,1210.2352294921875,563.4312744140625,23.389668,13.208081,True
926,37.0,14,0.9462444186210632,1000.9938354492188,480.3874206542969,21.452791,10.852532,True
926,37.0,15,0.910740852355957,999.7962646484375,429.7545166015625,21.709885,9.364717,True
926,37.0,20,0.8324154019355774,793.6697387695312,263.3580322265625,19.856895,3.3755639,True
926,37.0,23,0.9217643737792968,712.9125366210938,412.770751953125,18.176043,8.588081,True
926,37.0,24,0.9057795405387878,570.4787902832031,480.57122802734375,16.217653,10.532023,True
926,37.0,25,0.9395379424095154,564.5384521484375,342.4675598144531,16.391848,6.0773497,True
927,37.04,0,0.850994348526001,650.4820861816406,697.0458984375,16.763659,16.055868,False
927,37.04,4,0.9046198725700378,868.44482421875,427.6471557617188,20.089077,9.189185,True
927,37.04,11,0.8391069769859314,1198.7733154296875,564.9301147460938,23.253304,13.2388735,True
927,37.04,14,0.9309375286102296,996.0868530273438,474.0359802246094,21.427105,10.66794,True
927,37.04,15,0.8567618131637573,998.6133422851562,437.02099609375,21.655241,9.583589,True
927,37.04,20,0.8898875117301941,797.6377868652344,264.7757568359375,19.906343,3.4367187,True
927,37.04,23,0.9374322891235352,718.11328125,413.66790771484375,18.239857,8.621211,True
927,37.04,24,0.8878859281539917,575.4205932617188,481.69573974609375,16.276989,10.568567,True
927,37.04,25,0.939041793346405,575.2772521972656,339.1792907714844,16.545807,5.97162,True
928,37.08,0,0.7340230345726013,655.1398620605469,696.6273803710938,16.81439,16.048763,False
928,37.08,4,0.920767903327942,866.1775207519531,424.2442626953125,20.075823,9.082286,True
928,37.08,11,0.9054266810417176,1208.28271484375,564.1817016601562,23.363419,13.225757,True
928,37.08,14,0.9372051954269408,992.3182067871094,469.3045349121094,21.406458,10.529251,True
928,37.08,15,0.7318087220191956,1010.0745239257812,419.326171875,21.895803,9.054095,True
928,37.08,20,0.8925859928131104,804.0389099121094,264.8298034667969,19.996908,3.4470158,True
928,37.08,23,0.944838523864746,719.1752319335938,412.5421142578125,18.257072,8.586441,True
928,37.08,24,0.8967545628547668,577.6072998046875,481.6734008789063,16.304106,10.569599,True
928,37.08,25,0.9250661134719848,582.5872497558594,336.686767578125,16.651514,5.8902907,True
929,37.12,0,0.8531553149223328,657.573486328125,696.904296875,16.839994,16.055935,False
929,37.12,4,0.8990491628646851,868.3330688476562,426.24420166015625,20.093924,9.145882,True
929,37.12,11,0.9126515984535216,1190.8359375,562.771728515625,23.177986,13.179913,True
929,37.12,14,0.9434915781021118,986.4957275390625,466.2245788574219,21.352346,10.435872,True
929,37.12,15,0.7535525560379028,1001.8890991210938,418.383544921875,21.79951,9.017961,True
929,37.12,20,0.8774558901786804,814.0357360839844,260.76336669921875,20.159357,3.2987967,True
929,37.12,23,0.945486545562744,715.9369812011719,412.9430236816406,18.21428,8.596265,True
929,37.12,24,0.9082531332969666,580.5681457519531,476.4752502441406,16.349926,10.420191,True
929,37.12,25,0.9335432052612304,588.5353393554688,332.1346130371094,16.743479,5.732932,True
930,37.16,0,0.7453294992446899,657.3917236328125,692.240966796875,16.84657,15.953164,False
930,37.16,4,0.9066393375396729,865.7501831054688,427.6797790527344,20.05523,9.18789,True
930,37.16,11,0.9391242265701294,1194.3298950195312,560.3619384765625,23.231323,13.121284,True
930,37.16,14,0.936734139919281,987.5984497070312,462.47454833984375,21.385105,10.327936,True
930,37.16,15,0.8128815293312073,997.9468688964844,415.8093566894531,21.76501,8.934868,True
930,37.16,20,0.8787162899971008,822.1353149414062,257.35906982421875,20.2922,3.1737392,True
930,37.16,23,0.939416527748108,714.5716247558594,411.4216918945313,18.201597,8.546689,True
930,37.16,24,0.9045343399047852,584.4786376953125,479.4171447753906,16.393204,10.509193,True
930,37.16,25,0.9274771809577942,595.226318359375,329.013916015625,16.842928,5.6273837,True
931,37.2,0,0.823479950428009,664.363525390625,687.9089965820312,16.92969,15.86045,False
931,37.2,4,0.9014849662780762,874.4978332519531,427.8267211914063,20.163944,9.199868,True
931,37.2,11,0.9610771536827089,1195.5316772460938,553.4797973632812,23.286324,12.947579,True
931,37.2,14,0.8578065633773804,973.6489868164062,460.0666809082031,21.22878,10.2469,True
931,37.2,15,0.8189776539802551,991.9574584960938,428.66510009765625,21.61914,9.324972,True
931,37.2,20,0.8830475211143494,846.3536987304688,253.8409576416016,20.656034,3.0645714,True
931,37.2,23,0.943345546722412,722.3229064941406,406.2810363769531,18.31779,8.389586,True
931,37.2,24,0.8921528458595276,599.9985656738281,484.81927490234375,16.575039,10.6779585,True
931,37.2,25,0.916239619255066,612.8275146484375,322.807373046875,17.101374,5.421014,True
932,37.24,0,0.7974408268928528,668.0933532714844,685.168212890625,16.97513,15.801254,False
932,37.24,4,0.8720935583114624,877.5433959960938,426.0790710449219,20.209917,9.148673,True
932,37.24,11,0.967674195766449,1187.4817504882812,542.372802734375,23.26354,12.657752,True
932,37.24,14,0.8333976864814758,964.4652709960938,459.8943176269531,21.118347,10.234683,True
932,37.24,15,0.7965560555458069,992.9444274902344,419.0102844238281,21.684803,9.029619,True
932,37.24,20,0.8933134078979492,857.6170349121094,250.904296875,20.833012,2.9614546,True
932,37.24,23,0.9350908994674684,729.2723083496094,406.75482177734375,18.405638,8.411079,True
932,37.24,24,0.8841162323951721,604.9865417480469,482.4580383300781,16.64115,10.613395,True
932,37.24,25,0.908739984035492,623.3731689453125,319.6239929199219,17.255749,5.3162656,True
933,37.28,0,0.8336999416351318,671.2542724609375,681.2130126953125,17.01692,15.714479,False
933,37.28,4,0.904261589050293,872.6609191894531,424.41741943359375,20.156305,9.093212,True
933,37.28,11,0.9612510204315186,1183.30615234375,526.8508911132812,23.311697,12.249977,True
933,37.28,14,0.8479697108268738,968.5834655761719,458.9383239746094,21.173126,10.2099495,True
933,37.28,15,0.7984193563461304,990.1985168457031,411.8537902832031,21.690598,8.805052,True
933,37.28,20,0.8859004378318787,869.3240356445312,248.85003662109372,21.011791,2.8941462,True
933,37.28,23,0.9066776633262634,737.2312927246094,400.8934326171875,18.527973,8.230061,True
933,37.28,24,0.9328451156616212,636.6806945800781,479.0911865234375,17.039331,10.539962,True
933,37.28,25,0.9232713580131532,634.6516723632812,317.538818359375,17.417797,5.25242,True
934,37.32,0,0.8403130173683167,670.4468078613281,678.4188232421875,17.013622,15.651514,False
934,37.32,4,0.9004148840904236,872.9158935546875,425.3368225097656,20.15536,9.121821,True
934,37.32,11,0.955203413963318,1180.8311767578125,522.5619506835938,23.310091,12.134948,True
934,37.32,14,0.8930498361587524,972.6805114746094,455.907470703125,21.23833,10.124313,True
934,37.32,15,0.8449304699897766,975.0979614257812,405.6869812011719,21.535677,8.598325,True
934,37.32,20,0.8859434723854065,882.69775390625,248.77337646484372,21.20286,2.9086533,True
934,37.32,23,0.9114917516708374,746.7925415039062,400.6306457519531,18.65221,8.230394,True
934,37.32,24,0.900818645954132,643.2437744140625,481.1678771972656,17.11552,10.605279,True
934,37.32,25,0.9173320531845092,645.9751892089844,315.8993835449219,17.579494,5.2049384,True
935,37.36,0,0.7885076999664307,669.2832336425781,672.6072998046875,17.012335,15.5201025,False
935,37.36,4,0.8495360016822815,881.9982299804688,421.6040649414063,20.286163,9.014184,True
935,37.36,11,0.9546521902084352,1179.2373046875,520.2150268554688,23.306469,12.07156,True
935,37.36,14,0.9120302796363832,972.0860290527344,450.4224243164063,21.259336,9.962101,True
935,37.36,15,0.8127158284187317,978.8844909667969,402.8013305664063,21.59934,8.5105915,True
935,37.36,20,0.8904768228530884,899.1484985351562,249.1706085205078,21.434511,2.9462316,True
935,37.36,23,0.9119099974632264,756.4041137695312,397.3600769042969,18.78791,8.133605,True
935,37.36,24,0.9244204163551332,655.4673461914062,487.1548156738281,17.251694,10.787281,True
935,37.36,25,0.9201561212539672,658.0821533203125,313.3457946777344,17.755087,5.1244974,True
936,37.4,0,0.7419102191925049,684.9078979492188,662.612548828125,17.20278,15.30049,False
936,37.4,4,0.7629016041755676,897.8080749511719,426.728759765625,20.460096,9.185978,True
936,37.4,11,0.9499666094779968,1175.6715087890625,516.9497680664062,23.285954,11.982128,True
936,37.4,14,0.9347239136695862,972.8163452148438,445.9232482910156,21.291584,9.8291,True
936,37.4,15,0.7885149717330933,987.6351928710938,398.86859130859375,21.731783,8.393735,True
936,37.4,20,0.9032286405563354,924.0562438964844,254.4400177001953,21.754253,3.1892776,True
936,37.4,23,0.9153929352760316,773.1915893554688,402.6080627441406,18.98473,8.318235,True
936,37.4,24,0.9038527011871338,652.158447265625,504.2903137207031,17.17152,11.271312,True
936,37.4,25,0.9350855946540833,685.9030151367188,315.04571533203125,18.134789,5.21909,True
937,37.44,0,0.7822771072387695,695.5441284179688,660.2017211914062,17.32411,15.250526,False
937,37.44,4,0.6467029452323914,905.5538940429688,430.6509399414063,20.538054,9.3127775,True
937,37.44,11,0.946510910987854,1174.750732421875,515.392578125,23.285086,11.9398575,True
937,37.44,14,0.9113944172859192,976.094482421875,444.54046630859375,21.338911,9.790534,True
937,37.44,15,0.8403013944625854,988.6505126953125,394.73095703125,21.768246,8.26271,True
937,37.44,20,0.890151858329773,938.0514526367188,253.59423828125,21.957214,3.173712,True
937,37.44,23,0.9031639099121094,780.0562133789062,408.6846618652344,19.049791,8.518589,True
937,37.44,24,0.8550610542297363,637.7415466308594,519.6224975585938,16.963873,11.687123,True
937,37.44,25,0.93409663438797,695.7640686035156,315.72955322265625,18.268589,5.255481,True
938,37.48,0,0.8178452849388123,690.8401489257812,658.7428588867188,17.275791,15.21476,True
938,37.48,4,0.714641809463501,900.7831726074219,453.7983093261719,20.371532,10.005045,True
938,37.48,11,0.929491400718689,1166.5099487304688,514.9038696289062,23.193485,11.921223,True
938,37.48,14,0.8908020257949829,983.4993896484375,443.8076477050781,21.433393,9.7746725,True
938,37.48,15,0.8542361855506897,993.5904235839844,397.44866943359375,21.815042,8.353941,True
938,37.48,20,0.889020562171936,951.89697265625,254.4458923339844,22.14666,3.2253962,True
938,37.48,23,0.8926919102668762,782.7064514160156,413.0633544921875,19.067053,8.659753,True
938,37.48,24,0.8894276022911072,641.8725891113281,524.068603515625,17.003887,11.811943,True
938,37.48,25,0.937720537185669,709.7735595703125,315.16021728515625,18.463762,5.250502,True
939,37.52,0,0.8475359082221985,690.8279418945312,659.020263671875,17.275066,15.221121,True
939,37.52,4,0.7730207443237305,912.7173461914062,453.1861267089844,20.520464,9.996455,True
939,37.52,11,0.9222758412361144,1155.0069580078125,513.8112182617188,23.067915,11.884144,True
939,37.52,14,0.7556300163269043,983.4151611328125,441.0321044921875,21.44712,9.691592,True
939,37.52,15,0.8650075793266296,993.0012512207031,399.3350830078125,21.796774,8.413406,True
939,37.52,20,0.8976179957389832,963.1163330078125,251.0902404785156,22.32741,3.1064448,True
939,37.52,23,0.905781865119934,786.4167785644531,416.980712890625,19.099405,8.786446,True
939,37.52,24,0.8786266446113586,650.2403259277344,519.355224609375,17.114422,11.688485,True
939,37.52,25,0.93623024225235,722.6243591308594,316.673095703125,18.635073,5.3205857,True
940,37.56,0,0.8370385766029358,696.1172485351562,657.3423461914062,17.336567,15.185188,True
940,37.56,4,0.8520857095718384,922.0054321289062,455.896728515625,20.62128,10.083909,True
940,37.56,11,0.9465462565422058,1158.8052978515625,512.8390502929688,23.11758,11.860581,True
940,37.56,14,0.7535905241966248,983.8073120117188,439.8465270996094,21.458254,9.656357,True
940,37.56,15,0.8542865514755249,999.453125,393.4267578125,21.912424,8.2308445,True
940,37.56,20,0.9090465307235718,972.5581665039062,249.30630493164065,22.47285,3.0475278,True
940,37.56,23,0.907166063785553,790.7095947265625,418.052734375,19.1498,8.823868,True
940,37.56,24,0.8701925873756409,666.2319946289062,509.4192199707031,17.329597,11.424791,True
940,37.56,25,0.9310795664787292,734.3096008300781,316.65289306640625,18.795685,5.333069,True
941,37.6,0,0.8826977610588074,706.4524841308594,652.8668823242188,17.459715,15.087178,True
941,37.6,4,0.8380672931671143,936.470947265625,464.1038818359375,20.758265,10.335668,True
941,37.6,11,0.9631378650665284,1158.0419921875,511.9338073730469,23.114344,11.835705,True
941,37.6,14,0.7613133192062378,984.8524475097656,440.8211364746094,21.465866,9.686444,True
941,37.6,15,0.8084456324577332,1007.9486083984375,387.426513671875,22.055471,8.045766,True
941,37.6,20,0.8998959064483643,994.4666748046875,248.07472229003903,22.790293,3.0268335,True
941,37.6,23,0.9150607585906982,798.7007751464844,422.0449523925781,19.235605,8.955636,True
941,37.6,24,0.8780286312103271,675.0450439453125,520.1068115234375,17.409754,11.726384,True
941,37.6,25,0.9363099932670592,754.3855285644531,314.5091857910156,19.079786,5.2772985,True
942,37.64,0,0.8788425326347351,716.3350524902344,651.7330322265625,17.570698,15.0659075,True
942,37.64,4,0.869025707244873,939.4892883300781,465.2540893554688,20.789326,10.371465,True
942,37.64,11,0.9640963077545166,1147.5759887695312,502.4231567382813,23.05171,11.570737,True
942,37.64,14,0.7673373818397522,982.978515625,436.6166687011719,21.465347,9.558511,True
942,37.64,15,0.7463187575340271,1012.6435241699219,382.5463562011719,22.144463,7.892086,True
942,37.64,20,0.8974466323852539,1001.4142150878906,250.28921508789065,22.871931,3.124132,True
942,37.64,23,0.912369966506958,807.3557739257812,419.7578430175781,19.353985,8.89183,True
942,37.64,24,0.8024502396583557,679.3333740234375,521.5032958984375,17.457611,11.767626,True
942,37.64,25,0.9372530579566956,764.0480041503906,315.1488647460937,19.209654,5.311675,True
943,37.68,0,0.8813623785972595,723.6484680175781,647.7401123046875,17.660358,14.977048,True
943,37.68,4,0.8716598749160767,938.6866149902344,472.83441162109375,20.743467,10.590017,True
943,37.68,11,0.9595127105712892,1141.5423583984375,497.1401977539063,23.01399,11.4218445,True
943,37.68,14,0.7795285582542419,980.4957580566406,435.8508605957031,21.438904,9.533353,True
943,37.68,15,0.7239402532577515,1011.8001708984375,381.9448547363281,22.137363,7.8717384,True
943,37.68,20,0.8986913561820984,1009.5506286621094,253.9686279296875,22.959133,3.2805116,True
943,37.68,23,0.9129213690757751,808.0701293945312,418.0519409179688,19.369797,8.839098,True
943,37.68,24,0.7780874967575073,679.6615905761719,529.6756591796875,17.44161,11.990355,True
943,37.68,25,0.9285424947738647,772.2230529785156,312.6025085449219,19.332514,5.227615,True
944,37.72,0,0.8690193295478821,727.8553466796875,651.2625732421875,17.698114,15.06079,True
944,37.72,4,0.8708845376968384,945.1251220703125,470.47564697265625,20.832357,10.526981,True
944,37.72,11,0.9615358710289,1135.6589965820312,493.5138854980469,22.96759,11.31775,True
944,37.72,14,0.7015807032585144,981.4000854492188,441.7094421386719,21.41882,9.710236,True
944,37.72,15,0.6927440762519836,1010.4228515625,421.6414489746094,21.8869,9.125673,True
944,37.72,20,0.8957198262214661,1017.6134643554688,256.6516418457031,23.05207,3.3965867,True
944,37.72,23,0.9165074229240416,810.7569885253906,418.4364929199219,19.402273,8.853494,True
944,37.72,24,0.7538540959358215,692.2709655761719,536.98291015625,17.572987,12.195659,True
944,37.72,25,0.9171202182769777,779.9584045410156,312.6793518066406,19.438253,5.2392316,True
945,37.76,0,0.8905432224273682,730.8180541992188,646.6258544921875,17.741816,14.954777,True
945,37.76,4,0.8130301237106323,949.9853515625,470.5235900878906,20.890736,10.532076,True
945,37.76,11,0.9592251181602478,1130.825439453125,495.0011596679688,22.90209,11.355379,True
945,37.76,14,0.7376680970191956,976.746826171875,440.6076049804688,21.367586,9.673411,True
945,37.76,15,0.7531167268753052,1008.2990112304688,412.7926635742188,21.911207,8.850137,True
945,37.76,20,0.8999046683311462,1024.6252136230469,258.5516357421875,23.135723,3.4800725,True
945,37.76,23,0.9146066904067992,808.1947937011719,422.442138671875,19.353962,8.976259,True
945,37.76,24,0.8937952518463135,708.3116149902344,544.0985107421875,17.743738,12.395922,True
945,37.76,25,0.9259721636772156,787.3723449707031,310.847412109375,19.547977,5.180384,True
946,37.8,0,0.8785504698753357,735.6013793945312,646.6184692382812,17.794384,14.957025,True
946,37.8,4,0.8509201407432556,964.2939453125,470.4568481445313,21.063463,10.541071,True
946,37.8,11,0.942095935344696,1122.2742309570312,494.72662353515625,22.803883,11.3417425,True
946,37.8,14,0.8002918362617493,965.9944152832031,432.6686706542969,21.276985,9.42497,True
946,37.8,15,0.7716366052627563,1015.5123596191406,376.8586120605469,22.215673,7.709213,True
946,37.8,20,0.9021037817001344,1039.0653076171875,248.93251037597656,23.410143,3.1188548,True
946,37.8,23,0.9178974628448486,815.7656860351562,439.7612609863281,19.380705,9.514985,True
946,37.8,24,0.9065700769424438,715.260009765625,549.1699829101562,17.81189,12.534453,True
946,37.8,25,0.9225743412971495,799.9616088867188,308.64556884765625,19.730633,5.113707,True
947,37.84,0,0.8962069153785706,730.6003723144531,648.4146728515625,17.735085,14.996211,True
947,37.84,4,0.9116586446762084,969.0863647460938,478.6096801757813,21.080605,10.778241,True
947,37.84,11,0.9328643083572388,1111.6188354492188,493.0875244140625,22.689056,11.288851,True
947,37.84,14,0.7636871337890625,963.7590942382812,426.7568054199219,21.2804,9.2428875,True
947,37.84,15,0.7985587120056152,1017.5283203125,380.0281677246094,22.221992,7.81471,True
947,37.84,20,0.8992549180984497,1046.501953125,248.6371307373047,23.516542,3.116724,True
947,37.84,23,0.9317877888679504,820.634765625,447.9341125488281,19.409155,9.765611,True
947,37.84,24,0.9214879274368286,709.782470703125,561.48828125,17.71616,12.852823,True
947,37.84,25,0.9171722531318665,803.1089782714844,308.1676940917969,19.77602,5.0996933,True
948,37.88,0,0.914686679840088,717.8230285644531,649.00927734375,17.593369,15.003572,True
948,37.88,4,0.9005851149559021,971.4022827148438,484.1524658203125,21.080912,10.937237,True
948,37.88,11,0.9155362248420716,1103.131591796875,492.0331726074219,22.595856,11.253572,True
948,37.88,14,0.8100212216377258,967.6723327636719,423.1068420410156,21.348322,9.134217,True
948,37.88,15,0.808896005153656,1015.7888793945312,382.2485656738281,22.186298,7.885358,True
948,37.88,20,0.900999903678894,1050.40185546875,247.53170776367188,23.579777,3.0777996,True
948,37.88,23,0.9279770255088806,826.7009887695312,448.8468933105469,19.480661,9.797913,True
948,37.88,24,0.8861377835273743,709.9338989257812,578.701416015625,17.674496,13.294189,True
948,37.88,25,0.9177780747413636,807.2515258789062,307.48406982421875,19.836044,5.0792227,True
949,37.92,0,0.896827220916748,708.2981872558594,645.5626220703125,17.496555,14.91861,True
949,37.92,4,0.8903476595878601,973.8207397460938,489.3697204589844,21.084032,11.085954,True
949,37.92,11,0.8666130304336548,1087.034912109375,493.5753479003906,22.398119,11.284832,True
949,37.92,14,0.8592257499694824,959.5542907714844,425.1892700195313,21.236454,9.191276,True
949,37.92,15,0.8014716506004333,1012.4295959472656,383.49945068359375,22.135977,7.9228373,True
949,37.92,20,0.9054405689239502,1052.4686279296875,246.72250366210935,23.615082,3.0482497,True
949,37.92,23,0.9328626394271852,830.8015747070312,448.7033081054688,19.531965,9.796949,True
949,37.92,24,0.7717496752738953,704.0785217285156,577.5305786132812,17.610128,13.260962,True
949,37.92,25,0.9221723675727844,810.2109375,306.8031616210937,19.879856,5.0574794,True
950,37.96,0,0.8543868660926819,693.9425659179688,647.6856079101562,17.333687,14.96077,True
950,37.96,4,0.8970354199409485,977.8750610351562,493.813720703125,21.110292,11.213218,True
950,37.96,11,0.892065167427063,1074.3501586914062,493.5542602539063,22.249369,11.275192,True
950,37.96,14,0.8586335182189941,950.2316284179688,420.9841918945313,21.142405,9.053837,True
950,37.96,15,0.7833021283149719,1010.8424987792969,383.2726135253906,22.117157,7.9139886,True
950,37.96,20,0.904199719429016,1054.6347045898438,246.9329376220703,23.643759,3.059443,True
950,37.96,23,0.9253954291343688,836.1084594726562,448.5291748046875,19.598299,9.796053,True
950,37.96,24,0.6043446063995361,697.9541625976562,573.2589721679688,17.550037,13.148443,True
950,37.96,25,0.9243085980415344,811.663818359375,307.355224609375,19.897184,5.0795317,True
951,38.0,0,0.8711154460906982,681.0108947753906,636.5473022460938,17.214655,14.693105,True
951,38.0,4,0.8426986932754517,990.57568359375,504.2127990722656,21.208858,11.510148,True
951,38.0,11,0.915624976158142,1053.2469482421875,492.07659912109375,22.00945,11.219029,True
951,38.0,14,0.8486882448196411,942.4082946777344,417.6791687011719,21.06183,8.944725,True
951,38.0,15,0.746211588382721,1002.2276611328125,374.3048400878906,22.061224,7.612684,True
951,38.0,20,0.8892331719398499,1057.6507568359375,249.73602294921875,23.663803,3.1747246,True
951,38.0,23,0.9297715425491332,843.2986450195312,459.95697021484375,19.640604,10.141212,True
951,38.0,24,0.870707631111145,698.7466430664062,568.626220703125,17.570469,13.030217,True
951,38.0,25,0.9335853457450868,814.1316833496094,310.6678161621094,19.915333,5.204277,True
952,38.04,0,0.8889705538749695,673.1038513183594,647.1156005859375,17.105122,14.936934,True
952,38.04,4,0.8220096230506897,993.4671020507812,505.5215148925781,21.236336,11.548105,True
952,38.04,11,0.8939674496650696,1046.1595458984375,483.9671630859375,21.97041,10.986967,True
952,38.04,14,0.8533908128738403,936.6973876953125,417.8656005859375,20.989449,8.945559,True
952,38.04,15,0.8029657602310181,998.3783569335938,368.44921875,22.047142,7.415395,True
952,38.04,20,0.8949398994445801,1060.5615234375,252.7532501220703,23.680597,3.2977667,True
952,38.04,23,0.9226641654968262,844.6982727050781,461.8341674804688,19.650162,10.197539,True
952,38.04,24,0.8433637619018555,703.8648986816406,564.3834228515625,17.640213,12.924056,True
952,38.04,25,0.9407438039779664,814.1116943359375,313.7456359863281,19.900543,5.31697,True
953,38.08,0,0.8876577615737915,671.2513122558594,624.2813720703125,17.131683,14.396102,True
953,38.08,4,0.8252089619636536,995.8831481933594,505.5221557617188,21.264685,11.549811,True
953,38.08,11,0.8698951601982117,1041.5225830078125,479.6441650390625,21.939205,10.861522,True
953,38.08,14,0.865764856338501,935.9521484375,418.59619140625,20.976404,8.967588,True
953,38.08,15,0.8169909119606018,1003.19873046875,373.7174072265625,22.077215,7.5942726,True
953,38.08,20,0.8904030323028564,1061.8013916015625,255.1824493408203,23.678715,3.3949707,True
953,38.08,23,0.9153730869293212,848.20556640625,465.1287841796875,19.67971,10.296848,True
953,38.08,24,0.8534291982650757,709.4201049804688,563.356201171875,17.707201,12.900961,True
953,38.08,25,0.9313074946403505,814.44677734375,315.5023803710937,19.896854,5.381443,True
954,38.12,0,0.9143829941749572,669.4897766113281,622.8946533203125,17.114841,14.361867,True
954,38.12,4,0.8485794067382812,999.62744140625,505.900146484375,21.306723,11.56279,True
954,38.12,11,0.8025158047676086,1042.3824462890625,475.2366638183594,21.973799,10.736998,True
954,38.12,14,0.8751972317695618,933.4974365234375,421.06292724609375,20.933224,9.041866,True
954,38.12,15,0.8233416080474854,1002.1748657226562,364.96881103515625,22.117224,7.3032527,True
954,38.12,20,0.8788087368011475,1065.2440795898438,257.57928466796875,23.707655,3.4933002,True
954,38.12,23,0.9075216054916382,851.9070434570312,472.0629577636719,19.696716,10.501471,True
954,38.12,24,0.8645545840263367,708.6249389648438,563.4393920898438,17.697771,12.9026165,True
954,38.12,25,0.9270370602607728,818.5601806640625,319.3279113769531,19.934834,5.5250025,True
955,38.16,0,0.90632826089859,664.1681518554688,620.4617309570312,17.060171,14.300437,True
955,38.16,4,0.7750291228294373,1001.5625305175781,509.3971557617188,21.311918,11.659744,True
955,38.16,11,0.8125022649765015,1035.705810546875,482.2195434570313,21.856014,10.930032,True
955,38.16,14,0.8515724539756775,925.8919677734375,424.7312622070313,20.819986,9.148501,True
955,38.16,15,0.8567386865615845,998.691162109375,362.7124633789063,22.08602,7.224413,True
955,38.16,20,0.8908223509788513,1069.6480712890625,259.7925720214844,23.751228,3.5852726,True
955,38.16,23,0.9109714031219482,857.626953125,478.4850158691406,19.740038,10.690924,True
955,38.16,24,0.8633940815925598,713.5997619628906,563.164794921875,17.756144,12.898614,True
955,38.16,25,0.9111710786819458,821.9932556152344,320.7808837890625,19.974575,5.581367,True
956,38.2,0,0.9161661863327026,656.0071716308594,620.6228637695312,16.96819,14.2998905,True
956,38.2,4,0.8919023275375366,1026.8254699707031,509.3956604003906,21.607143,11.677167,True
956,38.2,14,0.8391696214675903,930.6130065917969,429.2274169921875,20.856398,9.290424,True
956,38.2,15,0.8616729974746704,1004.3887634277344,361.4156799316406,22.167625,7.186577,True
956,38.2,20,0.8932421803474426,1077.651611328125,261.2878723144531,23.850052,3.6534836,True
956,38.2,23,0.915652334690094,864.2151489257812,479.6917114257813,19.814735,10.730476,True
956,38.2,24,0.8743979930877686,712.8498840332031,563.1255493164062,17.747551,12.897132,True
956,38.2,25,0.9212033748626708,828.4992370605469,327.19219970703125,20.032171,5.818924,True
957,38.24,0,0.8740396499633789,648.5379638671875,610.2994384765625,16.904404,14.045184,True
957,38.24,4,0.7770974636077881,1035.7169494628906,529.9137573242188,21.604643,12.234284,True
957,38.24,11,0.6825128793716431,1009.9459838867188,492.0181579589844,21.498835,11.186239,True
957,38.24,14,0.8239078521728516,920.6965637207031,428.131591796875,20.738543,9.248494,True
957,38.24,15,0.8653820157051086,1012.5091552734375,363.3860168457031,22.2603,7.260534,True
957,38.24,20,0.8999984860420227,1090.9033813476562,262.1528015136719,24.025995,3.703574,True
957,38.24,23,0.8616449236869812,873.2679748535156,482.1799011230469,19.913649,10.808367,True
957,38.24,24,0.8457830548286438,693.9700317382812,566.2005615234375,17.521067,12.964821,True
957,38.24,25,0.9291775822639464,838.1802978515625,329.6849060058594,20.150646,5.918373,True
958,38.28,0,0.8581842184066772,642.5284423828125,603.7003784179688,16.849136,13.879835,True
958,38.28,4,0.8867982625961304,1044.005126953125,536.134765625,21.667992,12.403789,True
958,38.28,11,0.8294807076454163,1004.1741638183594,490.0458068847656,21.440708,11.126952,True
958,38.28,14,0.8274580836296082,931.3906860351562,427.1476135253906,20.87642,9.227408,True
958,38.28,15,0.8257752060890198,1016.8735961914062,370.9928588867188,22.269228,7.5175395,True
958,38.28,20,0.8950328826904297,1096.6490478515625,262.54345703125,24.102001,3.7258546,True
958,38.28,23,0.8404280543327332,880.1438903808594,482.0932922363281,19.996824,10.811037,True
958,38.28,24,0.8600881099700928,702.2536315917969,567.7650146484375,17.613152,13.010233,True
958,38.28,25,0.9196175932884216,843.9571228027344,330.5832824707031,20.22395,5.956572,True
959,38.32,0,0.838860034942627,637.7012329101562,604.4185791015625,16.792889,13.894799,True
959,38.32,4,0.8853284120559692,1047.6235046386719,540.864013671875,21.685148,12.529937,True
959,38.32,11,0.857818067073822,992.671630859375,485.29693603515625,21.328478,10.985189,True
959,38.32,14,0.8359670042991638,929.264404296875,431.8560791015625,20.82664,9.369506,True
959,38.32,15,0.8291576504707336,1021.8984375,374.64544677734375,22.31094,7.6426926,True
959,38.32,20,0.8867813944816589,1103.7631225585938,265.51739501953125,24.175573,3.8495219,True
959,38.32,23,0.8428861498832703,888.0348205566406,485.2940979003906,20.078125,10.90794,True
959,38.32,24,0.8732261657714844,690.7594604492188,568.0156860351562,17.479517,13.009596,True
959,38.32,25,0.9201224446296692,848.9219665527344,332.23651123046875,20.282495,6.0205774,True
960,38.36,0,0.8336417078971863,644.0917053222656,598.7024536132812,16.87668,13.757135,True
960,38.36,4,0.8926033973693848,1052.1376037597656,545.6885375976562,21.711899,12.65831,True
960,38.36,11,0.8632845878601074,985.0792846679688,480.7144165039063,21.261257,10.849993,True
960,38.36,14,0.8168175220489502,926.4926147460938,434.450927734375,20.779535,9.446093,True
960,38.36,15,0.8160009980201721,1028.586181640625,366.05950927734375,22.450552,7.365377,True
960,38.36,20,0.9053326845169068,1112.6438598632812,266.17596435546875,24.292027,3.8858018,True
960,38.36,23,0.8697033524513245,893.4694519042969,484.4483947753906,20.147003,10.887967,True
960,38.36,24,0.8782433271408081,694.0714416503906,564.6107788085938,17.526089,12.923843,True
960,38.36,25,0.9154083728790284,854.1999816894531,333.0487365722656,20.349232,6.055,True
961,38.4,0,0.8447629809379578,656.9488220214844,600.6810302734375,17.019121,13.813495,True
961,38.4,4,0.899763822555542,1060.3853759765625,552.3742065429688,21.771246,12.8360405,True
961,38.4,11,0.8793845176696777,986.6939697265625,480.9267578125,21.279455,10.857215,True
961,38.4,14,0.7914040684700012,928.15234375,449.1317443847656,20.728697,9.888546,True
961,38.4,15,0.8716995716094971,1035.1456909179688,372.22796630859375,22.495537,7.5758505,True
961,38.4,20,0.9039367437362672,1119.195068359375,268.34552001953125,24.36379,3.9771006,True
961,38.4,23,0.8761594295501709,898.4955444335938,489.7241516113281,20.184467,11.0409155,True
961,38.4,24,0.8925354480743408,699.0078430175781,563.588134765625,17.585855,12.900475,True
961,38.4,25,0.9256784319877625,859.4889831542969,332.70965576171875,20.421778,6.048685,True
962,38.44,0,0.896748423576355,642.2792663574219,600.5994873046875,16.852324,13.803102,True
962,38.44,4,0.9239524602890016,1072.2354736328125,557.2512817382812,21.88001,12.968225,True
962,38.44,11,0.8461877107620239,993.3395690917969,484.9619140625,21.338129,10.976235,True
962,38.44,14,0.7571686506271362,930.0042114257812,465.0520935058594,20.675364,10.358245,True
962,38.44,15,0.8837550282478333,1045.1375427246094,371.80755615234375,22.625998,7.5715885,True
962,38.44,20,0.9151575565338136,1128.4057006835938,269.2200012207031,24.482405,4.0218024,True
962,38.44,23,0.8999331593513489,909.4281921386719,504.62933349609375,20.250145,11.464523,True
962,38.44,24,0.8633063435554504,693.770263671875,556.476318359375,17.54239,12.712328,True
962,38.44,25,0.9316923022270204,870.290283203125,335.348388671875,20.552864,6.153354,True
963,38.48,0,0.9013234376907348,642.1563110351562,601.5419921875,16.84909,13.826344,True
963,38.48,4,0.9063870906829834,1079.8480224609375,558.656005859375,21.958496,13.008682,True
963,38.48,11,0.8443876504898071,990.3598022460938,486.5751953125,21.294508,11.019494,True
963,38.48,14,0.7877683639526367,931.5418090820312,459.5684814453125,20.720068,10.199343,True
963,38.48,15,0.891085147857666,1051.6925964355469,363.5217590332031,22.763943,7.3034606,True
963,38.48,20,0.9152805209159852,1136.4771118164062,271.6776123046875,24.57183,4.1253357,True
963,38.48,23,0.9045977592468262,913.7338256835938,512.98193359375,20.264933,11.696796,True
963,38.48,24,0.8466270565986633,698.272705078125,555.2307739257812,17.597975,12.682634,True
963,38.48,25,0.9277035593986512,872.736572265625,339.81866455078125,20.562662,6.312772,True
964,38.52,0,0.8650937080383301,645.1074829101562,600.5629272460938,16.8846,13.803813,True
964,38.52,4,0.8947621583938599,1086.5858764648438,560.5962524414062,22.024132,13.062108,True
964,38.52,11,0.833809494972229,983.4766845703125,488.41741943359375,21.203463,11.066255,True
964,38.52,14,0.758967399597168,925.0615539550781,467.0530090332031,20.606073,10.412555,True
964,38.52,15,0.9050176739692688,1058.2488708496094,367.694580078125,22.82055,7.448419,True
964,38.52,20,0.902955949306488,1140.4310302734375,272.99871826171875,24.614494,4.1803265,True
964,38.52,23,0.8766971826553345,919.9739990234375,518.256103515625,20.31545,11.844497,True
964,38.52,24,0.7156366109848022,699.6970520019531,557.4094848632812,17.609161,12.740434,True
964,38.52,25,0.9371189475059508,873.719482421875,344.1864318847656,20.553507,6.4659953,True
965,38.56,0,0.8857999444007874,646.8164978027344,602.3560180664062,16.900518,13.849106,True
965,38.56,4,0.897724986076355,1096.2572631835938,562.60302734375,22.122131,13.118825,True
965,38.56,11,0.8317019939422607,979.4453735351562,490.3129577636719,21.146173,11.116493,True
965,38.56,14,0.8233858346939087,914.6510009765625,434.93743896484375,20.630524,9.450979,True
965,38.56,15,0.9006356000900269,1065.2999877929688,368.76898193359375,22.903654,7.490758,True
965,38.56,20,0.8992806077003479,1146.326171875,270.9452514648437,24.712185,4.109384,True
965,38.56,23,0.8942415118217468,925.1948547363281,521.8997802734375,20.36076,11.946502,True
965,38.56,24,0.8656785488128662,685.0475158691406,558.8568115234375,17.434977,12.768902,True
965,38.56,25,0.9285976886749268,877.2174682617188,347.7637023925781,20.581669,6.5935135,True
966,38.6,0,0.7922757863998413,656.4292297363281,603.7388305664062,17.006968,13.88866,True
966,38.6,4,0.8976137638092041,1104.5037231445312,566.0150146484375,22.196314,13.209916,True
966,38.6,11,0.8325515389442444,977.866455078125,491.0766906738281,21.123663,11.136736,True
966,38.6,14,0.8001418709754944,918.015380859375,438.8760070800781,20.653255,9.573004,True
966,38.6,15,0.9103328585624696,1073.1442260742188,368.92767333984375,23.002844,7.503558,True
966,38.6,20,0.8951441645622253,1152.313232421875,272.85186767578125,24.77729,4.189074,True
966,38.6,23,0.8864556550979614,933.2424011230469,524.0611572265625,20.445257,12.010083,True
966,38.6,24,0.9034562706947328,675.6370544433594,557.0721435546875,17.329395,12.716392,True
966,38.6,25,0.9236871600151062,877.7389526367188,348.76080322265625,20.583498,6.6284604,True
967,38.64,0,0.932974934577942,663.1240234375,604.5679321289062,17.081224,13.912853,True
967,38.64,4,0.9171375632286072,1125.8991088867188,575.6430053710938,22.382833,13.463405,True
967,38.64,11,0.8342926502227783,975.3669738769531,491.8505859375,21.090206,11.15658,True
967,38.64,14,0.8436220288276672,919.5504760742188,427.9984130859375,20.724936,9.243442,True
967,38.64,15,0.924350380897522,1087.5626831054688,369.4986267089844,23.182993,7.536256,True
967,38.64,20,0.9023879170417786,1165.64697265625,274.021240234375,24.948156,4.249404,True
967,38.64,23,0.8600952625274658,947.1601867675781,532.8634643554688,20.568121,12.254324,True
967,38.64,25,0.901910364627838,884.8497009277344,347.6707763671875,20.683031,6.598191,True
968,38.68,0,0.9167609810829164,666.0636596679688,605.637451171875,17.112309,13.940797,True
968,38.68,4,0.9227368235588074,1131.6399536132812,586.09619140625,22.389719,13.724705,True
968,38.68,11,0.8608392477035522,974.1213989257812,491.75628662109375,21.075895,11.153041,True
968,38.68,14,0.7673035860061646,922.06640625,436.6193237304688,20.714205,9.5081415,True
968,38.68,15,0.9369940757751464,1093.2256469726562,370.9170227050781,23.245415,7.588359,True
968,38.68,20,0.9027904868125916,1170.245849609375,275.1085205078125,25.000986,4.296002,True
968,38.68,23,0.8470825552940369,950.5457153320312,540.0006103515625,20.575603,12.444987,True
968,38.68,25,0.8963457942008972,887.9625549316406,348.7584228515625,20.718523,6.6389127,True
969,38.72,0,0.9206981658935548,664.0893859863281,605.8316040039062,17.089533,13.944452,True
969,38.72,4,0.9409819841384888,1137.406494140625,598.626708984375,22.385656,14.032667,True
969,38.72,11,0.902100384235382,957.9893493652344,499.0015258789063,20.849972,11.343248,True
969,38.72,14,0.6884639263153076,925.92431640625,494.9696044921875,20.4884,11.208039,True
969,38.72,15,0.9441497325897216,1096.3387451171875,371.953369140625,23.277891,7.6253643,True
969,38.72,20,0.915078103542328,1174.86328125,273.87359619140625,25.074343,4.2548723,True
969,38.72,23,0.875323474407196,958.4176635742188,549.5502319335938,20.62376,12.69936,True
969,38.72,25,0.8950463533401489,889.2387390136719,349.3839111328125,20.732124,6.661767,True
970,38.76,0,0.9092601537704468,664.2622375488281,606.2841796875,17.090546,13.955659,True
970,38.76,4,0.9367738962173462,1139.1455078125,606.5344848632812,22.362448,14.223452,True
970,38.76,11,0.8855395317077637,948.8265991210938,502.5345458984375,20.725176,11.434515,True
970,38.76,14,0.636881411075592,924.9722900390625,446.087158203125,20.704323,9.795235,True
970,38.76,15,0.9367114305496216,1100.9165649414062,371.8004760742188,23.337162,7.624716,True
970,38.76,20,0.9125992059707642,1176.5054321289062,274.2352905273437,25.093397,4.2705116,True
970,38.76,23,0.8873464465141296,967.9080505371094,554.9803466796875,20.708029,12.845643,True
970,38.76,25,0.8923684358596802,890.6082153320312,350.3348999023437,20.745249,6.6958823,True
971,38.8,0,0.9206473231315612,667.0539245605469,607.10595703125,17.120436,13.977382,True
971,38.8,4,0.9411357045173644,1142.3965454101562,613.7086181640625,22.35972,14.395789,True
971,38.8,11,0.8822596073150635,938.6971435546875,501.8387451171875,20.6087,11.408115,True
971,38.8,14,0.7758722305297852,920.6577453613281,437.6080932617188,20.692005,9.536887,True
971,38.8,15,0.9362277388572692,1104.410888671875,374.9196166992188,23.35989,7.730119,True
971,38.8,20,0.9151184558868408,1177.6806640625,274.2231140136719,25.109417,4.271459,True
971,38.8,23,0.8978211879730225,976.6178283691406,549.1439819335938,20.83377,12.700292,True
971,38.8,25,0.8948710560798645,893.1282043457031,351.0792541503906,20.774582,6.7240305,True
972,38.84,0,0.8310878872871399,658.6042175292969,608.3529663085938,17.022213,14.003195,True
972,38.84,4,0.926934003829956,1147.8450927734375,617.5265502929688,22.398462,14.488818,True
972,38.84,11,0.8648126125335693,932.244384765625,498.2845153808594,20.548462,11.304963,True
972,38.84,15,0.9347147941589355,1107.7562866210938,386.5281066894531,23.32209,8.109048,True
972,38.84,20,0.9067736864089966,1181.919921875,275.859375,25.15231,4.338259,True
972,38.84,23,0.9162766337394714,975.5281372070312,553.4037475585938,20.801981,12.80976,True
972,38.84,24,0.7274735569953918,653.5799560546875,545.9420166015625,17.095648,12.409099,True
972,38.84,25,0.8868348598480225,896.6143798828125,351.551025390625,20.818016,6.743782,True
972,38.84,14,0.5164873600006104,911.1281127929688,450.1268005371094,20.515255,9.904426,True
973,38.88,0,0.8460851907730103,648.2032165527344,610.3342895507812,16.900549,14.045849,True
973,38.88,4,0.9381913542747498,1142.8955688476562,618.65283203125,22.339045,14.512734,True
973,38.88,11,0.8662559986114502,925.6373596191406,496.44427490234375,20.478357,11.24899,True
973,38.88,14,0.742027223110199,911.2055358886719,462.0487365722656,20.461035,10.256014,True
973,38.88,15,0.9141982197761536,1109.146728515625,386.9725036621094,23.336525,8.124587,True
973,38.88,20,0.9071730375289916,1181.2346801757812,276.0997619628906,25.140924,4.3464975,True
973,38.88,23,0.9211714267730712,976.9302978515625,558.8232421875,20.793468,12.949897,True
973,38.88,24,0.6647551655769348,650.7222595214844,556.6170654296875,17.039164,12.688662,True
973,38.88,25,0.874432384967804,898.1899108886719,351.43914794921875,20.839338,6.741556,True
974,38.92,0,0.8294456601142883,650.667724609375,609.6240234375,16.929836,14.0298605,True
974,38.92,4,0.9197294116020204,1148.466796875,616.998291015625,22.407982,14.476699,True
974,38.92,11,0.8481336832046509,914.0927734375,495.9734191894531,20.343233,11.227545,True
974,38.92,15,0.9042264223098756,1119.9437866210938,359.5032958984375,23.667063,7.2363353,True
974,38.92,20,0.8795042037963867,1180.702392578125,277.1991882324219,25.124037,4.387237,True
974,38.92,24,0.6703234910964966,656.7211303710938,559.138427734375,17.103899,12.758354,True
974,38.92,25,0.8757251501083374,895.7091674804688,349.93896484375,20.81454,6.687506,True
974,38.92,23,0.5786693096160889,986.9486999511719,560.3041381835938,20.900475,12.99392,True
975,38.96,0,0.8329876661300659,650.4409790039062,615.8814697265625,16.914928,14.182164,True
975,38.96,4,0.9360888600349426,1148.906494140625,620.4600219726562,22.394396,14.558342,True
975,38.96,11,0.8400049805641174,905.348388671875,497.6280517578125,20.232018,11.267412,True
975,38.96,14,0.6011956334114075,897.8974914550781,448.9298095703125,20.358324,9.858124,True
975,38.96,15,0.9126572608947754,1116.5469360351562,387.9276428222656,23.422907,8.161987,True
975,38.96,20,0.9009672403335572,1180.648681640625,277.05322265625,25.124598,4.3816843,True
975,38.96,23,0.9028937816619872,981.2653198242188,564.6641235351562,20.816319,13.101532,True
975,38.96,24,0.7932443618774414,659.2940673828125,563.5161743164062,17.12443,12.873827,True
975,38.96,25,0.7990673780441284,896.9931030273438,356.52911376953125,20.797009,6.914241,True
976,39.0,0,0.866018533706665,647.3194885253906,616.7339477539062,16.87808,14.201125,True
976,39.0,4,0.9239324331283568,1151.2438354492188,621.1735229492188,22.415823,14.576295,True
976,39.0,11,0.8788450956344604,895.5960693359375,497.5003356933594,20.116549,11.256844,True
976,39.0,14,0.6787514090538025,887.7634582519531,476.4594421386719,20.112732,10.655572,True
976,39.0,15,0.9222360849380492,1116.7950439453125,389.9327087402344,23.412172,8.226315,True
976,39.0,20,0.9044581651687622,1179.935546875,277.504638671875,25.110992,4.3978086,True
976,39.0,23,0.9121952652931212,976.8919982910156,574.2052612304688,20.724424,13.339898,True
976,39.0,24,0.7787522673606873,666.3425598144531,575.351318359375,17.180403,13.182668,True
976,39.0,25,0.7838485240936279,906.2117004394531,349.2786865234375,20.956398,6.6755857,True
977,39.04,0,0.8742629289627075,632.9326477050781,618.0462036132812,16.713432,14.225037,True
977,39.04,4,0.926981508731842,1145.1371459960938,620.82275390625,22.35183,14.564888,True
977,39.04,11,0.9183647632598876,863.781982421875,497.7825012207031,19.736229,11.241822,True
977,39.04,15,0.9377439022064208,1118.1885986328125,391.9913635253906,23.415436,8.293201,True
977,39.04,20,0.9083703756332396,1173.355712890625,277.26190185546875,25.024242,4.3808613,True
977,39.04,23,0.913528323173523,986.0299072265625,571.5904541015625,20.83895,13.279585,True
977,39.04,24,0.8791682720184326,669.8670043945312,569.106201171875,17.234968,13.024778,True
977,39.04,25,0.8252783417701721,902.0474853515625,340.30401611328125,20.949492,6.360546,True
978,39.08,0,0.8280491232872009,629.1304931640625,618.2843017578125,16.670128,14.228721,True
978,39.08,4,0.9300639033317566,1143.2625732421875,619.1298217773438,22.3405,14.524145,True
978,39.08,11,0.917225420475006,852.331298828125,499.2228698730469,19.59388,11.2738,True
978,39.08,15,0.9389764666557312,1120.2342529296875,391.0045471191406,23.447859,8.263633,True
978,39.08,20,0.902748703956604,1169.148681640625,277.4237060546875,24.965971,4.3819447,True
978,39.08,23,0.93450528383255,990.1760864257812,568.8121337890625,20.898232,13.211996,True
978,39.08,24,0.868897557258606,669.7397766113281,571.6129150390625,17.227915,13.089089,True
978,39.08,25,0.8760537505149841,889.4972229003906,338.1293640136719,20.794392,6.2713614,True
979,39.12,0,0.7194807529449463,627.0881652832031,622.1141357421875,16.640238,14.320148,True
979,39.12,4,0.9306685328483582,1142.6767578125,621.7505493164062,22.320425,14.585363,True
979,39.12,11,0.8973105549812317,837.9364013671875,498.0114440917969,19.426563,11.229584,True
979,39.12,15,0.9456325769424438,1119.4906616210938,390.5557556152344,23.44165,8.248651,True
979,39.12,20,0.907586395740509,1166.6512451171875,277.6604309082031,24.930157,4.3878794,True
979,39.12,23,0.9435632228851318,987.8875732421875,566.1327514648438,20.884562,13.142813,True
979,39.12,24,0.8777953386306763,661.3734436035156,574.4254760742188,17.124996,13.155997,True
979,39.12,25,0.8719412684440613,887.8175354003906,339.08984375,20.767002,6.3031893,True
979,39.12,14,0.5419397950172424,848.8459777832031,476.41009521484375,19.64208,10.6246395,True
980,39.16,0,0.6874432563781738,622.9060974121094,620.1683349609375,16.5966,14.2709055,True
980,39.16,4,0.929222583770752,1143.9580688476562,629.80224609375,22.292208,14.773808,True
980,39.16,11,0.8844831585884094,829.3943786621094,497.7447509765625,19.325357,11.215949,True
980,39.16,15,0.9420658946037292,1119.1821899414062,391.5835876464844,23.430685,8.281122,True
980,39.16,20,0.9018203020095824,1163.814453125,276.7684020996094,24.899508,4.3509235,True
980,39.16,23,0.9402851462364196,987.60009765625,567.1959838867188,20.876492,13.169576,True
980,39.16,24,0.9000436067581177,658.6920166015625,574.1423950195312,17.094599,13.147125,True
980,39.16,25,0.8698441982269287,884.7604370117188,342.757080078125,20.707268,6.427849,True
980,39.16,14,0.5092370510101318,849.1209106445312,478.65130615234375,19.636461,10.689269,True
981,39.2,0,0.7649897336959839,617.2117919921875,621.9588623046875,16.529335,14.311044,True
981,39.2,4,0.941184937953949,1146.1876220703125,637.9408569335938,22.273949,14.962856,True
981,39.2,11,0.8978672027587891,823.2916259765625,496.9392700195313,19.255249,11.188962,True
981,39.2,14,0.7318384051322937,838.91748046875,476.2913513183594,19.522152,10.613672,True
981,39.2,15,0.9338268637657166,1119.0989990234375,395.97564697265625,23.399427,8.420463,True
981,39.2,20,0.896104097366333,1161.363037109375,275.9672546386719,24.873241,4.3177943,True
981,39.2,23,0.935104250907898,991.8029479980469,570.1578979492188,20.910458,13.246935,True
981,39.2,24,0.8939192295074463,651.673583984375,578.6107177734375,17.004133,13.256858,True
981,39.2,25,0.8589267134666443,885.8611450195312,342.606201171875,20.722649,6.4237523,True
982,39.24,0,0.8840463757514954,609.2935180664062,617.9094848632812,16.44688,14.208761,True
982,39.24,4,0.9500613212585448,1146.9498901367188,653.9988403320312,22.199997,15.328584,False
982,39.24,11,0.9066840410232544,812.5884094238281,495.9911193847656,19.130335,11.154579,True
982,39.24,14,0.6620543003082275,829.2696228027344,482.03424072265625,19.383083,10.771242,True
982,39.24,15,0.9342132210731506,1116.2962036132812,409.7940368652344,23.270927,8.851013,True
982,39.24,20,0.9143033623695374,1154.6810302734375,276.7459411621094,24.776047,4.339185,True
982,39.24,23,0.9366484880447388,1002.4008178710938,583.5812377929688,20.968348,13.588666,True
982,39.24,24,0.9270662665367126,650.2764282226562,572.4791259765625,17.000685,13.099388,True
982,39.24,25,0.910190999507904,884.7172241210938,336.79595947265625,20.73778,6.2195687,True
983,39.28,0,0.8890050649642944,603.9817199707031,616.9375610351562,16.388445,14.182246,True
983,39.28,4,0.9428573846817015,1145.8275756835938,657.5065307617188,22.17043,15.406918,False
983,39.28,11,0.9102280735969543,804.86083984375,496.0947265625,19.03718,11.151872,True
983,39.28,14,0.6516776084899902,825.5759887695312,489.8450927734375,19.309027,10.990756,True
983,39.28,15,0.9391579627990724,1112.749267578125,410.6996154785156,23.22102,8.8760195,True
983,39.28,20,0.9095177054405212,1151.9616088867188,271.7512512207031,24.781963,4.1468577,True
983,39.28,23,0.9317564368247986,1010.0545043945312,589.9921264648438,21.024443,13.751201,True
983,39.28,24,0.8796326518058777,656.3927917480469,571.0944213867188,17.074469,13.0676,True
983,39.28,25,0.9206644892692566,881.5763244628906,335.6331787109375,20.701996,6.1753907,True
984,39.32,0,0.8940339684486389,598.695068359375,615.763671875,16.33052,14.150785,True
984,39.32,4,0.9305240511894226,1145.5130615234375,662.861572265625,22.140247,15.526542,False
984,39.32,11,0.8853046894073486,800.13916015625,493.5145263671875,18.98952,11.075768,True
984,39.32,15,0.9359973073005676,1108.8875122070312,395.7991638183594,23.273111,8.405691,True
984,39.32,20,0.912034034729004,1149.1903076171875,275.3121337890625,24.713854,4.2784925,True
984,39.32,23,0.9357491135597228,1015.4857788085938,598.8687133789062,21.044247,13.97105,True
984,39.32,24,0.8703004121780396,658.4105224609375,569.0079345703125,17.10232,13.015186,True
984,39.32,25,0.9165285229682922,881.5786743164062,334.86962890625,20.706013,6.1485324,True
985,39.36,0,0.902145504951477,595.5771789550781,615.4678955078125,16.295677,14.141862,True
985,39.36,4,0.939755916595459,1144.6499633789062,663.5990600585938,22.127481,15.542572,False
985,39.36,11,0.7936870455741882,786.6815185546875,492.3244018554688,18.831501,11.032276,True
985,39.36,15,0.940824031829834,1105.7865600585938,394.7476196289063,23.24146,8.369562,True
985,39.36,20,0.914661943912506,1144.7256469726562,273.4626770019531,24.668957,4.203105,True
985,39.36,23,0.9311544299125672,1019.7678527832031,603.5352172851562,21.07028,14.086394,True
985,39.36,24,0.8686758279800415,653.3463439941406,566.7301025390625,17.048353,12.953305,True
985,39.36,25,0.9156611561775208,877.9002380371094,332.2281188964844,20.67065,6.05142,True
985,39.36,14,0.5489547252655029,804.385009765625,491.2208862304688,19.048775,11.014084,True
986,39.4,0,0.9099348783493042,590.5155639648438,615.0626220703125,16.238955,14.129188,True
986,39.4,4,0.9483292698860168,1147.3772583007812,663.3809204101562,22.157259,15.538991,False
986,39.4,11,0.8476976156234741,780.6951904296875,492.4016418457031,18.759022,11.030059,True
986,39.4,15,0.9456320405006408,1101.7343139648438,404.6388549804688,23.12476,8.67761,True
986,39.4,20,0.911441206932068,1141.9265747070312,273.5178527832031,24.630438,4.2018275,True
986,39.4,23,0.9379307627677916,1019.0898742675781,607.9724731445312,21.042728,14.19283,True
986,39.4,24,0.867405891418457,646.4278259277344,567.53662109375,16.966238,12.969843,True
986,39.4,25,0.9124171137809752,876.44384765625,334.630859375,20.638718,6.134649,True
986,39.4,14,0.5297068357467651,811.157470703125,455.6177978515625,19.26235,9.98728,True
987,39.44,0,0.9128103256225586,585.1168823242188,612.3818969726562,16.181786,14.060735,True
987,39.44,4,0.945334792137146,1140.910888671875,662.50830078125,22.093567,15.5165,False
987,39.44,11,0.8657689690589905,783.62646484375,491.0470275878906,18.798985,10.993865,True
987,39.44,15,0.923574149608612,1093.8956298828125,438.5334777832031,22.810192,9.706943,True
987,39.44,20,0.9097567796707152,1135.62548828125,272.587158203125,24.552568,4.158895,True
987,39.44,23,0.8456577658653259,1001.0342407226562,614.0599975585938,20.817617,14.32873,True
987,39.44,24,0.8862248063087463,632.4549560546875,567.2158813476562,16.804314,12.952889,True
987,39.44,25,0.9134501218795776,862.9525756835938,331.2889404296875,20.47535,6.0021086,True
987,39.44,14,0.5896415114402771,788.4816589355469,467.9431762695313,18.938265,10.332535,True
988,39.48,0,0.8918333649635315,589.6745300292969,612.417724609375,16.233496,14.064152,True
988,39.48,4,0.9368332028388976,1135.66162109375,659.9944458007812,22.050728,15.457849,False
988,39.48,11,0.9054799675941468,788.9427185058594,490.7908325195313,18.864042,10.990527,True
988,39.48,15,0.933302640914917,1091.6297607421875,433.8226318359375,22.812126,9.56398,True
988,39.48,20,0.9144334197044371,1133.4668579101562,272.4971923828125,24.523932,4.1528683,True
988,39.48,23,0.8756874799728394,993.031005859375,613.7487182617188,20.731216,14.317008,True
988,39.48,24,0.8833621144294739,628.4068603515625,566.5564575195312,16.758444,12.933318,True
988,39.48,25,0.9107155203819276,859.0422973632812,332.0575256347656,20.419067,6.025126,True
988,39.48,14,0.5858190059661865,783.0522155761719,468.33111572265625,18.870338,10.3396435,True
989,39.52,0,0.8745309114456177,587.7020263671875,611.53369140625,16.212446,14.04142,True
989,39.52,4,0.8944758176803589,1121.6980590820312,657.4502563476562,21.91576,15.394158,False
989,39.52,11,0.9186369776725768,779.3643798828125,489.4653015136719,18.75284,10.945839,True
989,39.52,15,0.9295908212661744,1089.74609375,424.30572509765625,22.849144,9.274462,True
989,39.52,20,0.914818525314331,1129.8384399414062,273.23419189453125,24.468353,4.176492,True
989,39.52,23,0.897352933883667,1002.5641479492188,610.5678100585938,20.84968,14.246097,True
989,39.52,24,0.8777233958244324,623.6687927246094,567.2101440429688,16.70199,12.947283,True
989,39.52,25,0.9148889183998108,855.9416198730469,329.22174072265625,20.391693,5.921141,True
990,39.56,0,0.8883873224258423,583.1083984375,608.32080078125,16.16506,13.960008,True
990,39.56,4,0.8867109417915344,1115.1494750976562,655.1392211914062,21.857697,15.339019,False
990,39.56,11,0.8372498750686646,771.4906311035156,489.4440612792969,18.65767,10.9394,True
990,39.56,15,0.9254404902458192,1087.3864135742188,412.5125732421875,22.895403,8.910202,True
990,39.56,20,0.8969906568527222,1127.7299194335938,275.0331115722656,24.424685,4.242189,True
990,39.56,23,0.8858625292778015,988.642578125,609.6829833984375,20.700518,14.217343,True
990,39.56,24,0.8677864670753479,619.9164428710938,563.4402465820312,16.6653,12.847193,True
990,39.56,25,0.9312137365341188,853.6058959960938,328.7916564941406,20.36246,5.903305,True
991,39.6,0,0.8817086815834045,577.8543395996094,604.969970703125,16.110125,13.874449,True
991,39.6,4,0.8990261554718018,1122.1415405273438,653.72412109375,21.93871,15.310464,False
991,39.6,11,0.8565415143966675,745.5668640136719,488.30560302734375,18.347137,10.887724,True
991,39.6,15,0.9082199931144714,1085.1627197265625,393.7484130859375,22.989832,8.3191595,True
991,39.6,20,0.8910704255104065,1126.203125,274.78466796875,24.405975,4.23094,True
991,39.6,23,0.8823450803756714,985.8720703125,607.6156005859375,20.678905,14.166163,True
991,39.6,24,0.8507949709892273,614.6585388183594,562.2183227539062,16.606094,12.812094,True
991,39.6,25,0.930537223815918,849.906982421875,328.255615234375,20.315392,5.880197,True
991,39.6,14,0.5172991752624512,749.3840637207031,480.5683288574219,18.417833,10.668855,True
992,39.64,0,0.8579602837562561,568.6874084472656,602.5643310546875,16.008785,13.809689,True
992,39.64,4,0.9195634126663208,1116.7320556640625,657.0751953125,21.86505,15.383359,False
992,39.64,11,0.6605758666992188,742.4359130859375,480.3398132324219,18.333769,10.656993,True
992,39.64,14,0.8776679635047913,727.8947448730469,489.1040344238281,18.130093,10.897321,True
992,39.64,15,0.8807984590530396,1071.6027221679688,408.9171752929688,22.722597,8.784746,True
992,39.64,20,0.9205101132392884,1117.7609252929688,263.88720703125,24.381248,3.8039527,True
992,39.64,23,0.9292761087417604,982.9471740722656,612.2752075195312,20.626818,14.276369,True
992,39.64,24,0.7865807414054871,598.8046264648438,581.4067993164062,16.387995,13.296142,True
992,39.64,25,0.9300353527069092,840.7941589355469,326.45391845703125,20.201542,5.805952,True
993,39.68,0,0.89040607213974,550.9230346679688,604.6163330078125,15.802669,13.850372,True
993,39.68,4,0.91571044921875,1115.0498046875,662.6876831054688,21.82013,15.508335,False
993,39.68,11,0.7301726937294006,737.0027770996094,481.2386779785156,18.264677,10.678769,True
993,39.68,14,0.8839942812919617,722.6480102539062,489.6388854980469,18.064764,10.908661,True
993,39.68,15,0.906863570213318,1067.8024291992188,404.8897399902344,22.700804,8.655509,True
993,39.68,20,0.9193482995033264,1111.5380249023438,260.49102783203125,24.323986,3.664824,True
993,39.68,23,0.943904459476471,975.993896484375,614.8363647460938,20.539642,14.333817,True
993,39.68,24,0.8623348474502563,596.1254272460938,585.1260986328125,16.350855,13.388894,True
993,39.68,25,0.9303183555603028,835.7150268554688,326.5131530761719,20.132763,5.8025217,True
994,39.72,0,0.8921674489974976,554.7302398681641,603.0597534179688,15.848286,13.813986,True
994,39.72,4,0.9330914616584778,1110.4097900390625,667.0267333984375,21.750456,15.602836,False
994,39.72,14,0.8585225343704224,715.9397888183594,498.5069274902344,17.958044,11.155,True
994,39.72,15,0.9040870666503906,1068.7421875,406.441650390625,22.702684,8.70494,True
994,39.72,20,0.914592146873474,1109.1466674804688,260.3132019042969,24.29252,3.6549392,True
994,39.72,23,0.941273868083954,970.8778991699219,613.8215942382812,20.487692,14.30684,True
994,39.72,24,0.8072375059127808,587.790283203125,590.1644287109375,16.246626,13.511097,True
994,39.72,25,0.9248624444007874,828.1660461425781,325.8270263671875,20.034166,5.769701,True
994,39.72,11,0.5560543537139893,736.0612487792969,483.3192138671875,18.24684,10.7379,True
995,39.76,0,0.9002333283424377,541.8698883056641,603.0791015625,15.70085,13.807103,True
995,39.76,4,0.918724238872528,1097.1265869140625,671.410400390625,21.590084,15.693882,False
995,39.76,11,0.6258829236030579,729.6159362792969,485.6622924804688,18.16125,10.800253,True
995,39.76,14,0.9035763740539552,708.1300048828125,498.4811096191406,17.863672,11.148577,True
995,39.76,15,0.8976941704750061,1067.9336242675781,407.2071228027344,22.687778,8.728161,True
995,39.76,20,0.875306248664856,1094.6101684570312,260.96990966796875,24.086712,3.6623003,True
995,39.76,23,0.9347156882286072,965.8487548828125,613.4241333007812,20.434057,14.294631,True
995,39.76,24,0.809343695640564,585.2878723144531,596.2666625976562,16.208345,13.662575,True
995,39.76,25,0.9320523142814636,821.9313659667969,326.9817199707031,19.944519,5.8042216,True
996,39.8,0,0.8801904916763306,541.7908782958984,602.4660034179688,15.700689,13.791839,True
996,39.8,4,0.926917314529419,1093.570068359375,674.85595703125,21.53676,15.768328,False
996,39.8,11,0.6200986504554749,724.5653381347656,479.97357177734375,18.116531,10.632828,True
996,39.8,14,0.8490993976593018,690.9648742675781,500.0486145019531,17.65176,11.180227,True
996,39.8,15,0.92265647649765,1062.2042846679688,408.6107177734375,22.60767,8.766957,True
996,39.8,20,0.8500973582267761,1067.796875,255.3896484375,23.760399,3.4107158,True
996,39.8,23,0.9234356880187988,963.5304565429688,613.5478515625,20.408054,14.296341,True
996,39.8,24,0.825173020362854,580.3959655761719,598.2772827148438,16.149168,13.709885,True
996,39.8,25,0.9354531764984132,816.3651428222656,328.4407653808594,19.862589,5.8503056,True
997,39.84,0,0.8499893546104431,531.0463562011719,602.8003540039062,15.576978,13.793978,True
997,39.84,4,0.9414404034614564,1091.3311767578125,677.340087890625,21.50185,15.821973,False
997,39.84,11,0.7933142781257629,712.8326416015625,482.2889099121094,17.966333,10.690687,True
997,39.84,14,0.8395825624465942,686.0286254882812,494.0794677734375,17.607431,11.007828,True
997,39.84,15,0.9390947222709656,1049.2027587890625,409.2692260742188,22.441784,8.776105,True
997,39.84,20,0.8294246196746826,1065.5677490234375,257.316162109375,23.714218,3.4834116,True
997,39.84,23,0.9261070489883424,952.8646850585938,610.1444702148438,20.304497,14.208989,True
997,39.84,24,0.8446582555770874,566.9949035644531,598.5236206054688,15.995079,13.708278,True
997,39.84,25,0.9290601015090942,809.9240112304688,327.0572509765625,19.781948,5.7937946,True
998,39.88,0,0.8620203733444214,526.1390991210938,606.452392578125,15.516608,13.881683,True
998,39.88,4,0.9432030916213988,1085.7967529296875,678.2371215820312,21.43975,15.839163,False
998,39.88,11,0.8141415119171143,705.31005859375,479.5516052246094,17.882017,10.605942,True
998,39.88,14,0.8394489288330078,675.7271423339844,490.80609130859375,17.490376,10.907,True
998,39.88,15,0.9341946244239808,1049.9141235351562,408.5926208496094,22.454798,8.75561,True
998,39.88,20,0.8520296812057495,1052.4372253417969,253.7243804931641,23.559803,3.325683,True
998,39.88,23,0.9221151471138,951.4486694335938,610.3338012695312,20.28811,14.212769,True
998,39.88,24,0.7967267036437988,564.1676940917969,594.4207153320312,15.9683275,13.604107,True
998,39.88,25,0.9274807572364808,807.7677001953125,327.3962707519531,19.751255,5.803574,True
999,39.92,0,0.8599691987037659,519.9209594726562,609.5682373046875,15.44206,13.955072,True
999,39.92,4,0.9360032677650452,1079.613037109375,684.1375122070312,21.348402,15.965503,False
999,39.92,11,0.7771455645561218,694.4588317871094,480.2813720703125,17.746986,10.618763,True
999,39.92,14,0.8733401894569397,666.6710510253906,496.2666015625,17.366568,11.0556,True
999,39.92,15,0.9243239760398864,1044.8711547851562,411.854736328125,22.372103,8.852844,True
999,39.92,20,0.8882550001144409,1041.2313842773438,255.1785888671875,23.392448,3.3686724,True
999,39.92,23,0.917779266834259,952.3637390136719,609.499755859375,20.301588,14.193219,True
999,39.92,24,0.8438783884048462,557.1307678222656,596.965576171875,15.883901,13.663683,True
999,39.92,25,0.9238735437393188,803.9305725097656,321.8014831542969,19.72469,5.5981927,True
1000,39.96,0,0.8841938376426697,510.9274139404297,611.9942626953125,15.336727,14.009707,True
1000,39.96,4,0.9334744215011596,1076.9799194335938,687.3317260742188,21.306652,16.033873,False
1000,39.96,11,0.789885401725769,688.3336791992188,476.2518310546875,17.682627,10.497184,True
1000,39.96,14,0.8707904815673828,656.6150512695312,502.794921875,17.228964,11.232536,True
1000,39.96,15,0.9132537245750428,1038.3944091796875,411.4636535644531,22.29391,8.835031,True
1000,39.96,20,0.8934431076049805,1033.6330871582031,255.7353515625,23.282322,3.380912,True
1000,39.96,23,0.9145862460136414,957.4100646972656,609.9235229492188,20.355526,14.206152,True
1000,39.96,24,0.8056728839874268,553.640380859375,596.9024658203125,15.843844,13.660079,True
1000,39.96,25,0.9271871447563172,800.7762145996094,319.3703308105469,19.692837,5.506713,True
1001,40.0,0,0.8764812350273132,501.82383728027344,614.8599243164062,15.229979,14.074929,True
1001,40.0,4,0.9156365394592284,1066.2451782226562,689.772216796875,21.183935,16.082094,False
1001,40.0,11,0.7887158393859863,684.6158447265625,467.4901428222656,17.660223,10.237815,True
1001,40.0,14,0.8797999024391174,648.2591247558594,501.4521484375,17.1307,11.188671,True
1001,40.0,15,0.9421794414520264,1048.7808227539062,412.1731262207031,22.418756,8.866145,True
1001,40.0,20,0.8992666006088257,1027.2008666992188,255.3269500732422,23.195696,3.3566492,True
1001,40.0,23,0.9103291034698486,963.3834228515626,616.1734619140625,20.395655,14.358944,True
1001,40.0,24,0.8166905641555786,547.7830200195312,596.9035034179688,15.776454,13.6567,True
1001,40.0,25,0.9335249662399292,797.7151489257812,318.3908386230469,19.655582,5.4677486,True
1002,40.04,0,0.8812333941459656,492.75523376464844,618.1063842773438,15.123614,14.149282,True
1002,40.04,4,0.9120081663131714,1072.163330078125,691.3367309570312,21.238739,16.118587,False
1002,40.04,11,0.8573084473609924,676.6438598632812,478.8587951660156,17.532028,10.563924,True
1002,40.04,14,0.8535851240158081,631.0717468261719,502.10833740234375,16.920507,11.194647,True
1002,40.04,15,0.932137966156006,1046.4588012695312,416.2445983886719,22.365185,8.990281,True
1002,40.04,20,0.9139435291290284,1019.7650756835938,253.59642028808597,23.104761,3.2788806,True
1002,40.04,23,0.905903160572052,966.8563842773438,624.139892578125,20.401098,14.549708,True
1002,40.04,24,0.8282236456871033,534.3651580810547,594.7523193359375,15.624477,13.594997,True
1002,40.04,25,0.9240884780883788,787.8445434570312,318.7371520996094,19.519522,5.4692836,True
1003,40.08,0,0.8860073685646057,486.33180236816406,616.8563232421875,15.0513115,14.11517,True
1003,40.08,4,0.9219967126846312,1068.7711791992188,690.6932983398438,21.206234,16.103167,False
1003,40.08,11,0.8521139025688171,671.436767578125,483.1160888671875,17.45727,10.683109,True
1003,40.08,14,0.8489283323287964,627.458984375,499.2536926269531,16.882582,11.111386,True
1003,40.08,15,0.9243587851524352,1047.0667114257812,417.0115356445313,22.368074,9.014487,True
1003,40.08,20,0.9284002780914308,1013.078369140625,253.86801147460935,23.00923,3.281052,True
1003,40.08,23,0.8914088010787964,969.4730834960938,627.3814086914062,20.416418,14.627404,True
1003,40.08,24,0.8470734357833862,530.9533233642578,594.9119873046875,15.584926,13.597008,True
1003,40.08,25,0.9261252284049988,782.7768859863281,319.40020751953125,19.447533,5.487695,True
1003,40.08,26,0.8903308510780334,1250.2337646484375,411.8306274414063,24.90098,9.0293255,True
1004,40.12,0,0.8726376295089722,478.05877685546875,615.6106567382812,14.957694,14.08006,True
1004,40.12,4,0.903542697429657,1063.5623168945312,689.8784790039062,21.155499,16.083214,False
1004,40.12,11,0.8594397306442261,663.421875,489.6178588867188,17.343102,10.863855,True
1004,40.12,14,0.8363435864448547,623.3292846679688,502.0956726074219,16.82641,11.18865,True
1004,40.12,15,0.9185084104537964,1046.4695129394531,424.0120849609375,22.318556,9.22897,True
1004,40.12,20,0.9170211553573608,1008.8308715820312,254.0260467529297,22.94864,3.2818594,True
1004,40.12,23,0.8922019600868225,968.5123291015625,629.4456787109375,20.39754,14.675352,True
1004,40.12,24,0.8490518927574158,522.2763214111328,595.5187377929688,15.484106,13.607154,True
1004,40.12,25,0.924339771270752,779.5110473632812,329.8965759277344,19.358114,5.8621492,True
1004,40.12,26,0.9147167205810548,1246.8211669921875,413.3196411132813,24.847807,9.072039,True
1005,40.16,0,0.8790044188499451,471.9446258544922,615.0165405273438,14.888143,14.062074,True
1005,40.16,4,0.8901619911193848,1057.1476440429688,689.859375,21.088673,16.079966,False
1005,40.16,11,0.8398944735527039,657.7881469726562,493.3209838867188,17.26546,10.96535,True
1005,40.16,14,0.8258130550384521,616.3540954589844,506.1896057128906,16.733387,11.298738,True
1005,40.16,15,0.9186891913414,1041.5604248046875,423.9578857421875,22.258343,9.223158,True
1005,40.16,20,0.9178645014762878,1004.3431091308594,251.6814117431641,22.902895,3.1832335,True
1005,40.16,23,0.8836473822593689,970.2158203125,626.6124877929688,20.42766,14.6097145,True
1005,40.16,24,0.8494731783866882,518.7934112548828,596.6740112304688,15.442675,13.634078,True
1005,40.16,25,0.9328004121780396,777.8253784179688,322.8425598144531,19.365269,5.6068473,True
1005,40.16,26,0.928727924823761,1243.2239379882812,413.7792663574219,24.800413,9.083042,True
1006,40.2,0,0.8675848841667175,465.9257049560547,612.8502807617188,14.82062,14.005462,True
1006,40.2,4,0.8923479318618774,1049.8979187011719,688.6007080078125,21.018394,16.04943,False
1006,40.2,11,0.8591130971908569,651.2156372070312,493.03851318359375,17.18594,10.952423,True
1006,40.2,14,0.822524905204773,607.8424682617188,504.9326171875,16.632471,11.2572775,True
1006,40.2,15,0.9026617407798768,1036.7100219726562,423.3277282714844,22.202223,9.19977,True
1006,40.2,20,0.9118545651435852,998.2221984863281,251.8410186767578,22.81586,3.1816807,True
1006,40.2,23,0.8856253623962402,968.7743530273438,626.6021118164062,20.411982,14.608719,True
1006,40.2,24,0.8567894697189331,514.7077484130859,594.462646484375,15.3978,13.576209,True
1006,40.2,25,0.945487141609192,775.2442932128906,317.2440185546875,19.354012,5.4008193,True
1006,40.2,26,0.9214314818382264,1238.8172607421875,413.8503112792969,24.746153,9.081465,True
1007,40.24,0,0.866091251373291,449.2768859863281,617.7730102539062,14.62688,14.116987,True
1007,40.24,4,0.8637779355049133,1038.7969665527344,685.077880859375,20.917244,15.9677515,False
1007,40.24,11,0.8676808476448059,641.3446350097656,491.2694091796875,17.06937,10.894577,True
1007,40.24,14,0.8399943709373474,595.4523010253906,503.7192077636719,16.484,11.214121,True
1007,40.24,15,0.8827213048934937,1027.1156005859375,427.214599609375,22.061121,9.310353,True
1007,40.24,20,0.914827823638916,985.6866455078125,250.1114654541016,22.652103,3.0966923,True
1007,40.24,23,0.86392742395401,967.4129638671876,643.2123413085938,20.330154,14.994781,True
1007,40.24,24,0.8580195307731628,506.3932800292969,584.8629150390625,15.311019,13.328504,True
1007,40.24,25,0.9462811350822448,768.7744750976562,315.9396057128906,19.271067,5.3459306,True
1007,40.24,26,0.9272440075874328,1227.055419921875,411.2742309570313,24.622246,8.992396,True
1008,40.28,0,0.8614048957824707,444.2793273925781,617.8892211914062,14.569576,14.117051,True
1008,40.28,4,0.8427498936653137,1032.7466430664062,683.5643310546875,20.86019,15.931955,False
1008,40.28,11,0.8714929819107056,634.37109375,491.6319274902344,16.983267,10.899732,True
1008,40.28,14,0.8444615006446838,586.5628662109375,501.7766723632813,16.379107,11.152796,True
1008,40.28,15,0.8796011805534363,1021.5804443359375,430.53656005859375,21.973824,9.4066925,True
1008,40.28,20,0.9270679950714112,980.0028991699219,247.45590209960935,22.590858,2.9832346,True
1008,40.28,23,0.8763890862464905,975.9544067382812,651.7998657226562,20.387798,15.195864,True
1008,40.28,24,0.8556721210479736,502.64295959472656,584.1979370117188,15.267999,13.309313,True
1008,40.28,25,0.9510912895202636,763.57080078125,315.3807983398437,19.202147,5.319621,True
1008,40.28,26,0.9188650846481324,1216.4205932617188,410.5953369140625,24.497269,8.962376,True
1009,40.32,0,0.8494954705238342,437.11334228515625,618.9540405273438,14.486986,14.139127,True
1009,40.32,4,0.8650031089782715,1019.6272888183594,683.0048217773438,20.724783,15.913796,False
1009,40.32,11,0.8820388317108154,632.6552734375,491.4660034179688,16.962633,10.893706,True
1009,40.32,14,0.8387749791145325,582.2037048339844,493.4653930664063,16.340294,10.913197,True
1009,40.32,15,0.8964160084724426,1017.2974243164062,430.9791564941406,21.918602,9.41654,True
1009,40.32,20,0.9196981191635132,974.7671508789062,247.2964324951172,22.518085,2.9700105,True
1009,40.32,23,0.8332794904708862,974.8188781738281,627.6157836914062,20.473711,14.63569,True
1009,40.32,24,0.8678379058837891,496.21766662597656,581.6264038085938,15.195477,13.239787,True
1009,40.32,25,0.9492097496986388,759.0857849121094,315.0660705566406,19.141977,5.303027,True
1009,40.32,26,0.9115198850631714,1211.8976440429688,410.0284729003906,24.446127,8.941018,True
1010,40.36,0,0.8517032265663147,429.1227416992188,617.8120727539062,14.395855,14.106717,True
1010,40.36,4,0.8587620258331299,1026.1711120605469,680.6666259765625,20.80326,15.865465,False
1010,40.36,11,0.8958167433738708,627.6156311035156,495.12701416015625,16.893187,10.99439,True
1010,40.36,14,0.8631534576416016,575.4314575195312,491.8551940917969,16.259836,10.862004,True
1010,40.36,15,0.9105497598648072,1014.0506591796875,428.1975402832031,21.89442,9.329304,True
1010,40.36,20,0.9157932996749878,971.0067138671875,246.6033477783203,22.469824,2.937306,True
1010,40.36,23,0.8491448163986206,973.548583984375,646.365966796875,20.38371,15.070374,True
1010,40.36,24,0.9006407856941223,492.0524139404297,579.9486694335938,15.148322,13.194298,True
1010,40.36,25,0.9520254731178284,755.6649780273438,316.0373840332031,19.091091,5.3346972,True
1010,40.36,26,0.9174813628196716,1205.6780395507812,408.0574645996094,24.384584,8.87479,True
1011,40.4,0,0.8663885593414307,419.7575378417969,621.3585815429688,14.287264,14.18827,True
1011,40.4,4,0.8263083696365356,1022.9064331054688,678.598388671875,20.777534,15.818498,False
1011,40.4,11,0.8936736583709717,619.9433898925781,492.3022155761719,16.805252,10.908118,True
1011,40.4,14,0.8481660485267639,566.5354919433594,488.3219909667969,16.156103,10.753686,True
1011,40.4,15,0.8971899151802063,1010.062255859375,423.7399291992188,21.870487,9.189771,True
1011,40.4,20,0.9183627367019652,967.4237060546876,245.04800415039065,22.43,2.8701186,True
1011,40.4,23,0.8519402146339417,976.1196899414062,635.1972045898438,20.456749,14.813574,True
1011,40.4,24,0.9060580730438232,489.1929626464844,576.947509765625,15.117471,13.115456,True
1011,40.4,25,0.9457688927650452,753.9481506347656,316.001953125,19.067701,5.331461,True
1011,40.4,26,0.9298118352890016,1197.6002197265625,405.7563781738281,24.30243,8.796478,True
1012,40.44,0,0.8685095310211182,407.64378356933594,623.639404296875,14.147915,14.237206,True
1012,40.44,4,0.8180320858955383,1013.6992492675781,676.2446899414062,20.690231,15.762372,False
1012,40.44,11,0.8328086733818054,608.8783569335938,490.2117919921875,16.673807,10.839975,True
1012,40.44,14,0.799027681350708,551.3507080078125,496.3995666503906,15.956599,10.974049,True
1012,40.44,15,0.902908444404602,1002.4113464355469,423.11029052734375,21.77933,9.163953,True
1012,40.44,20,0.9040766358375548,960.4420471191406,244.7487030029297,22.333202,2.8488846,True
1012,40.44,23,0.8389606475830078,975.2408447265626,665.5968017578125,20.325409,15.507466,False
1012,40.44,24,0.9164535403251648,484.271240234375,569.0318603515625,15.066353,12.907571,True
1012,40.44,25,0.940629780292511,750.3679504394531,305.36297607421875,19.061863,4.93498,True
1012,40.44,26,0.9183791875839232,1184.7491455078125,403.0994567871094,24.163664,8.70257,True
1013,40.48,0,0.8675518035888672,403.7184143066406,623.27001953125,14.103033,14.226044,True
1013,40.48,4,0.805942177772522,1011.008056640625,675.130126953125,20.666409,15.736492,False
1013,40.48,11,0.8602480292320251,601.9981994628906,487.6192932128906,16.5943,10.760276,True
1013,40.48,14,0.8493767380714417,547.6554565429688,495.2113037109375,15.912907,10.937343,True
1013,40.48,15,0.9018908739089966,997.7738342285156,422.2182312011719,21.726854,9.132602,True
1013,40.48,20,0.8755865097045898,955.5579223632812,243.0363311767578,22.275711,2.773366,True
1013,40.48,23,0.8199160099029541,974.7281494140625,669.8626708984375,20.303225,15.6026325,False
1013,40.48,24,0.9244265556335448,480.7163848876953,568.6448364257812,15.02478,12.895271,True
1013,40.48,25,0.9309884309768676,748.98193359375,306.2928466796875,19.038904,4.967933,True
1013,40.48,26,0.923436999320984,1178.8892211914062,402.0451965332031,24.09901,8.664508,True
1014,40.52,0,0.8674078583717346,399.3817443847656,622.7978515625,14.053418,14.212137,True
1014,40.52,4,0.8063778281211853,1003.4596862792969,672.9533081054688,20.595522,15.684772,False
1014,40.52,11,0.8608410954475403,595.2449035644531,486.69287109375,16.512909,10.728458,True
1014,40.52,14,0.8189738392829895,546.4516296386719,499.177734375,15.892398,11.049588,True
1014,40.52,15,0.9025649428367616,996.2388610839844,424.3604431152344,21.695887,9.197043,True
1014,40.52,20,0.8866958022117615,951.537841796875,245.699462890625,22.200527,2.875442,True
1014,40.52,23,0.795955240726471,973.529052734375,672.5358276367188,20.28007,15.6616125,False
1014,40.52,24,0.916149377822876,476.7314910888672,567.5302124023438,14.978667,12.863728,True
1014,40.52,25,0.9211305379867554,749.4648132324219,308.60479736328125,19.036152,5.0542054,True
1014,40.52,26,0.9226735830307008,1173.8409423828125,400.4406433105469,24.048271,8.609852,True
1015,40.56,0,0.860846757888794,392.0058135986328,622.6451416015625,13.968848,14.204337,True
1015,40.56,4,0.7813007235527039,997.7591552734375,664.973876953125,20.567568,15.504147,False
1015,40.56,11,0.8739497065544128,591.2003479003906,486.0185852050781,16.464308,10.705923,True
1015,40.56,14,0.8055025339126587,544.1920166015625,493.1622009277344,15.873209,10.876058,True
1015,40.56,15,0.9003113508224487,994.17578125,421.596435546875,21.68569,9.110404,True
1015,40.56,20,0.8729029893875122,948.2769165039062,243.27291870117188,22.170713,2.773291,True
1015,40.56,23,0.6865852475166321,975.0800170898438,657.564697265625,20.355436,15.326414,False
1015,40.56,24,0.9040152430534364,473.99761962890625,566.4396362304688,14.947228,12.833544,True
1015,40.56,25,0.9132011532783508,750.6502685546875,309.79071044921875,19.047667,5.0994134,True
1015,40.56,26,0.92348051071167,1170.4566040039062,398.7882995605469,24.018368,8.555023,True
1016,40.6,0,0.8735452890396118,388.8581848144531,622.032958984375,13.932786,14.187645,True
1016,40.6,4,0.73304682970047,995.1929321289062,664.5572509765625,20.541965,15.493592,False
1016,40.6,11,0.8705421090126038,587.7577819824219,486.4022216796875,16.421164,10.714387,True
1016,40.6,14,0.7949478626251221,539.1543884277344,490.6217041015625,15.814636,10.799248,True
1016,40.6,15,0.9101305603981018,991.443603515625,421.0694274902344,21.654703,9.091841,True
1016,40.6,20,0.870627224445343,943.0969848632812,240.7843780517578,22.113869,2.6656303,True
1016,40.6,23,0.7309403419494629,973.3287048339844,646.1337890625,20.382275,15.064935,True
1016,40.6,24,0.9129281044006348,470.99151611328125,564.6039428710938,14.913066,12.783634,True
1016,40.6,25,0.9066017270088196,752.9243469238281,310.6386413574219,19.075523,5.133317,True
1016,40.6,26,0.9192504286766052,1164.6337280273438,398.1065368652344,23.951092,8.528418,True
1017,40.64,0,0.901369035243988,383.7310028076172,622.472900390625,13.87389,14.195557,True
1017,40.64,4,0.787333071231842,989.3125305175781,657.5548706054688,20.507696,15.333055,False
1017,40.64,11,0.8661690354347229,579.697998046875,482.5159301757813,16.328516,10.595692,True
1017,40.64,14,0.8314525485038757,529.5028991699219,488.8305358886719,15.697729,10.740281,True
1017,40.64,15,0.9121829867362976,987.8721618652344,417.7476196289063,21.628716,8.986205,True
1017,40.64,20,0.8632514476776123,931.890625,237.4875640869141,21.97608,2.5163975,True
1017,40.64,23,0.6961274147033691,969.6189270019531,645.3307495117188,20.3455,15.044642,True
1017,40.64,24,0.8862736821174622,466.5170593261719,561.90673828125,14.862023,12.710024,True
1017,40.64,25,0.8909973502159119,755.8076477050781,312.9147644042969,19.105843,5.2203994,True
1017,40.64,26,0.9212928414344788,1158.185546875,394.4276428222656,23.897501,8.406619,True
1018,40.68,0,0.9039605855941772,383.2024383544922,624.5051879882812,13.867723,14.244847,True
1018,40.68,4,0.8006890416145325,988.1808471679688,658.6670532226562,20.491095,15.357656,False
1018,40.68,11,0.8637822270393372,577.0770568847656,481.9910278320313,16.296991,10.578426,True
1018,40.68,14,0.8389091491699219,528.0677642822266,484.5920104980469,15.685483,10.616391,True
1018,40.68,15,0.9125874638557434,984.5968627929688,417.0852966308594,21.591587,8.962861,True
1018,40.68,20,0.8881634473800659,925.1990356445312,236.3873443603516,21.887642,2.4623942,True
1018,40.68,23,0.6591700315475464,971.731201171875,643.0471801757812,20.377445,14.9931345,True
1018,40.68,24,0.8712385296821594,467.0262145996094,559.2839965820312,14.869914,12.641291,True
1018,40.68,25,0.9021666646003724,757.7495422363281,310.9173278808594,19.140778,5.149115,True
1018,40.68,26,0.9200435876846312,1153.5034790039062,393.7351379394531,23.844173,8.380489,True
1019,40.72,0,0.9049261808395386,381.8194580078125,620.0366821289062,13.852032,14.134888,True
1019,40.72,4,0.8047559857368469,992.0018920898438,657.0090942382812,20.538668,15.322,False
1019,40.72,11,0.8804582357406616,573.6784057617188,481.6351623535156,16.255514,10.565465,True
1019,40.72,14,0.8479355573654175,525.6455078125,481.1409301757813,15.659856,10.514,True
1019,40.72,15,0.9142183661460876,982.4479064941406,415.5279846191406,21.573385,8.912683,True
1019,40.72,20,0.9028438329696656,922.467041015625,233.6610870361328,21.866447,2.346823,True
1019,40.72,23,0.7015148997306824,963.4812927246094,630.7367553710938,20.337547,14.702994,True
1019,40.72,24,0.864274263381958,465.7341766357422,556.4645385742188,14.856545,12.56595,True
1019,40.72,25,0.910715103149414,760.61376953125,310.3624572753906,19.18249,5.1319394,True
1019,40.72,26,0.91838937997818,1148.677490234375,391.6739196777344,23.798758,8.310744,True
1020,40.76,0,0.913760244846344,379.97454833984375,622.274658203125,13.830756,14.188634,True
1020,40.76,4,0.8174613118171692,996.9068603515625,651.983642578125,20.611816,15.210294,True
1020,40.76,11,0.893363356590271,572.3769226074219,473.1339111328125,16.253824,10.31568,True
1020,40.76,14,0.8367778658866882,523.5117797851562,478.9219055175781,15.636126,10.447443,True
1020,40.76,15,0.889830470085144,982.1589660644531,412.9729919433594,21.583887,8.832926,True
1020,40.76,20,0.8862187266349792,918.3792114257812,232.48306274414065,21.815481,2.292751,True
1020,40.76,23,0.7797743082046509,959.2267761230469,633.4453125,20.28042,14.7641115,True
1020,40.76,24,0.8742244839668274,464.50469970703125,553.8157348632812,14.843754,12.494897,True
1020,40.76,25,0.919504463672638,760.3275451660156,308.8916320800781,19.184694,5.0773115,True
1020,40.76,26,0.932435154914856,1145.0604858398438,389.1466369628906,23.771639,8.227001,True
1021,40.8,0,0.9110152125358582,377.5995635986328,620.5997314453125,13.803483,14.146336,True
1021,40.8,4,0.8202255964279175,998.3841857910156,648.547607421875,20.641922,15.132626,True
1021,40.8,11,0.8852259516716003,569.9794616699219,472.8468017578125,16.22443,10.305341,True
1021,40.8,14,0.8341307044029236,523.0980682373047,475.4490051269531,15.635401,10.345137,True
1021,40.8,15,0.8905323147773743,979.7749328613281,410.347412109375,21.568584,8.748825,True
1021,40.8,20,0.8907862305641174,913.2823791503906,229.9824066162109,21.758493,2.1824596,True
1021,40.8,23,0.7943496704101562,953.67431640625,633.6395874023438,20.219282,14.765798,True
1021,40.8,24,0.8798877596855164,464.2189025878906,552.9617309570312,14.840939,12.472006,True
1021,40.8,25,0.9288814067840576,757.790283203125,308.21112060546875,19.152569,5.0492244,True
1021,40.8,26,0.9203062653541564,1141.0009155273438,387.1944580078125,23.734758,8.160927,True
1022,40.84,0,0.9146978259086608,372.2747802734375,615.1156616210938,13.742051,14.008533,True
1022,40.84,4,0.7975772619247437,996.3419189453125,650.3090209960938,20.612688,15.17185,True
1022,40.84,11,0.887455940246582,566.1380920410156,470.2140197753906,16.1809,10.224614,True
1022,40.84,14,0.8381577730178833,514.0964050292969,471.8398742675781,15.527201,10.231501,True
1022,40.84,15,0.9048063158988952,976.8199157714844,411.7137756347656,21.52406,8.788953,True
1022,40.84,20,0.878313422203064,903.34619140625,226.68719482421875,21.636435,2.031878,True
1022,40.84,23,0.8478967547416687,945.7872009277344,627.061767578125,20.159235,14.607546,True
1022,40.84,24,0.8765548467636108,459.84906005859375,548.9741821289062,14.791447,12.362771,True
1022,40.84,25,0.9227321743965148,755.3074035644531,305.9300537109375,19.127783,4.961785,True
1022,40.84,26,0.8981456160545349,1132.0785522460938,384.9969787597656,23.638443,8.082287,True
1023,40.88,0,0.9229753017425536,367.5754852294922,611.0648193359375,13.687508,13.905647,True
1023,40.88,4,0.7869256734848022,994.2889404296875,638.6179809570312,20.639269,14.902174,True
1023,40.88,11,0.8805029392242432,562.9234313964844,469.67681884765625,16.141611,10.206176,True
1023,40.88,14,0.8085885643959045,508.3047790527344,462.9332275390625,15.4649315,9.96151,True
1023,40.88,15,0.9070150852203368,975.23046875,410.3778991699219,21.511496,8.745779,True
1023,40.88,20,0.8664553165435791,897.8969421386719,223.9415283203125,21.575169,1.909609,True
1023,40.88,23,0.8504318594932556,943.4957275390625,625.5316772460938,20.140196,14.570295,True
1023,40.88,24,0.8638842701911926,458.7681121826172,549.8584594726562,14.77794,12.385699,True
1023,40.88,25,0.9256063103675842,754.1764831542969,304.5668640136719,19.117805,4.909781,True
1023,40.88,26,0.9173212051391602,1131.6543579101562,384.341064453125,23.637758,8.06082,True
1024,40.92,0,0.9151237607002258,363.631591796875,610.6928100585938,13.641788,13.894166,True
1024,40.92,4,0.8029997944831848,988.6924743652344,640.9408569335938,20.569153,14.953051,True
1024,40.92,11,0.8616558313369751,560.1632080078125,469.4527893066406,16.107462,10.197354,True
1024,40.92,14,0.8014851212501526,507.1268005371094,458.037841796875,15.455767,9.813255,True
1024,40.92,15,0.8985838294029236,975.8064270019531,410.3979797363281,21.5186,8.746915,True
1024,40.92,20,0.8587062954902649,895.1093444824219,221.58372497558597,21.549805,1.8067678,True
1024,40.92,23,0.8421260714530945,943.5392761230469,627.6159057617188,20.13251,14.619413,True
1024,40.92,24,0.8662726879119873,456.1914367675781,549.5180053710938,14.747345,12.374904,True
1024,40.92,25,0.9222432971000672,751.9283447265625,302.6272888183594,19.094717,4.8348413,True
1024,40.92,26,0.903101682662964,1127.6943359375,381.8534851074219,23.60555,7.9770284,True
1025,40.96,0,0.9231358170509338,359.5817565917969,609.02294921875,13.594638,13.850345,True
1025,40.96,4,0.8339813351631165,985.7861022949219,641.2014770507812,20.536701,14.957607,True
1025,40.96,11,0.8465405106544495,557.1732177734375,461.3863830566406,16.082922,9.954727,True
1025,40.96,14,0.7888872623443604,505.1656188964844,455.5585632324219,15.433782,9.7366495,True
1025,40.96,15,0.9304676651954652,978.2483520507812,408.994873046875,21.556936,8.705108,True
1025,40.96,20,0.880875289440155,890.5853271484375,218.1616058349609,21.50583,1.6560559,True
1025,40.96,23,0.8381818532943726,943.2133178710938,625.2088623046875,20.138372,14.562532,True
1025,40.96,24,0.8760414719581604,456.02825927734375,547.2094116210938,14.746853,12.312979,True
1025,40.96,25,0.922018587589264,751.3932800292969,301.6399230957031,19.091383,4.7973123,True
1025,40.96,26,0.9175461530685424,1124.69970703125,381.5304260253906,23.570112,7.9638157,True
1026,41.0,0,0.924146056175232,357.9181213378906,609.0576782226562,13.5753355,13.850255,True
1026,41.0,4,0.8439661860466003,984.2152404785156,630.3125,20.564787,14.703767,True
1026,41.0,11,0.8667609691619873,555.451416015625,456.6689453125,16.068777,9.811549,True
1026,41.0,14,0.8189448118209839,502.3472595214844,453.3944396972656,15.400455,9.668633,True
1026,41.0,15,0.9202885627746582,980.6719360351562,410.71923828125,21.577759,8.761247,True
1026,41.0,20,0.852131187915802,886.4817810058594,216.20086669921875,21.458431,1.5671315,True
1026,41.0,23,0.8123528957366943,943.0477905273438,620.8425903320312,20.153727,14.459141,True
1026,41.0,24,0.8772130608558655,453.45111083984375,545.0993041992188,14.71727,12.254595,True
1026,41.0,25,0.9068715572357178,751.3594055175781,301.1871032714844,19.092785,4.7803288,True
1026,41.0,26,0.9185811281204224,1121.9244384765625,379.2800598144531,23.550978,7.88843,True
1027,41.04,0,0.8956950902938843,350.54771423339844,604.8790893554688,13.488957,13.741718,True
1027,41.04,4,0.8631853461265564,979.5722351074219,627.7737426757812,20.52483,14.641869,True
1027,41.04,11,0.874427080154419,550.1533203125,450.5708312988281,16.011387,9.622466,True
1027,41.04,14,0.7982661128044128,497.8166961669922,448.08880615234375,15.348662,9.502922,True
1027,41.04,15,0.9306061863899232,977.6744995117188,408.7161254882813,21.551283,8.695857,True
1027,41.04,20,0.8870735168457031,879.5335388183594,209.2431182861328,21.400803,1.2599488,True
1027,41.04,23,0.7849226593971252,946.8681335449219,611.8965454101562,20.231304,14.247795,True
1027,41.04,24,0.8894669413566589,449.05113220214844,543.7100219726562,14.66527,12.214251,True
1027,41.04,25,0.9015493988990784,753.6436462402344,299.4084777832031,19.13187,4.716349,True
1027,41.04,26,0.9173061847686768,1114.9599609375,378.0632934570313,23.47155,7.8424315,True
1028,41.08,0,0.9043129086494446,348.8349914550781,602.8136596679688,13.468582,13.688954,True
1028,41.08,4,0.8855467438697815,982.0741271972656,629.2279663085938,20.54602,14.677269,True
1028,41.08,11,0.8560537695884705,548.2456359863281,445.368408203125,15.995275,9.461989,True
1028,41.08,14,0.6505407691001892,475.1946258544922,461.0708312988281,15.047936,9.878608,True
1028,41.08,15,0.9439356327056884,975.0512084960938,406.7970275878906,21.52896,8.633238,True
1028,41.08,20,0.8930604457855225,872.2402038574219,208.05783081054688,21.300947,1.1983467,True
1028,41.08,23,0.7646200656890869,950.8744812011719,611.196533203125,20.27829,14.233172,True
1028,41.08,24,0.8928393721580505,447.7592468261719,540.5042114257812,14.651579,12.126785,True
1028,41.08,25,0.8893657326698303,754.6508178710938,298.8302001953125,19.148273,4.695824,True
1028,41.08,26,0.916568398475647,1113.5220947265625,377.254150390625,23.45903,7.814785,True
1029,41.12,0,0.9082783460617064,345.0436706542969,601.59765625,13.424074,13.656194,True
1029,41.12,4,0.9000542163848877,983.5870361328125,626.8294677734375,20.572483,14.621779,True
1029,41.12,11,0.8191661834716797,545.0269470214844,442.3211059570313,15.958964,9.3656435,True
1029,41.12,14,0.6553424000740051,471.9622344970703,463.74505615234375,15.004664,9.956404,True
1029,41.12,15,0.9321708083152772,974.4425964355469,406.0819091796875,21.525259,8.610185,True
1029,41.12,20,0.8871465921401978,866.0940551757812,206.5544891357422,21.219713,1.1245068,True
1029,41.12,23,0.6040598154067993,953.988037109375,616.2466430664062,20.292158,14.355659,True
1029,41.12,24,0.8872056007385254,445.9413146972656,538.65673828125,14.630718,12.075478,True
1029,41.12,25,0.8878735303878784,754.3752136230469,297.40167236328125,19.150429,4.6417823,True
1029,41.12,26,0.9103749394416808,1110.020751953125,375.5974426269531,23.426283,7.7575393,True
1030,41.16,0,0.9013959765434264,341.04766845703125,599.7354736328125,13.376917,13.606967,True
1030,41.16,4,0.9081308245658876,986.2137756347656,625.2014770507812,20.607925,14.584862,True
1030,41.16,11,0.8193307518959045,543.4630432128906,441.3815612792969,15.940434,9.3353615,True
1030,41.16,14,0.6674468517303467,481.49476623535156,466.1235046386719,15.123074,10.035376,True
1030,41.16,15,0.915661633014679,977.7840270996094,405.42669677734375,21.570879,8.592513,True
1030,41.16,20,0.8938597440719604,861.6325378417969,204.28353881835935,21.167877,1.0196127,True
1030,41.16,24,0.8842734694480896,444.08752441406256,538.3171997070312,14.608547,12.065004,True
1030,41.16,25,0.8883692622184753,755.3681335449219,296.51025390625,19.167984,4.609379,True
1030,41.16,26,0.911616325378418,1106.24609375,374.1050720214844,23.388832,7.7052493,True
1030,41.16,23,0.5672957301139832,954.8648681640625,609.767578125,20.328093,14.201019,True
1031,41.2,0,0.9015591740608216,338.42987060546875,598.289794921875,13.345889,13.568944,True
1031,41.2,4,0.9184431433677672,990.57763671875,623.853271484375,20.661194,14.555386,True
1031,41.2,11,0.8280200958251953,542.2296142578125,440.1242370605469,15.926585,9.295502,True
1031,41.2,14,0.6338998079299927,470.5357666015625,465.65380859375,14.985007,10.012479,True
1031,41.2,15,0.890786349773407,978.1959533691406,404.1334533691406,21.583248,8.55208,True
1031,41.2,20,0.8955288529396057,858.6275329589844,204.06427001953125,21.124763,1.0056702,True
1031,41.2,23,0.6650689840316772,955.7586669921876,600.3054809570312,20.3768,13.97273,True
1031,41.2,24,0.8988970518112183,442.3726348876953,537.0305786132812,14.588543,12.028867,True
1031,41.2,25,0.8902335166931152,756.8477172851562,294.66754150390625,19.196363,4.5415797,True
1031,41.2,26,0.9159803986549376,1103.9669799804688,372.9163208007813,23.368174,7.6641946,True
1032,41.24,0,0.9083569049835204,334.7700500488281,595.6943359375,13.302219,13.501097,True
1032,41.24,4,0.9113854765892028,993.9971313476562,617.3746948242188,20.7262,14.40387,True
1032,41.24,11,0.8063958883285522,539.4715118408203,442.1241760253906,15.888332,9.354859,True
1032,41.24,14,0.7195184230804443,478.26995849609375,465.4703674316406,15.082935,10.013232,True
1032,41.24,15,0.903107523918152,977.3006286621094,401.0432434082031,21.589201,8.453476,True
1032,41.24,20,0.8879197835922241,852.0435485839844,202.4693603515625,21.036978,0.92657924,True
1032,41.24,23,0.6747550368309021,954.4218444824219,595.2671508789062,20.3828,13.849047,True
1032,41.24,24,0.9002886414527893,438.9460754394531,533.7759399414062,14.548804,11.9377775,True
1032,41.24,25,0.907903492450714,758.7612915039062,295.3045959472656,19.220304,4.567922,True
1032,41.24,26,0.9211949110031128,1095.913330078125,370.851318359375,23.280083,7.5887713,True
1033,41.28,0,0.9105735421180724,332.471923828125,595.0245361328125,13.275037,13.482742,True
1033,41.28,4,0.8990854024887085,997.6675415039062,615.2088623046875,20.775734,14.354306,True
1033,41.28,11,0.8300743699073792,538.8816528320312,442.0669250488281,15.880883,9.352594,True
1033,41.28,14,0.7742352485656738,470.12525939941406,458.0711669921875,14.986159,9.783873,True
1033,41.28,15,0.924794852733612,978.7203979492188,399.684814453125,21.614708,8.411627,True
1033,41.28,20,0.9072355031967164,848.3534240722656,201.7573699951172,20.986544,0.8900708,True
1033,41.28,23,0.6954869627952576,955.419921875,601.1419067382812,20.369593,13.992874,True
1033,41.28,24,0.8758471012115479,438.92333984375,532.57373046875,14.549139,11.904878,True
1033,41.28,25,0.9002243280410767,757.9447937011719,294.68658447265625,19.211563,4.5436053,True
1033,41.28,26,0.9198092818260192,1091.0517578125,370.0712890625,23.223541,7.5584617,True
1034,41.32,0,0.9097987413406372,332.11839294433594,594.5828857421875,13.270739,13.471321,True
1034,41.32,4,0.8828105330467224,1007.9912109375,613.6097412109375,20.895826,14.321724,True
1034,41.32,11,0.8506887555122375,537.7984313964844,440.4678649902344,15.869406,9.302335,True
1034,41.32,14,0.7448485493659973,484.1366271972656,448.3892517089844,15.173578,9.500625,True
1034,41.32,15,0.9177433252334596,976.976318359375,398.5757751464844,21.598907,8.374777,True
1034,41.32,20,0.9078294038772584,844.1661987304688,201.16195678710935,20.92794,0.85785866,True
1034,41.32,23,0.8240132331848145,953.9073181152344,597.127685546875,20.369373,13.894247,True
1034,41.32,24,0.8939035534858704,438.7548065185547,530.0488891601562,14.548376,11.835526,True
1034,41.32,25,0.8970004320144653,757.2026062011719,294.5208740234375,19.20193,4.5364575,True
1034,41.32,26,0.9177384972572328,1088.5478515625,368.8346862792969,23.200106,7.5153184,True
1035,41.36,0,0.910612404346466,331.0639953613281,592.5587158203125,13.257659,13.419227,True
1035,41.36,4,0.894114077091217,1015.9368896484375,612.044189453125,20.989843,14.288626,True
1035,41.36,11,0.8495684862136841,535.7436370849609,439.0134887695313,15.845248,9.255604,True
1035,41.36,14,0.7452234625816345,493.22764587402344,428.0901184082031,15.311584,8.87732,True
1035,41.36,15,0.9009035229682922,973.9324951171875,396.58880615234375,21.571552,8.308666,True
1035,41.36,20,0.902208685874939,839.9160766601562,200.32208251953125,20.869772,0.8148078,True
1035,41.36,23,0.8338145613670349,952.8833923339844,596.9515380859375,20.358717,13.889369,True
1035,41.36,24,0.8883786797523499,436.00425720214844,528.5936889648438,14.515699,11.793605,True
1035,41.36,25,0.9085158109664916,755.0590515136719,291.939697265625,19.182978,4.436104,True
1035,41.36,26,0.9044512510299684,1081.5320434570312,367.6053771972656,23.118942,7.4679723,True
1036,41.4,0,0.91208815574646,329.69525146484375,591.172607421875,13.241071,13.383082,True
1036,41.4,4,0.9056543707847596,1017.5586853027344,610.9860229492188,21.012362,14.264207,True
1036,41.4,11,0.8467397093772888,533.9476013183594,436.4908142089844,15.825901,9.175819,True
1036,41.4,14,0.7826650142669678,489.385009765625,432.71966552734375,15.256912,9.019478,True
1036,41.4,15,0.9085413813591005,972.1441040039062,394.8811950683594,21.558455,8.25244,True
1036,41.4,20,0.8831466436386108,833.0070495605469,199.09613037109372,20.774158,0.75076586,True
1036,41.4,23,0.8689997792243958,949.9466552734376,594.4676513671875,20.336279,13.826938,True
1036,41.4,24,0.885894238948822,436.5818328857422,526.5305786132812,14.523731,11.737139,True
1036,41.4,25,0.907098948955536,752.833740234375,290.8902893066406,19.156328,4.3935533,True
1036,41.4,26,0.9068401455879213,1076.8250122070312,366.17095947265625,23.068506,7.415951,True
1037,41.44,0,0.9239758849143982,326.64459228515625,587.6058959960938,13.203802,13.290045,True
1037,41.44,4,0.9285922646522522,1015.8680419921875,609.336181640625,21.001215,14.223792,True
1037,41.44,11,0.8650805354118347,532.737060546875,433.2681579589844,15.815018,9.074399,True
1037,41.44,14,0.8311446309089661,491.18243408203125,429.5214538574219,15.283547,8.920612,True
1037,41.44,15,0.909615695476532,966.0534057617188,393.48822021484375,21.488995,8.202216,True
1037,41.44,20,0.809209942817688,814.7466125488281,200.0198211669922,20.496483,0.7639989,True
1037,41.44,23,0.8590289354324341,944.8139343261719,584.49267578125,20.320107,13.577943,True
1037,41.44,24,0.8870344758033752,434.5716094970703,522.681396484375,14.501106,11.6292,True
1037,41.44,25,0.9096546769142152,747.6170349121094,289.3741760253906,19.089718,4.329521,True
1037,41.44,26,0.9089064002037048,1068.8729248046875,366.0046691894531,22.967838,7.4027267,True
1038,41.48,0,0.9223023056983948,324.80474853515625,586.5501708984375,13.181672,13.261849,True
1038,41.48,4,0.9342020750045776,1016.9469604492188,605.967041015625,21.028225,14.14346,True
1038,41.48,11,0.8683412671089172,531.0715789794922,432.2341613769531,15.795077,9.040644,True
1038,41.48,14,0.8429265022277832,489.96604919433594,428.2214965820313,15.269178,8.878583,True
1038,41.48,15,0.9181925654411316,963.7401428222656,393.17572021484375,21.461369,8.190062,True
1038,41.48,20,0.8476734757423401,809.4195556640625,200.83921813964844,20.412378,0.79198337,True
1038,41.48,23,0.8685023784637451,939.6842956542969,576.1027221679688,20.297178,13.365498,True
1038,41.48,24,0.901065230369568,434.72877502441406,521.0528564453125,14.503806,11.58407,True
1038,41.48,25,0.9116787910461426,745.0481262207031,287.9703674316406,19.059574,4.2728043,True
1038,41.48,26,0.8969434499740601,1066.0039672851562,365.6050415039063,22.933764,7.3866844,True
1039,41.52,0,0.9323939681053162,324.4703369140625,585.150634765625,13.177163,13.225689,True
1039,41.52,4,0.9309112429618835,1019.4924011230469,600.9893188476562,21.078829,14.024694,True
1039,41.52,11,0.8544761538505554,530.3610229492188,432.347900390625,15.7857685,9.043581,True
1039,41.52,14,0.836767852306366,490.33836364746094,431.309326171875,15.270721,8.976075,True
1039,41.52,15,0.908228874206543,964.17236328125,392.22174072265625,21.472136,8.159806,True
1039,41.52,20,0.8395146131515503,802.3456420898438,201.76498413085935,20.301687,0.8220012,True
1039,41.52,23,0.8659151196479797,936.3591003417969,568.2684326171875,20.29214,13.16586,True
1039,41.52,24,0.899115264415741,434.4319610595703,520.285888671875,14.500547,11.562519,True
1039,41.52,25,0.8995140194892883,742.1028747558594,287.5552673339844,19.019989,4.253355,True
1039,41.52,26,0.9048776626586914,1062.9713745117188,365.2728271484375,22.897114,7.372708,True
1040,41.56,0,0.9274537563323976,321.9136047363281,584.07421875,13.146485,13.1964245,True
1040,41.56,4,0.9258951544761658,1024.4609985351562,599.4993896484375,21.140465,13.991341,True
1040,41.56,11,0.8576955199241638,528.0127868652344,432.3064880371094,15.755598,9.040241,True
1040,41.56,14,0.8092706203460693,486.06298828125,437.6070861816406,15.209025,9.169225,True
1040,41.56,15,0.9340124726295472,963.5386352539062,394.4766540527344,21.451632,8.23161,True
1040,41.56,20,0.8263329267501831,796.8568115234375,203.64817810058597,20.209553,0.896213,True
1040,41.56,23,0.888049304485321,930.716796875,562.4411010742188,20.252296,13.014083,True
1040,41.56,24,0.8848033547401428,433.3598327636719,520.3582153320312,14.4874115,11.563772,True
1040,41.56,25,0.909403383731842,740.5232238769531,288.7548217773437,18.992905,4.297305,True
1040,41.56,26,0.9035031795501708,1060.9631958007812,366.224365234375,22.865046,7.4023356,True
1041,41.6,0,0.9253224730491638,321.3091583251953,583.2532348632812,13.138984,13.174898,True
1041,41.6,4,0.924151599407196,1029.7549743652344,599.078857421875,21.200823,13.984078,True
1041,41.6,11,0.8514381647109985,522.7354888916016,431.6647338867188,15.688506,9.015557,True
1041,41.6,14,0.8061537742614746,487.71221923828125,436.4630737304688,15.231439,9.135017,True
1041,41.6,15,0.9383742809295654,964.7553100585938,394.3269958496094,21.467886,8.227928,True
1041,41.6,20,0.798602283000946,789.1584167480469,204.89743041992188,20.088097,0.9393302,True
1041,41.6,23,0.8898235559463501,926.7918395996094,555.3464965820312,20.237034,12.829491,True
1041,41.6,24,0.9033674597740172,432.1332550048828,519.9205322265625,14.472622,11.550714,True
1041,41.6,25,0.9085811376571656,737.3200378417969,289.6476745605469,18.94437,4.327521,True
1041,41.6,26,0.8971373438835144,1057.1953735351562,366.6346130371094,22.814049,7.4122834,True
1042,41.64,0,0.9200265407562256,318.0562438964844,582.4122314453125,13.100089,13.151202,True
1042,41.64,4,0.926761507987976,1041.697021484375,588.8458862304688,21.381086,13.741042,True
1042,41.64,11,0.8508382439613342,519.3602600097656,431.1382751464844,15.6456995,8.996116,True
1042,41.64,14,0.7840636968612671,476.4143981933594,446.0270690917969,15.076983,9.421556,True
1042,41.64,15,0.9368011355400084,962.51220703125,396.8620910644531,21.425503,8.306999,True
1042,41.64,20,0.8170834183692932,777.5130310058594,204.1390686035156,19.918299,0.888936,True
1042,41.64,23,0.9071528911590576,918.7883605957031,541.421142578125,20.20319,12.461825,True
1042,41.64,24,0.8974679708480835,427.21717834472656,519.88916015625,14.412518,11.54635,True
1042,41.64,25,0.9018409252166748,730.830078125,290.100830078125,18.851591,4.3369727,True
1042,41.64,26,0.8984301090240479,1050.3711547851562,365.9618835449219,22.730967,7.383335,True
1043,41.68,0,0.9203861951828004,317.0941619873047,582.44921875,13.088707,13.151566,True
1043,41.68,4,0.9240519404411316,1044.254150390625,595.6428833007812,21.376995,13.908662,True
1043,41.68,11,0.8599811792373657,515.8332824707031,430.0200805664063,15.601657,8.957948,True
1043,41.68,14,0.7508823275566101,468.9990997314453,446.268798828125,14.981731,9.422716,True
1043,41.68,15,0.9313589930534364,961.0993957519531,396.8650817871094,21.407597,8.305808,True
1043,41.68,20,0.7987265586853027,771.505859375,204.09349060058597,19.828777,0.8780129,True
1043,41.68,23,0.9047280550003052,916.1163330078125,536.2161254882812,20.194078,12.322822,True
1043,41.68,24,0.8951423168182373,426.2353973388672,520.0846557617188,14.400428,11.5511,True
1043,41.68,25,0.8972358703613281,727.1303405761719,290.5501403808594,18.797949,4.3496447,True
1043,41.68,26,0.888180673122406,1049.6319885253906,366.8055114746094,22.715971,7.410612,True
1044,41.72,0,0.9200804233551024,315.352294921875,581.974365234375,13.067841,13.13823,True
1044,41.72,4,0.9248928427696228,1049.6266174316406,596.077880859375,21.434227,13.922248,True
1044,41.72,11,0.8584474921226501,512.96484375,430.0814514160156,15.56454,8.957358,True
1044,41.72,14,0.7189890742301941,464.8790740966797,447.1771240234375,14.928169,9.447173,True
1044,41.72,15,0.9321766495704652,959.4476318359375,397.2036437988281,21.38483,8.315119,True
1044,41.72,20,0.7006677985191345,767.9684448242188,204.0094146728516,19.77632,0.869072,True
1044,41.72,23,0.9107252955436708,911.8978271484375,535.3369750976562,20.148851,12.296779,True
1044,41.72,24,0.8861055374145508,424.91893005371094,520.712646484375,14.384074,11.567656,True
1044,41.72,25,0.880246102809906,723.2366333007812,290.7868347167969,18.742434,4.353973,True
1044,41.72,26,0.8941433429718018,1046.4745483398438,366.7562561035156,22.675798,7.405914,True
1045,41.76,0,0.9209752082824708,313.15028381347656,582.161865234375,13.041826,13.141719,True
1045,41.76,4,0.9262242317199708,1056.059814453125,601.5690307617188,21.478764,14.058889,True
1045,41.76,11,0.8548082709312439,512.3292846679688,431.0559692382813,15.5550995,8.987385,True
1045,41.76,14,0.799322247505188,461.35462951660156,440.6794738769531,14.888045,9.24344,True
1045,41.76,15,0.9290575385093688,957.4293518066406,398.36517333984375,21.352959,8.3503475,True
1045,41.76,20,0.7963855266571045,762.9282531738281,203.7282867431641,19.70233,0.8492583,True
1045,41.76,23,0.9043017029762268,909.4598999023438,535.0648803710938,20.121704,12.287969,True
1045,41.76,24,0.8842693567276001,423.16070556640625,521.0599365234375,14.362439,11.576076,True
1045,41.76,25,0.8824902176856995,720.7138671875,291.20855712890625,18.705425,4.3670077,True
1045,41.76,26,0.8889092206954956,1041.7756958007812,366.4309387207031,22.61761,7.3905525,True
1046,41.8,0,0.916525900363922,309.4228057861328,582.3118896484375,12.997705,13.143301,True
1046,41.8,4,0.936385214328766,1060.9132690429688,600.425048828125,21.537634,14.033925,True
1046,41.8,11,0.84927898645401,509.2458190917969,431.1655578613281,15.515164,8.988123,True
1046,41.8,14,0.7857517600059509,459.65367126464844,441.3961486816406,14.865586,9.2642145,True
1046,41.8,15,0.9239276647567748,955.6651306152344,398.5976257324219,21.329374,8.356158,True
1046,41.8,20,0.8267859220504761,758.3350219726562,204.46421813964844,19.629946,0.87464255,True
1046,41.8,23,0.9059719443321228,905.6009521484375,534.7954711914062,20.078037,12.278292,True
1046,41.8,24,0.8641954064369202,423.218017578125,520.71923828125,14.363272,11.566633,True
1046,41.8,25,0.8699095249176025,714.0840759277344,292.5523681640625,18.607344,4.410201,True
1046,41.8,26,0.8790356516838074,1036.982177734375,366.4496154785156,22.555946,7.3865123,True
1047,41.84,0,0.9130773544311525,307.0625457763672,584.8551025390625,12.971077,13.20745,True
1047,41.84,4,0.9472862482070924,1067.4122314453125,600.2770385742188,21.609797,14.033934,True
1047,41.84,11,0.8492332696914673,504.77545166015625,432.9853515625,15.4552765,9.041227,True
1047,41.84,14,0.7668127417564392,453.23280334472656,450.5751647949219,14.776442,9.541631,True
1047,41.84,15,0.9223864078521729,950.7243041992188,398.3346557617188,21.268246,8.343287,True
1047,41.84,20,0.8368163108825684,752.0989074707031,205.70925903320312,19.530563,0.91982365,True
1047,41.84,23,0.9150073528289796,899.2977294921875,535.254150390625,20.002985,12.286324,True
1047,41.84,24,0.8642800450325012,427.6935577392578,519.8584594726562,14.418357,11.545832,True
1047,41.84,25,0.872485876083374,705.5613708496094,292.8459167480469,18.486757,4.4111257,True
1047,41.84,26,0.8820605874061584,1031.9545593261719,366.9056701660156,22.48846,7.396769,True
1048,41.88,0,0.9145196676254272,305.9202117919922,584.7752685546875,12.957507,13.204695,True
1048,41.88,4,0.944423258304596,1069.45068359375,601.6571044921875,21.625448,14.068382,True
1048,41.88,11,0.8466868996620178,503.7410888671875,433.3040466308594,15.441559,9.050296,True
1048,41.88,14,0.7755191922187805,453.54534912109375,447.2183837890625,14.782799,9.438857,True
1048,41.88,15,0.9282334446907043,947.3686218261719,397.8792724609375,21.22818,8.325704,True
1048,41.88,20,0.8613545298576355,747.3703002929688,205.14987182617188,19.462482,0.88833725,True
1048,41.88,23,0.9185556173324584,895.9483337402344,535.5055541992188,19.963076,12.290794,True
1048,41.88,24,0.8741582632064819,427.1270751953125,520.4869384765625,14.411165,11.562937,True
1048,41.88,25,0.8578487634658813,702.6480102539062,293.3276062011719,18.444128,4.4259515,True
1048,41.88,26,0.8782416582107544,1028.7666625976562,367.2467651367188,22.445345,7.4049945,True
1049,41.92,0,0.9162586331367492,303.9334259033203,583.5296630859375,12.933278,13.171368,True
1049,41.92,4,0.9408273696899414,1071.693359375,601.4766845703125,21.650953,14.065263,True
1049,41.92,11,0.8422248959541321,503.26783752441406,431.744384765625,15.437292,9.001043,True
1049,41.92,14,0.784710168838501,450.25196838378906,441.5557556152344,14.744368,9.2611,True
1049,41.92,15,0.9173962473869324,947.3350524902344,398.0188293457031,21.227009,8.330129,True
1049,41.92,20,0.8310635685920715,741.6773071289062,203.809326171875,19.383533,0.82111436,True
1049,41.92,23,0.9113478660583496,891.7097473144531,535.2096557617188,19.915035,12.280164,True
1049,41.92,24,0.844683825969696,428.08631896972656,519.6690063476562,14.423242,11.540831,True
1049,41.92,25,0.8683773875236511,698.7623596191406,292.6458740234375,18.392094,4.395329,True
1049,41.92,26,0.8757362365722656,1024.2447204589844,367.6030883789063,22.385006,7.412429,True
1050,41.96,0,0.9126951694488524,301.9292755126953,584.3701171875,12.910002,13.1918125,True
1050,41.96,4,0.934351086616516,1076.7958068847656,599.197021484375,21.718227,14.0130005,True
1050,41.96,11,0.8295060396194458,500.876708984375,431.6348876953125,15.406544,8.995519,True
1050,41.96,14,0.7716205716133118,446.85069274902344,443.3737487792969,14.699355,9.314522,True
1050,41.96,15,0.9161889553070068,946.59912109375,397.555419921875,21.220158,8.31466,True
1050,41.96,20,0.8334658741950989,735.4791259765625,202.3548126220703,19.297293,0.7479232,True
1050,41.96,23,0.913378119468689,889.3507385253906,532.9002685546875,19.89687,12.217226,True
1050,41.96,24,0.8432610034942627,426.1957550048828,519.6171875,14.400135,11.538043,True
1050,41.96,25,0.8670227527618408,694.6690368652344,292.0360412597656,18.33681,4.367153,True
1050,41.96,26,0.8796331286430359,1016.3255615234375,367.5731506347656,22.28341,7.403743,True
1051,42.0,0,0.9122830033302308,300.4193572998047,584.5245361328125,12.8921995,13.194868,True
1051,42.0,4,0.9193789958953856,1079.3927001953125,599.50390625,21.74524,14.021857,True
1051,42.0,11,0.835571825504303,499.5880432128906,428.6286010742188,15.393351,8.899903,True
1051,42.0,14,0.7782424688339233,445.75001525878906,440.7561950683594,14.686853,9.232409,True
1051,42.0,15,0.9118580222129822,942.0136108398438,396.3335876464844,21.168505,8.271406,True
1051,42.0,20,0.8191742300987244,727.7427673339844,200.61558532714844,19.18892,0.6596109,True
1051,42.0,23,0.903468668460846,886.1811828613281,528.0808715820312,19.87925,12.086396,True
1051,42.0,24,0.8588205575942993,424.34901428222656,519.2025146484375,14.377703,11.525165,True
1051,42.0,25,0.8722870945930481,691.3355102539062,292.2705383300781,18.289133,4.372076,True
1051,42.0,26,0.8945239782333374,1012.9708251953125,366.8260192871094,22.244894,7.375654,True
1052,42.04,0,0.913802981376648,294.6611022949219,584.1550903320312,12.823711,13.181813,True
1052,42.04,4,0.91107177734375,1089.7987060546875,599.5763549804688,21.85913,14.029352,True
1052,42.04,11,0.8073335886001587,495.6196594238281,425.6317138671875,15.345318,8.801779,True
1052,42.04,14,0.7957420945167542,438.7332458496094,447.2295227050781,14.592615,9.426659,True
1052,42.04,15,0.9023961424827576,938.7419128417969,396.7550964355469,21.124752,8.28191,True
1052,42.04,20,0.7823505997657776,715.8728637695312,201.37998962402344,19.006607,0.6754788,True
1052,42.04,23,0.9024752974510192,883.3905029296875,522.2882080078125,19.869862,11.928683,True
1052,42.04,24,0.8328058123588562,421.8088073730469,518.9546508789062,14.346699,11.516439,True
1052,42.04,25,0.8822696208953857,684.1114807128906,290.83819580078125,18.192553,4.3086467,True
1052,42.04,26,0.904546320438385,1002.7766723632812,362.2332763671875,22.141754,7.21239,True
1053,42.08,0,0.9116056561470032,293.1256866455078,584.8271484375,12.805934,13.198201,True
1053,42.08,4,0.9010694622993468,1088.7486572265625,599.2024536132812,21.849487,14.019736,True
1053,42.08,11,0.8175796866416931,494.22410583496094,422.84368896484375,15.330295,8.712133,True
1053,42.08,14,0.794623076915741,440.15846252441406,443.9351501464844,14.612846,9.326178,True
1053,42.08,15,0.907702386379242,935.2291870117188,396.42572021484375,21.08189,8.268158,True
1053,42.08,20,0.7377252578735352,708.9107666015625,205.57046508789065,18.883516,0.84947264,True
1053,42.08,23,0.894324779510498,881.6314697265625,518.2031860351562,19.865654,11.816854,True
1053,42.08,24,0.8485682606697083,421.1770629882813,518.8418579101562,14.339004,11.512841,True
1053,42.08,25,0.8760109543800354,679.6347045898438,290.7593078613281,18.129784,4.3002057,True
1053,42.08,26,0.9042770862579346,1000.5039978027344,359.8505249023437,22.126991,7.130178,True
1054,42.12,0,0.906416356563568,289.2449035644531,585.4041137695312,12.760305,13.210692,True
1054,42.12,4,0.908616840839386,1090.1237182617188,598.7800903320312,21.86671,14.010283,True
1054,42.12,11,0.8283481597900391,492.6780700683594,420.4055480957031,15.312863,8.633138,True
1054,42.12,14,0.7881149649620056,436.5329284667969,447.72760009765625,14.564068,9.440131,True
1054,42.12,15,0.9069886207580566,934.2124938964844,395.7880554199219,21.07232,8.2467985,True
1054,42.12,20,0.66440749168396,703.4181213378906,202.59315490722656,18.813553,0.71027005,True
1054,42.12,23,0.886818528175354,879.5476379394531,512.6383666992188,19.86357,11.663724,True
1054,42.12,24,0.8577239513397217,419.5296173095703,518.5170288085938,14.318942,11.502596,True
1054,42.12,25,0.8690176010131836,675.2490844726562,291.36590576171875,18.065947,4.318095,True
1054,42.12,26,0.8802168965339661,996.8263244628906,357.871337890625,22.091469,7.059872,True
1055,42.16,0,0.9021453857421876,286.47798919677734,585.2479858398438,12.727391,13.204977,True
1055,42.16,4,0.9122118353843688,1092.4239501953125,596.448974609375,21.903767,13.955102,True
1055,42.16,11,0.8200746774673462,489.0946502685547,418.7913513183594,15.267889,8.578365,True
1055,42.16,14,0.7739484310150146,433.7869873046875,445.4061279296875,14.530005,9.366219,True
1055,42.16,15,0.909090518951416,931.6219177246094,395.57330322265625,21.040522,8.237541,True
1055,42.16,20,0.7512345314025879,697.1306457519531,203.48861694335935,18.714962,0.7403006,True
1055,42.16,23,0.8904321193695068,879.9780883789062,507.2923583984375,19.890362,11.517226,True
1055,42.16,24,0.850074827671051,415.64463806152344,519.2801513671875,14.27109,11.521135,True
1055,42.16,25,0.8691321611404419,672.0683898925781,291.3006896972656,18.021355,4.3117495,True
1055,42.16,26,0.8851171135902405,995.4161071777344,358.1444702148437,22.071507,7.0676785,True
1056,42.2,0,0.9084799885749816,284.17139434814453,585.5032958984375,12.700216,13.210144,True
1056,42.2,4,0.933034360408783,1098.0956420898438,593.742431640625,21.979954,13.892523,True
1056,42.2,11,0.8118014335632324,487.47877502441406,417.752685546875,15.247896,8.543669,True
1056,42.2,14,0.7829678058624268,431.98558044433594,443.8228149414063,14.507624,9.315717,True
1056,42.2,15,0.9146260619163512,928.1086120605469,394.6614685058594,21.000595,8.205053,True
1056,42.2,20,0.7726562023162842,688.4548950195312,203.7429351806641,18.58303,0.7384772,True
1056,42.2,23,0.8902280330657959,879.57373046875,502.47607421875,19.90525,11.383786,True
1056,42.2,24,0.8407735824584961,412.1629333496094,519.6001586914062,14.228338,11.527587,True
1056,42.2,25,0.8582223653793335,668.0252990722656,291.5923767089844,17.96341,4.3180094,True
1056,42.2,26,0.8901369571685791,991.74560546875,357.57574462890625,22.027344,7.0448318,True
1057,42.24,0,0.9210045337677002,280.2200164794922,586.59130859375,12.654154,13.235745,True
1057,42.24,4,0.919682502746582,1096.466064453125,595.511962890625,21.952974,13.934615,True
1057,42.24,11,0.8504170179367065,480.38482666015625,417.9916687011719,15.154977,8.544894,True
1057,42.24,14,0.797442615032196,428.91883850097656,444.7576293945313,14.467645,9.342025,True
1057,42.24,15,0.91400808095932,921.588134765625,390.4628601074219,20.93925,8.063734,True
1057,42.24,20,0.8017777800559998,679.1932983398438,203.1932830810547,18.44535,0.7002942,True
1057,42.24,23,0.8948315382003784,879.6272277832031,493.9812622070313,19.94091,11.146861,True
1057,42.24,24,0.8376449346542358,409.4593811035156,519.2620239257812,14.195306,11.516224,True
1057,42.24,25,0.8428635001182556,661.7786254882812,289.9517822265625,17.88064,4.2475867,True
1057,42.24,26,0.8944364190101624,986.5779724121094,357.4106140136719,21.961243,7.0340967,True
1058,42.28,0,0.9184586405754088,277.68724060058594,586.5072021484375,12.62406,13.232035,True
1058,42.28,4,0.930057168006897,1105.6294555664062,595.1065063476562,22.055786,13.929876,True
1058,42.28,11,0.8432731628417969,478.7251892089844,418.167724609375,15.133118,8.549028,True
1058,42.28,14,0.7701601386070251,427.0995788574219,446.2750854492188,14.443501,9.387359,True
1058,42.28,15,0.9025262594223022,917.4118041992188,388.9247741699219,20.893818,8.010061,True
1058,42.28,20,0.7410861849784851,678.846435546875,199.9729156494141,18.452843,0.5571712,True
1058,42.28,23,0.8961097598075867,879.6340942382812,492.447998046875,19.947357,11.1038065,True
1058,42.28,24,0.8353379368782043,405.8703308105469,518.5946044921875,14.151472,11.495018,True
1058,42.28,25,0.8571273684501648,656.6686401367188,288.1719665527344,17.814123,4.172966,True
1058,42.28,26,0.8901479840278625,981.606689453125,357.3729248046875,21.896877,7.0278573,True
1059,42.32,0,0.920696258544922,275.6255340576172,586.87109375,12.599892,13.240141,True
1059,42.32,4,0.9249935150146484,1103.1585693359375,595.0304565429688,22.029022,13.926653,True
1059,42.32,11,0.8346047401428223,474.3816375732422,418.68798828125,15.075861,8.561751,True
1059,42.32,14,0.768557071685791,426.5382080078125,445.4504089355469,14.436654,9.361412,True
1059,42.32,15,0.8997972011566162,914.1802978515625,387.1062622070313,20.861803,7.9480176,True
1059,42.32,20,0.7217921018600464,670.2741088867188,204.2300720214844,18.3065,0.7326319,True
1059,42.32,23,0.9031146764755248,879.1278686523438,491.446533203125,19.945463,11.075263,True
1059,42.32,24,0.8487311005592346,403.8921813964844,518.96533203125,14.127122,11.503967,True
1059,42.32,25,0.8662594556808472,653.4673767089844,285.9869079589844,17.77572,4.0847893,True
1059,42.32,26,0.8988343477249146,978.760498046875,356.5321960449219,21.8649,6.9965806,True
1060,42.36,0,0.923214316368103,272.9603805541992,587.0643920898438,12.5684395,13.243488,True
1060,42.36,4,0.9240728616714478,1102.7257080078125,594.5755004882812,22.026608,13.915361,True
1060,42.36,11,0.8297380208969116,470.4003601074219,419.9075927734375,15.022735,8.59716,True
1060,42.36,14,0.7666098475456238,422.3536682128906,441.00396728515625,14.3846245,9.21997,True
1060,42.36,15,0.8951377272605896,909.6633911132812,386.6323547363281,20.806347,7.928373,True
1060,42.36,20,0.7169649600982666,659.4064025878906,196.1460418701172,18.172157,0.35685807,True
1060,42.36,23,0.9206085205078124,878.3602905273438,491.41748046875,19.936398,11.073884,True
1060,42.36,24,0.8480896949768066,404.0400390625,518.6611328125,14.1290045,11.495571,True
1060,42.36,25,0.8633130192756653,648.3519897460938,283.2687683105469,17.711637,3.9732273,True
1060,42.36,26,0.8835336565971375,975.958740234375,356.5530090332031,21.828327,6.994478,True
1061,42.4,0,0.9251006245613098,271.2609634399414,586.4791259765625,12.54781,13.227386,True
1061,42.4,4,0.9178004264831544,1103.9010620117188,592.540283203125,22.050045,13.866511,True
1061,42.4,11,0.8325831294059753,466.7340545654297,419.421142578125,14.975254,8.578293,True
1061,42.4,14,0.7557742595672607,421.39979553222656,449.9187927246094,14.368623,9.494723,True
1061,42.4,15,0.8948280811309814,907.1817016601562,384.1603393554688,20.787086,7.845455,True
1061,42.4,20,0.7652330994606018,658.8768005371094,197.76339721679688,18.158054,0.4283533,True
1061,42.4,23,0.9272083640098572,877.9680480957031,491.1481018066406,19.93282,11.066011,True
1061,42.4,24,0.8653085827827454,402.2319793701172,518.2048950195312,14.106919,11.481522,True
1061,42.4,25,0.8436539173126221,644.8252563476562,279.7649230957031,17.672314,3.8324468,True
1061,42.4,26,0.8981845378875732,973.8819580078126,355.9227294921875,21.80504,6.971052,True
1062,42.44,0,0.9182143807411194,267.29750061035156,586.9583129882812,12.501178,13.237303,True
1062,42.44,4,0.9342994689941406,1101.789794921875,584.779541015625,22.067032,13.675364,True
1062,42.44,11,0.870033323764801,470.64593505859375,420.069580078125,15.025798,8.602559,True
1062,42.44,14,0.787432849407196,418.2476806640625,443.083984375,14.330742,9.281056,True
1062,42.44,15,0.8901503682136536,902.0850524902344,382.1966857910156,20.731524,7.7763977,True
1062,42.44,20,0.7544859647750854,645.0654907226562,206.32989501953125,17.917519,0.787339,True
1062,42.44,23,0.9338343739509584,875.5718994140625,491.2648620605469,19.90365,11.067549,True
1062,42.44,24,0.840014636516571,397.75917053222656,519.188232421875,14.051839,11.505821,True
1062,42.44,25,0.8341475129127502,637.6504516601562,274.53204345703125,17.585812,3.6182075,True
1062,42.44,26,0.8475933074951172,969.4210205078125,353.3567810058594,21.762089,6.879443,True
1063,42.48,0,0.9209855198860168,265.1812438964844,586.74462890625,12.475882,13.230509,True
1063,42.48,4,0.9305063486099244,1099.7503051757812,581.7139892578125,22.060425,13.59864,True
1063,42.48,11,0.8758239150047302,467.77545166015625,420.0476684570313,14.988323,8.599268,True
1063,42.48,14,0.7878707647323608,413.46954345703125,441.2739868164063,14.269652,9.220715,True
1063,42.48,15,0.8831580877304077,896.5079650878906,380.7897033691406,20.666786,7.724941,True
1063,42.48,20,0.7423981428146362,641.7156372070312,196.7212371826172,17.900286,0.3554257,True
1063,42.48,23,0.9242459535598756,875.2926635742188,491.0211486816406,19.901314,11.060478,True
1063,42.48,24,0.8596471548080444,395.2445983886719,519.3300170898438,14.020959,11.50799,True
1063,42.48,25,0.8558707237243652,636.4142761230469,273.3437805175781,17.571697,3.5697844,True
1063,42.48,26,0.8872678279876709,962.2010498046875,351.2663879394531,21.680073,6.800881,True
1064,42.52,0,0.9186108112335204,263.0518264770508,587.164306640625,12.450971,13.240014,True
1064,42.52,4,0.9334211945533752,1101.8168334960938,582.8661499023438,22.07731,13.628259,True
1064,42.52,11,0.881214439868927,463.9999084472656,420.0973205566406,14.93895,8.5974455,True
1064,42.52,14,0.7821910381317139,405.672607421875,440.4749450683594,14.168985,9.189105,True
1064,42.52,15,0.9015806317329408,893.5252380371094,381.28228759765625,20.625885,7.738276,True
1064,42.52,20,0.8051085472106934,636.2677612304688,196.69406127929688,17.817207,0.34582973,True
1064,42.52,23,0.9243584871292114,874.3659057617188,490.8687133789063,19.890844,11.055505,True
1064,42.52,24,0.8370699882507324,393.08245849609375,519.4888916015625,13.994401,11.510887,True
1064,42.52,25,0.8338360786437988,633.7461547851562,272.7791442871094,17.535112,3.544092,True
1064,42.52,26,0.8893517851829529,957.9286804199219,348.6908569335937,21.639208,6.7084017,True
1065,42.56,0,0.9019798040390016,260.54019927978516,588.52685546875,12.422375,13.273528,True
1065,42.56,4,0.9256027340888976,1104.2957763671875,580.6509399414062,22.116385,13.574994,True
1065,42.56,11,0.886512279510498,465.2203369140625,418.5099182128906,14.956235,8.547751,True
1065,42.56,14,0.753612756729126,398.985595703125,446.962158203125,14.081014,9.38466,True
1065,42.56,15,0.8920042514801025,891.4937133789062,379.9743347167969,20.606201,7.693358,True
1065,42.56,20,0.7939597368240356,630.4250793457031,202.75881958007807,17.707634,0.60736716,True
1065,42.56,23,0.928754985332489,875.9918823242188,490.312255859375,19.912619,11.041009,True
1065,42.56,24,0.8237384557723999,392.99267578125,519.961181640625,13.993236,11.524015,True
1065,42.56,25,0.8522618412971497,625.7190551757812,272.99383544921875,17.419203,3.542357,True
1065,42.56,26,0.8840346932411194,954.6821594238281,346.99566650390625,21.606512,6.646871,True
1066,42.6,0,0.9121964573860168,258.91048431396484,587.5450439453125,12.402156,13.247286,True
1066,42.6,4,0.9190468788146972,1104.3102416992188,579.4318237304688,22.122953,13.54484,True
1066,42.6,11,0.889539361000061,459.71958923339844,418.43206787109375,14.884319,8.540269,True
1066,42.6,14,0.7481765747070312,407.2574157714844,437.4189758300781,14.190379,9.095035,True
1066,42.6,15,0.885636568069458,890.0332641601562,381.2544555664063,20.581013,7.7340384,True
1066,42.6,20,0.7553818225860596,624.9997863769531,191.2679748535156,17.662989,0.08393756,True
1066,42.6,23,0.9254952073097228,879.0249633789062,487.9319152832031,19.958872,10.976008,True
1066,42.6,24,0.839789092540741,388.1177520751953,520.3401489257812,13.933375,11.531125,True
1066,42.6,25,0.8477007150650024,625.4423828125,271.9845275878906,17.418167,3.502077,True
1066,42.6,26,0.8818647861480713,949.9517822265626,347.2851867675781,21.54272,6.651965,True
1067,42.64,0,0.9015690684318542,256.12339782714844,588.453125,12.369911,13.268945,True
1067,42.64,4,0.9435496926307678,1115.503173828125,579.3890991210938,22.247324,13.550259,True
1067,42.64,11,0.8934800624847412,458.4910583496094,418.2962036132813,14.868343,8.534799,True
1067,42.64,14,0.7973225116729736,401.4933319091797,439.2624206542969,14.115129,9.14766,True
1067,42.64,15,0.8880528807640076,881.4736022949219,376.9017333984375,20.4919,7.5824137,True
1067,42.64,20,0.7671588659286499,615.3055114746094,198.95388793945312,17.48954,0.41480514,True
1067,42.64,23,0.9249637126922609,886.9658203125,487.9996032714844,20.053802,10.983771,True
1067,42.64,24,0.8241438269615173,384.8490905761719,520.7001342773438,13.893233,11.538847,True
1067,42.64,25,0.827314555644989,613.456787109375,271.90826416015625,17.245943,3.4837444,True
1067,42.64,26,0.8930315375328064,943.8777160644531,341.6874694824219,21.495098,6.452393,True
1068,42.68,0,0.9026185274124146,252.91174316406247,588.2228393554688,12.331578,13.261067,True
1068,42.68,4,0.9508432149887084,1120.32421875,579.4151000976562,22.300621,13.55369,True
1068,42.68,11,0.8909757733345032,456.4178466796875,418.5319519042969,14.841018,8.540475,True
1068,42.68,14,0.7814816236495972,398.3106689453125,440.4109497070313,14.07362,9.180746,True
1068,42.68,15,0.886338472366333,877.0394897460938,374.9790954589844,20.443863,7.5144587,True
1068,42.68,20,0.7615293860435486,606.7274475097656,199.40380859375,17.357037,0.4217745,True
1068,42.68,23,0.9155781865119934,890.4996643066406,488.7598876953125,20.09291,11.00785,True
1068,42.68,24,0.8380504846572876,382.40447998046875,520.603271484375,13.8632345,11.534404,True
1068,42.68,25,0.84137362241745,605.5162048339844,271.20086669921875,17.133476,3.4455175,True
1068,42.68,26,0.8866322040557861,939.5635070800781,339.0212097167969,21.453474,6.3552117,True
1069,42.72,0,0.8933168649673462,250.5308074951172,588.9970703125,12.304063,13.279523,True
1069,42.72,4,0.9459897875785828,1126.0431518554688,579.0485229492188,22.365965,13.547927,True
1069,42.72,11,0.889049232006073,456.2858123779297,417.2208862304688,14.840286,8.498288,True
1069,42.72,14,0.7943652272224426,398.14654541015625,439.261474609375,14.071723,9.144729,True
1069,42.72,15,0.8849077820777893,874.2977294921875,374.1138610839844,20.412508,7.483081,True
1069,42.72,20,0.7710645794868469,600.3751525878906,197.8663482666016,17.264448,0.34314466,True
1069,42.72,23,0.9168589115142822,894.6363830566406,488.7959899902344,20.142288,11.011908,True
1069,42.72,24,0.8427278995513916,381.1229248046875,520.35498046875,13.847511,11.526558,True
1069,42.72,25,0.8439000844955444,604.0986633300781,270.6669616699219,17.114464,3.4224904,True
1069,42.72,26,0.8877468705177307,936.04833984375,335.97857666015625,21.424417,6.245272,True
1070,42.76,0,0.8779565691947937,247.80831909179685,588.3540649414062,12.271113,13.2613325,True
1070,42.76,4,0.9413836002349854,1128.13134765625,578.2748413085938,22.393295,13.529985,True
1070,42.76,11,0.8770643472671509,454.1233825683594,418.0885314941406,14.811302,8.524173,True
1070,42.76,14,0.7826089262962341,395.62522888183594,438.3233337402344,14.03918,9.113214,True
1070,42.76,15,0.8771233558654785,871.1910095214844,371.8564453125,20.383106,7.4049373,True
1070,42.76,20,0.8037944436073303,597.5098571777344,199.4699859619141,17.215847,0.4105971,True
1070,42.76,23,0.9110921621322632,897.1854248046875,491.0249328613281,20.163198,11.076588,True
1070,42.76,24,0.8281784653663635,380.50563049316406,520.3604125976562,13.8399315,11.52627,True
1070,42.76,25,0.86198490858078,600.71875,270.9170227050781,17.065039,3.4280899,True
1070,42.76,26,0.8774006366729736,931.7421569824219,336.3348999023437,21.365278,6.2531915,True
1071,42.8,0,0.8793580532073975,245.16104125976562,588.1658935546875,12.239483,13.254877,True
1071,42.8,4,0.9406576156616212,1127.458740234375,577.0786743164062,22.392338,13.499952,True
1071,42.8,11,0.8635885119438171,450.8277893066406,418.66107177734375,14.767718,8.539543,True
1071,42.8,14,0.7782920002937317,394.1851043701172,435.4959106445313,14.020945,9.023322,True
1071,42.8,15,0.8828067183494568,869.5447692871094,369.61083984375,20.372564,7.3283377,True
1071,42.8,20,0.820107638835907,592.6026306152344,204.8627014160156,17.125353,0.64339924,True
1071,42.8,23,0.9216077327728271,897.2713623046875,489.9108276367188,20.169022,11.04528,True
1071,42.8,24,0.8250967264175415,377.6874542236328,519.8823852539062,13.805325,11.510903,True
1071,42.8,25,0.8730003237724304,593.9940490722656,269.8899230957031,16.970608,3.378586,True
1071,42.8,26,0.866584837436676,928.09814453125,337.501708984375,21.310343,6.2901454,True
1072,42.84,0,0.8943057060241699,240.329345703125,589.0173950195312,12.182968,13.273837,True
1072,42.84,4,0.9365827441215516,1124.96826171875,574.0726318359375,22.381031,13.4237995,True
1072,42.84,11,0.866001546382904,447.3190002441406,418.7160034179688,14.721714,8.53812,True
1072,42.84,14,0.7753424048423767,389.78436279296875,430.0746765136719,13.964342,8.848452,True
1072,42.84,15,0.8703530430793762,868.8453063964844,374.8941040039063,20.337982,7.503705,True
1072,42.84,20,0.8018156290054321,583.1329956054688,197.83544921875,17.000134,0.3151734,True
1072,42.84,23,0.9247490167617798,898.3509826660156,490.0240478515625,20.181444,11.04926,True
1072,42.84,24,0.8108468651771545,376.7637023925781,519.6494140625,13.793975,11.503731,True
1072,42.84,25,0.8459373116493225,589.6202392578125,268.0414733886719,16.912043,3.2992027,True
1072,42.84,26,0.851923406124115,919.2296447753906,339.81890869140625,21.17986,6.36167,True
1073,42.88,0,0.8959727883338928,236.37693786621094,588.4855346679688,12.135441,13.257747,True
1073,42.88,4,0.9297775030136108,1125.5947875976562,572.8045654296875,22.3949,13.392569,True
1073,42.88,11,0.8507570028305054,444.3963623046875,418.9297180175781,14.683277,8.542321,True
1073,42.88,14,0.7695605158805847,390.2055358886719,426.1371765136719,13.970351,8.723776,True
1073,42.88,15,0.8749976754188538,863.8710632324219,373.0632019042969,20.282133,7.438008,True
1073,42.88,20,0.8178808689117432,580.8547058105469,199.72593688964844,16.960024,0.39648396,True
1073,42.88,23,0.9363237619400024,898.8160705566406,488.4517211914063,20.193806,11.0052595,True
1073,42.88,24,0.8456012010574341,374.115966796875,520.27685546875,13.761444,11.5193815,True
1073,42.88,25,0.8422263264656067,582.45849609375,263.96014404296875,16.818295,3.1262155,True
1073,42.88,26,0.8726129531860352,917.2212829589844,340.01776123046875,21.152159,6.3664913,True
1074,42.92,0,0.9048009514808656,234.65806579589844,588.118408203125,12.114608,13.247247,True
1074,42.92,4,0.927564024925232,1126.9120483398438,567.886962890625,22.436485,13.270332,True
1074,42.92,11,0.8476343154907227,441.9800567626953,418.1882629394531,14.652072,8.516338,True
1074,42.92,14,0.7761664986610413,386.7480773925781,436.0411987304688,13.92409,9.033939,True
1074,42.92,15,0.8850787281990051,860.47412109375,372.2385864257813,20.241873,7.407222,True
1074,42.92,20,0.8141846656799316,579.1150512695312,201.4774627685547,16.928652,0.47216997,True
1074,42.92,23,0.9362109899520874,898.58544921875,487.8639526367188,20.19359,10.98849,True
1074,42.92,24,0.8404267430305481,374.8705749511719,519.9970092773438,13.770712,11.512098,True
1074,42.92,25,0.865788996219635,579.4160461425781,262.99957275390625,16.776382,3.0835354,True
1074,42.92,26,0.8753273487091064,913.2173156738281,338.3636169433594,21.108208,6.304578,True
1075,42.96,0,0.9115803837776184,233.28570556640625,587.789306640625,12.097925,13.237931,True
1075,42.96,4,0.9157482385635376,1129.9124145507812,562.3594360351562,22.500536,13.132951,True
1075,42.96,11,0.8416998386383057,440.7525634765625,420.8114013671875,14.63437,8.59928,True
1075,42.96,14,0.8093016743659973,386.72564697265625,437.5541687011719,13.9236555,9.081383,True
1075,42.96,15,0.886134922504425,858.8026428222656,378.1492309570313,20.192299,7.6018405,True
1075,42.96,20,0.7703955173492432,570.0765686035156,205.17367553710935,16.780756,0.6230551,True
1075,42.96,23,0.9342870116233826,898.3946228027344,488.5233459472656,20.188452,11.006971,True
1075,42.96,24,0.8512864112854004,371.49761962890625,520.1112060546875,13.72926,11.512884,True
1075,42.96,25,0.845950722694397,580.1424865722656,259.9245300292969,16.794449,2.9602032,True
1075,42.96,26,0.8727693557739258,908.5219421386719,338.043701171875,21.04765,6.288448,True
1076,43.0,0,0.9139475226402284,230.94076538085938,587.2334594726562,12.069406,13.222169,True
1076,43.0,4,0.9194726943969728,1133.8812255859375,559.5995483398438,22.560368,13.065503,True
1076,43.0,11,0.8404563069343567,437.171142578125,420.5335998535156,14.587638,8.587154,True
1076,43.0,14,0.8163076639175415,387.3817443847656,438.9718017578125,13.932044,9.126331,True
1076,43.0,15,0.8858107924461365,856.8502197265625,376.7872009277344,20.173359,7.5548835,True
1076,43.0,20,0.6582236886024475,562.888916015625,205.53802490234372,16.670006,0.6283356,True
1076,43.0,23,0.9311290979385376,898.5565185546875,488.3426818847656,20.19117,11.00199,True
1076,43.0,24,0.8590003252029419,372.7907409667969,520.3363037109375,13.745162,11.520098,True
1076,43.0,25,0.8446557521820068,571.0349426269531,260.1053161621094,16.661098,2.955489,True
1076,43.0,26,0.858088493347168,904.08544921875,338.0941162109375,20.988466,6.2855306,True
1077,43.04,0,0.9236363172531128,227.58834838867188,587.730712890625,12.030074,13.232939,True
1077,43.04,4,0.9189185500144958,1136.677490234375,558.8035888671875,22.59617,13.047014,True
1077,43.04,11,0.8398668169975281,429.65342712402344,418.4742736816406,14.490177,8.514313,True
1077,43.04,14,0.8102617859840393,384.2486114501953,431.1047973632813,13.891908,8.876147,True
1077,43.04,15,0.8745179772377014,853.3130798339844,380.4911193847656,20.110298,7.6738753,True
1077,43.04,20,0.8015877604484558,556.1897888183594,203.27664184570312,16.572926,0.51745546,True
1077,43.04,23,0.9231364130973816,897.9020690917969,488.5836791992188,20.182295,11.008313,True
1077,43.04,24,0.8511415719985962,367.38746643066406,518.81298828125,13.67863,11.473618,True
1077,43.04,25,0.8543277978897095,561.6766967773438,258.0235900878906,16.529034,2.8585136,True
1077,43.04,26,0.8940408229827881,901.0418701171875,333.091064453125,20.97509,6.106656,True
1078,43.08,0,0.9256299138069152,224.95409393310547,588.2234497070312,11.999297,13.244026,True
1078,43.08,4,0.9063363671302797,1137.8394165039062,559.079345703125,22.607637,13.054713,True
1078,43.08,11,0.8566268086433411,428.1634063720703,418.4111328125,14.470646,8.510928,True
1078,43.08,14,0.7926018834114075,379.0250549316406,429.654052734375,13.823676,8.825562,True
1078,43.08,15,0.8792180418968201,849.4307861328125,371.32659912109375,20.102325,7.3659883,True
1078,43.08,20,0.7618868350982666,548.9596862792969,199.9342041015625,16.469715,0.35674387,True
1078,43.08,23,0.9120519757270812,899.8565673828125,488.0406799316406,20.208042,10.994417,True
1078,43.08,24,0.8492262959480286,367.42381286621094,518.0750732421875,13.679021,11.452962,True
1078,43.08,25,0.8750952482223511,557.7171630859375,257.6197204589844,16.471937,2.8367932,True
1078,43.08,26,0.8898627758026123,897.7295532226562,333.4477844238281,20.928993,6.115689,True
1079,43.12,0,0.9296127557754515,223.2852020263672,588.2261352539062,11.97944,13.243076,True
1079,43.12,4,0.9052945971488952,1140.3970336914062,559.091064453125,22.636223,13.056561,True
1079,43.12,11,0.8663136959075928,426.37988281250006,419.111083984375,14.446895,8.531782,True
1079,43.12,14,0.7826399207115173,376.5637664794922,427.3743896484375,13.791464,8.750948,True
1079,43.12,15,0.898115873336792,846.6251220703125,369.3843383789063,20.074732,7.298237,True
1079,43.12,20,0.8022297024726868,544.4200744628906,210.2213287353516,16.377066,0.8078397,True
1079,43.12,23,0.8938338160514832,902.673583984375,488.20599365234375,20.241041,11.001156,True
1079,43.12,24,0.84833163022995,365.5881042480469,517.1591796875,13.656331,11.425944,True
1079,43.12,25,0.8825423121452332,551.2814636230469,257.5489196777344,16.377764,2.8253279,True
1079,43.12,26,0.8821843266487122,893.2328186035156,330.0457458496094,20.887257,5.990672,True
1080,43.16,0,0.9328721165657043,222.26375579833984,588.5216674804688,11.967634,13.250066,True
1080,43.16,4,0.9058672785758972,1143.5881958007812,558.7939453125,22.67365,13.050962,True
1080,43.16,11,0.8551002740859985,424.23329162597656,419.4553833007813,14.41856,8.54088,True
1080,43.16,14,0.7696813344955444,375.0785217285156,424.1617736816406,13.771943,8.64714,True
1080,43.16,15,0.8974233269691467,841.3023986816406,368.8572692871094,20.00763,7.2753196,True
1080,43.16,20,0.8223355412483215,539.5050964355469,210.4927215576172,16.301476,0.81243473,True
1080,43.16,23,0.8835321664810181,903.6831665039062,488.049560546875,20.253807,10.997481,True
1080,43.16,24,0.8554250597953796,363.59814453125,517.0119018554688,13.63179,11.420377,True
1080,43.16,25,0.8998947143554688,544.3548278808594,256.9912414550781,16.277298,2.7933257,True
1080,43.16,26,0.8655979037284851,888.2003784179688,324.9214172363281,20.847334,5.802935,True
1081,43.2,0,0.929402470588684,220.4803009033203,589.1646118164062,11.947183,13.2655325,True
1081,43.2,4,0.9051312804222108,1140.6876220703125,557.8429565429688,22.64654,13.025066,True
1081,43.2,11,0.8581079840660095,422.7455596923828,419.8861389160156,14.398843,8.553347,True
1081,43.2,14,0.7649123668670654,373.1667022705078,421.3304443359375,13.746721,8.554689,True
1081,43.2,15,0.8817545175552368,836.2073364257812,370.6181945800781,19.933044,7.3293295,True
1081,43.2,20,0.8184762597084045,537.5823669433594,209.4138336181641,16.274403,0.7618724,True
1081,43.2,23,0.8737945556640625,907.6307067871094,487.7464599609375,20.302376,10.991823,True
1081,43.2,24,0.8537620902061462,362.10040283203125,516.6410522460938,13.613282,11.40888,True
1081,43.2,25,0.884722113609314,540.1773834228516,256.2444152832031,16.21744,2.7572176,True
1081,43.2,26,0.8590258955955505,884.1807861328125,322.6050720214844,20.805693,5.715645,True
1082,43.24,0,0.9298262596130372,216.7769775390625,590.04541015625,11.904202,13.285937,True
1082,43.24,4,0.9142249226570128,1141.9000854492188,556.677001953125,22.666746,12.996174,True
1082,43.24,11,0.8593980073928833,421.35723876953125,418.7864379882813,14.381094,8.516792,True
1082,43.24,14,0.7783877849578857,366.59332275390625,426.6642150878906,13.660619,8.719398,True
1082,43.24,15,0.8476852178573608,821.6033325195312,370.4554138183594,19.742908,7.3095236,True
1082,43.24,20,0.793437659740448,530.6753234863281,200.8587951660156,16.186253,0.37008607,True
1082,43.24,23,0.8534780740737915,912.34521484375,487.5530395507813,20.359632,10.989828,True
1082,43.24,24,0.8190569281578064,362.3714141845703,512.959716796875,13.616183,11.305355,True
1082,43.24,25,0.9246450066566468,532.1937561035156,256.61773681640625,16.09936,2.7617896,True
1082,43.24,26,0.8710376024246216,874.9696350097656,316.2093505859375,20.715418,5.4749355,True
1083,43.28,0,0.9311732053756714,215.3695831298828,589.3162841796875,11.886556,13.266321,True
1083,43.28,4,0.9229468107223512,1146.1918334960938,555.4531860351562,22.721867,12.96765,True
1083,43.28,11,0.8648746013641357,422.6038513183594,419.391357421875,14.397201,8.537347,True
1083,43.28,14,0.7909996509552002,363.7021179199219,432.8841247558594,13.623414,8.914222,True
1083,43.28,15,0.8774102330207825,816.8682861328125,368.1504821777344,19.690994,7.227439,True
1083,43.28,20,0.772384524345398,525.8608245849609,196.34124755859372,16.121096,0.15892677,True
1083,43.28,23,0.8683129549026489,914.0190734863281,487.4927368164063,20.379923,10.989355,True
1083,43.28,24,0.7885158061981201,365.5289764404297,509.51507568359375,13.654889,11.210146,True
1083,43.28,25,0.9277971386909484,529.8506469726562,256.55828857421875,16.065014,2.7562184,True
1083,43.28,26,0.8591047525405884,870.5115356445312,312.5508117675781,20.674355,5.3369894,True
1084,43.32,0,0.9249942302703856,213.12976837158203,591.0458374023438,11.862074,13.309432,True
1084,43.32,4,0.9249507784843444,1147.6357421875,555.06591796875,22.740286,12.95867,True
1084,43.32,11,0.8716533780097961,421.5388946533203,419.7172546386719,14.3830805,8.546836,True
1084,43.32,14,0.7962678670883179,363.49151611328125,426.0394287109375,13.619809,8.696686,True
1084,43.32,15,0.8779623508453369,814.1750183105469,366.8404846191406,19.661373,7.1806426,True
1084,43.32,20,0.7815602421760559,521.6385345458984,193.97984313964844,16.06037,0.045171235,True
1084,43.32,23,0.8754130601882935,914.4534301757812,487.7039489746094,20.384176,10.995639,True
1084,43.32,24,0.8334497809410095,362.15794372558594,505.6795654296875,13.612653,11.098543,True
1084,43.32,25,0.92258220911026,527.2333526611328,257.6698303222656,16.02448,2.7981503,True
1084,43.32,26,0.851343035697937,866.9317626953125,312.4090270996094,20.626474,5.3277864,True
1085,43.36,0,0.9298074841499328,212.15797424316406,591.1093139648438,11.850599,13.3104725,True
1085,43.36,4,0.9025993943214417,1148.52783203125,555.0565795898438,22.75035,12.958978,True
1085,43.36,11,0.8748450875282288,419.1790771484375,418.47064208984375,14.35261,8.504663,True
1085,43.36,14,0.7823339104652405,366.2391662597656,424.3603210449219,13.655742,8.645515,True
1085,43.36,15,0.894660234451294,810.9263305664062,369.60736083984375,19.606825,7.2705464,True
1085,43.36,20,0.8017102479934692,519.8000793457031,198.65444946289065,16.022852,0.25404885,True
1085,43.36,23,0.8801344633102417,915.1525268554688,488.09857177734375,20.390776,11.00729,True
1085,43.36,24,0.8615959882736206,359.7816162109375,502.4474792480469,13.582663,11.004362,True
1085,43.36,25,0.9277459979057312,525.2558898925781,257.8206787109375,15.995138,2.8016677,True
1085,43.36,26,0.8180401921272278,865.4182434082031,311.2138671875,20.612175,5.2824535,True
1086,43.4,0,0.93001127243042,210.53146362304688,590.8901977539062,11.830978,13.303855,True
1086,43.4,4,0.8885427713394165,1153.131103515625,553.8671264648438,22.808863,12.931478,True
1086,43.4,11,0.8696803450584412,417.5052185058594,418.4280700683594,14.330628,8.50177,True
1086,43.4,14,0.7847172021865845,365.1179962158203,427.6708068847656,13.641357,8.75014,True
1086,43.4,15,0.8913698196411133,810.1883850097656,370.4971923828125,19.593344,7.2996902,True
1086,43.4,20,0.7990671992301941,516.9586791992188,198.35784912109372,15.9795,0.23625098,True
1086,43.4,23,0.8807726502418518,915.7450866699219,487.6170654296875,20.400011,10.994135,True
1086,43.4,24,0.8601287007331848,360.4056854248047,501.1585998535156,13.590256,10.967858,True
1086,43.4,25,0.9284197092056274,523.7837219238281,258.4490051269531,15.972375,2.8253503,True
1086,43.4,26,0.845396876335144,858.9485168457031,311.1813659667969,20.524317,5.273948,True
1087,43.44,0,0.931890308856964,207.57168579101562,590.4484252929688,11.795196,13.2907,True
1087,43.44,4,0.8634867668151855,1144.3538818359375,544.186279296875,22.765968,12.677497,True
1087,43.44,11,0.8533132076263428,413.5795135498047,417.2013854980469,14.279457,8.4587145,True
1087,43.44,14,0.8208224773406982,362.85621643066406,435.6440124511719,13.612711,9.000511,True
1087,43.44,15,0.8858362436294556,804.2552795410156,368.6794128417969,19.523327,7.2327557,True
1087,43.44,20,0.8264532685279846,505.34295654296875,204.3645477294922,15.789475,0.48829758,True
1087,43.44,23,0.8974574208259583,915.7200622558594,487.19866943359375,20.40158,10.982301,True
1087,43.44,24,0.8723016381263733,363.7449188232422,499.88671875,13.631731,10.933818,True
1087,43.44,25,0.8989686369895935,513.4239044189453,258.330810546875,15.820241,2.8066874,True
1087,43.44,26,0.8620892763137817,852.7809143066406,311.2302551269531,20.440092,5.2687554,True
1088,43.48,0,0.9263018369674684,206.6210174560547,590.20849609375,11.783568,13.283951,True
1088,43.48,4,0.8371447324752808,1146.0641479492188,540.3516235351562,22.807589,12.579251,True
1088,43.48,11,0.849725067615509,412.1392364501953,417.8771362304688,14.260272,8.479157,True
1088,43.48,14,0.8368448615074158,363.6149597167969,432.0300598144531,13.62217,8.887141,True
1088,43.48,15,0.8691824078559875,802.2308349609375,369.2280578613281,19.494453,7.2492104,True
1088,43.48,20,0.8179526925086975,501.77491760253906,203.8634185791016,15.735343,0.46039662,True
1088,43.48,23,0.902785301208496,916.3125610351562,487.5133361816406,20.407259,10.991624,True
1088,43.48,24,0.8679888844490051,364.14756774902344,500.0020446777344,13.636765,10.937435,True
1088,43.48,25,0.8801252245903015,505.6221160888672,258.6833190917969,15.704847,2.8106575,True
1088,43.48,26,0.880283772945404,848.6185607910156,310.7719421386719,20.385721,5.2472706,True
1089,43.52,0,0.9308338165283204,205.7775115966797,590.0890502929688,11.77337,13.280364,True
1089,43.52,4,0.8248831629753113,1145.18408203125,535.39697265625,22.826553,12.449625,True
1089,43.52,11,0.8458135724067688,411.0472412109375,416.9397277832031,14.246215,8.4479685,True
1089,43.52,14,0.8358967900276184,363.12957763671875,432.9671020507813,13.615939,8.916337,True
1089,43.52,15,0.8571206331253052,798.6016235351562,367.4178771972656,19.454422,7.1846485,True
1089,43.52,20,0.7341873645782471,494.93397521972656,204.58680725097656,15.628712,0.4822943,True
1089,43.52,23,0.9117993712425232,917.4505615234375,488.1991271972656,20.417795,11.011814,True
1089,43.52,24,0.863853931427002,364.9102325439453,500.2657470703125,13.646301,10.945586,True
1089,43.52,25,0.8698794841766357,500.2505187988281,259.71661376953125,15.624195,2.8456655,True
1089,43.52,26,0.8927048444747925,847.2207641601562,310.73370361328125,20.366861,5.2442856,True
1090,43.56,0,0.9351443648338318,204.70951080322266,591.46435546875,11.762475,13.31507,True
1090,43.56,4,0.7767298221588135,1147.1978759765625,532.7186279296875,22.865192,12.38081,True
1090,43.56,11,0.8627437949180603,408.50048828125,413.9482727050781,14.213598,8.348995,True
1090,43.56,14,0.8285648822784424,361.37481689453125,442.3800354003906,13.594338,9.210217,True
1090,43.56,15,0.8539665937423706,795.19384765625,364.9940490722656,19.41974,7.0993433,True
1090,43.56,20,0.7769871950149536,491.46728515625,207.11294555664065,15.571404,0.5898355,True
1090,43.56,23,0.9116976261138916,918.7969055175781,485.726806640625,20.445,10.942952,True
1090,43.56,24,0.8652125000953674,367.4881286621094,500.6546020507813,13.678466,10.958687,True
1090,43.56,25,0.8523865342140198,495.5475158691406,260.61962890625,15.553657,2.8762164,True
1090,43.56,26,0.9206703901290894,843.7637329101562,310.5799255371094,20.320501,5.2347317,True
1091,43.6,0,0.9314387440681458,203.94329071044922,591.5250244140625,11.753441,13.316164,True
1091,43.6,4,0.8374768495559692,1144.9932250976562,532.0999145507812,22.843739,12.363153,True
1091,43.6,11,0.8738368153572083,407.1942138671875,415.6997375488281,14.195843,8.404431,True
1091,43.6,14,0.8129650950431824,359.74864196777344,440.06488037109375,13.572852,9.136513,True
1091,43.6,15,0.8600544929504395,793.1490173339844,362.2982482910156,19.40404,7.005827,True
1091,43.6,20,0.8036234378814697,486.25030517578125,210.1572113037109,15.486679,0.717303,True
1091,43.6,23,0.908868968486786,919.7439575195312,481.5364685058594,20.475292,10.824735,True
1091,43.6,24,0.8594722151756287,366.88189697265625,500.6050415039063,13.670908,10.95681,True
1091,43.6,25,0.8268282413482666,490.4957275390625,260.0726013183594,15.480053,2.8471758,True
1091,43.6,26,0.9182083010673524,840.7102661132812,311.3486022949219,20.275007,5.2594137,True
1092,43.64,0,0.9359576106071472,201.58129119873047,592.9832763671875,11.727303,13.352155,True
1092,43.64,4,0.8129625916481018,1150.5565185546875,531.7517700195312,22.909134,12.357615,True
1092,43.64,11,0.8658810257911682,406.0191345214844,414.8358459472656,14.180595,8.375432,True
1092,43.64,14,0.793737530708313,356.2048797607422,439.0452270507813,13.526539,9.101506,True
1092,43.64,15,0.8456705808639526,787.3995056152344,356.21502685546875,19.353312,6.7921896,True
1092,43.64,20,0.8042122721672058,475.5970001220703,207.2242431640625,15.326785,0.5706025,True
1092,43.64,23,0.8998725414276123,923.2466125488281,477.1003112792969,20.537634,10.700742,True
1092,43.64,24,0.8728501796722412,366.05702209472656,501.8645629882813,13.660742,10.992334,True
1092,43.64,25,0.8907117247581482,478.3173522949219,264.3172912597656,15.295328,3.0036912,True
1092,43.64,26,0.8881948590278625,834.8496398925781,311.7426452636719,20.193129,5.2671933,True
1093,43.68,0,0.9354035258293152,200.5713653564453,592.9268798828125,11.71522,13.350098,True
1093,43.68,4,0.7913396954536438,1152.1915893554688,532.0247192382812,22.926126,12.365836,True
1093,43.68,11,0.8725398778915405,405.6617431640625,413.401611328125,14.176282,8.32867,True
1093,43.68,14,0.8048258423805237,352.4448547363281,431.4849853515625,13.475834,8.85998,True
1093,43.68,15,0.8469595313072205,783.132568359375,360.31640625,19.279905,6.928215,True
1093,43.68,20,0.8008375763893127,474.34552001953125,207.25120544433597,15.307455,0.5698962,True
1093,43.68,23,0.8944298624992371,925.2445373535156,475.02978515625,20.571226,10.642901,True
1093,43.68,24,0.878067672252655,366.2018127441406,502.4148559570313,13.662594,11.008214,True
1093,43.68,25,0.8972588181495667,472.67369079589844,264.7438049316406,15.211855,3.0135305,True
1093,43.68,26,0.8746088743209839,829.852294921875,311.0571594238281,20.128302,5.236426,True
1094,43.72,0,0.9320001602172852,199.3755111694336,593.6853637695312,11.702035,13.368815,True
1094,43.72,4,0.7556484341621399,1152.3880615234375,533.509521484375,22.919556,12.404882,True
1094,43.72,11,0.8720710873603821,405.1054382324219,413.0874328613281,14.169022,8.31797,True
1094,43.72,14,0.7956194877624512,352.5418395996094,430.9588623046875,13.476985,8.843389,True
1094,43.72,15,0.8439643383026123,778.9402770996094,364.9800720214844,19.205639,7.0826125,True
1094,43.72,20,0.8065393567085266,470.92735290527344,204.95730590820312,15.257617,0.4620613,True
1094,43.72,23,0.8967830538749695,925.7044982910156,473.4849548339844,20.58392,10.598864,True
1094,43.72,24,0.8772019147872925,366.2053527832031,502.3706665039063,13.662634,11.00695,True
1094,43.72,25,0.9092863202095032,467.55676269531256,265.1376953125,15.13617,3.0227423,True
1094,43.72,26,0.8495827913284302,825.3251037597656,311.22918701171875,20.065643,5.2375903,True
1095,43.76,0,0.9333386421203612,198.34874725341797,594.3735961914062,11.690774,13.385821,True
1095,43.76,4,0.8287193179130554,1152.8146362304688,532.783203125,22.928715,12.386129,True
1095,43.76,11,0.8687863349914551,404.3389434814453,412.7740783691406,14.158979,8.307099,True
1095,43.76,14,0.7721719145774841,353.7511444091797,428.2100830078125,13.492238,8.757135,True
1095,43.76,15,0.8634998202323914,773.841552734375,356.32684326171875,19.172956,6.78217,True
1095,43.76,20,0.8355075120925903,466.6606140136719,209.2771759033203,15.186494,0.6484949,True
1095,43.76,23,0.9008752703666688,926.2427673339844,470.6434020996094,20.603619,10.517387,True
1095,43.76,24,0.8885816335678101,366.44818115234375,503.1785583496094,13.665727,11.030265,True
1095,43.76,25,0.91523277759552,462.5642395019531,265.8529357910156,15.061989,3.0451398,True
1095,43.76,26,0.8209864497184753,820.2737426757812,313.3094177246094,19.986694,5.3079934,True
1096,43.8,0,0.9355161786079408,197.8264617919922,594.5910034179688,11.684868,13.39107,True
1096,43.8,4,0.8328637480735779,1153.6410522460938,533.710693359375,22.93261,12.410956,True
1096,43.8,11,0.8532248139381409,404.5176086425781,412.7728271484375,14.161341,8.307223,True
1096,43.8,14,0.7965449094772339,351.8468322753906,430.7518615722656,13.467827,8.8362055,True
1096,43.8,15,0.8430629372596741,770.3660583496094,359.47576904296875,19.114279,6.8865566,True
1096,43.8,20,0.8097662925720215,462.60052490234375,204.8700408935547,15.128964,0.445355,True
1096,43.8,23,0.8999560475349426,927.6015319824219,468.19427490234375,20.631485,10.4476,True
1096,43.8,24,0.8878162503242493,366.3037567138672,503.8157653808594,13.663986,11.048386,True
1096,43.8,25,0.9070799946784972,459.67625427246094,265.6329650878906,15.019733,3.032414,True
1096,43.8,26,0.8143504858016968,815.3202209472656,309.6657409667969,19.936342,5.1688194,True
1097,43.84,0,0.934795081615448,197.13182067871094,594.8748779296875,11.677007,13.397916,True
1097,43.84,4,0.8363324999809265,1154.7765502929688,531.1702880859375,22.96063,12.34508,True
1097,43.84,11,0.8517249822616577,403.5345916748047,414.13812255859375,14.147996,8.350566,True
1097,43.84,14,0.8295008540153503,349.0437774658203,442.1400451660156,13.434023,9.192072,True
1097,43.84,15,0.8374070525169373,762.69384765625,354.2687072753906,19.03293,6.699897,True
1097,43.84,20,0.83456951379776,456.76292419433594,213.0098419189453,15.029978,0.79919815,True
1097,43.84,23,0.918272078037262,933.4716186523438,465.3953552246094,20.71576,10.370913,True
1097,43.84,24,0.8842564821243286,366.6363525390625,503.2526245117188,13.668074,11.032524,True
1097,43.84,25,0.911387860774994,455.9722137451172,267.0800476074219,14.963843,3.0861316,True
1097,43.84,26,0.8398169875144958,799.5921936035156,307.2875671386719,19.731806,5.0631695,True
1098,43.88,0,0.9328340291976928,196.36296844482422,594.7977905273438,11.6677685,13.39548,True
1098,43.88,4,0.8588911890983582,1158.9517211914062,529.2883911132812,23.019434,12.298314,True
1098,43.88,11,0.8552041053771973,402.69879150390625,416.5901794433594,14.136346,8.429053,True
1098,43.88,14,0.8225732445716858,347.6639099121094,443.4427795410156,13.416427,9.2315035,True
1098,43.88,15,0.8849204778671265,760.3986511230469,352.9902038574219,19.007366,6.653396,True
1098,43.88,20,0.8625902533531189,455.8090515136719,215.3773651123047,15.012849,0.90235525,True
1098,43.88,23,0.9295223951339722,937.1683654785156,465.74365234375,20.758877,10.383894,True
1098,43.88,24,0.8860070705413818,367.25372314453125,502.7451477050781,13.675713,11.018457,True
1098,43.88,25,0.9161640405654908,454.4507293701172,267.4107360839844,14.941164,3.0975046,True
1098,43.88,26,0.8337313532829285,795.0017395019531,308.7844543457031,19.661932,5.1131454,True
1099,43.92,0,0.932068169116974,195.62515258789062,594.9808349609375,11.659259,13.399719,True
1099,43.92,4,0.8607787489891052,1158.489990234375,527.3344116210938,23.025915,12.246517,True
1099,43.92,11,0.8536596894264221,404.3469543457031,414.666259765625,14.158579,8.368407,True
1099,43.92,14,0.8055251836776733,347.94830322265625,446.2853698730469,13.420878,9.320129,True
1099,43.92,15,0.9008201360702516,757.469482421875,352.5512390136719,18.970026,6.6351943,True
1099,43.92,20,0.8505341410636902,453.9110565185547,217.9537506103516,14.981116,1.0128744,True
1099,43.92,23,0.9370763301849364,939.0420532226562,465.73443603515625,20.781609,10.385075,True
1099,43.92,24,0.8914726376533508,367.95875549316406,502.39886474609375,13.68446,11.009066,True
1099,43.92,25,0.9094553589820862,450.8961486816406,268.0935363769531,14.888291,3.1204314,True
1099,43.92,26,0.8375693559646606,788.8383483886719,309.5246887207031,19.573994,5.1333714,True
1100,43.96,0,0.932137131690979,195.39329528808594,595.5626220703125,11.657312,13.414457,True
1100,43.96,4,0.8637067675590515,1159.5786743164062,524.6039428710938,23.05481,12.175054,True
1100,43.96,11,0.8418623208999634,405.1537780761719,415.8895568847656,14.16889,8.4086895,True
1100,43.96,14,0.7979294657707214,348.28041076660156,446.103759765625,13.4251375,9.314778,True
1100,43.96,15,0.9058377146720886,754.9990844726562,351.2289123535156,18.942184,6.586851,True
1100,43.96,20,0.8386403918266296,451.7455749511719,217.94918823242188,14.947951,1.0094497,True
1100,43.96,23,0.9361523985862732,939.7070922851562,465.4013366699219,20.791258,10.375913,True
1100,43.96,24,0.8816338181495667,367.4488525390625,501.46099853515625,13.67804,10.981801,True
1100,43.96,25,0.9001933336257935,446.51275634765625,268.7987670898437,14.823259,3.14316,True
1100,43.96,26,0.8310884833335876,786.139892578125,309.6820068359375,19.536247,5.13608,True
1101,44.0,0,0.9306151866912842,195.20160675048828,596.1321411132812,11.655827,13.428895,True
1101,44.0,4,0.8683668375015259,1157.7448120117188,517.6044311523438,23.076271,11.987627,True
1101,44.0,11,0.8432404398918152,405.77464294433594,416.9693908691406,14.176772,8.444101,True
1101,44.0,14,0.8302872776985168,353.1751708984375,453.1468200683594,13.4901285,9.536394,True
1101,44.0,15,0.9073689579963684,753.0528869628906,353.16033935546875,18.908775,6.651691,True
1101,44.0,20,0.8542708158493042,449.1815948486328,218.3786773681641,14.908261,1.0244884,True
1101,44.0,23,0.9343425631523132,939.7357177734376,464.006591796875,20.798306,10.33537,True
1101,44.0,24,0.8692771792411804,367.5625305175781,502.1829528808594,13.679512,11.002584,True
1101,44.0,25,0.867430567741394,439.91078186035156,270.1374206542969,14.7251835,3.1885097,True
1101,44.0,26,0.8372952342033386,786.2040710449219,310.930908203125,19.531582,5.1821218,True
1102,44.04,0,0.9289149045944214,194.9212646484375,596.9815063476562,11.65368,13.450412,True
1102,44.04,4,0.9028934836387634,1167.0037231445312,512.7105712890625,23.212723,11.862675,True
1102,44.04,11,0.8384605050086975,405.7671356201172,417.3751220703125,14.17656,8.457171,True
1102,44.04,14,0.8555243611335754,358.77247619628906,455.8881530761719,13.562755,9.625113,True
1102,44.04,15,0.9170169830322266,749.7988891601562,355.6431579589844,18.855946,6.734012,True
1102,44.04,20,0.8437183499336243,444.2773742675781,222.03819274902344,14.829895,1.1773773,True
1102,44.04,23,0.923827826976776,940.8788146972656,463.1358642578125,20.816357,10.310896,True
1102,44.04,24,0.8558222651481628,370.2003479003906,500.7625732421875,13.712264,10.963817,True
1102,44.04,25,0.8406026363372803,427.85736083984375,272.83660888671875,14.546338,3.2813873,True
1102,44.04,26,0.834808886051178,777.7064514160156,308.2560119628906,19.426632,5.0737967,True
1103,44.08,0,0.9265868067741394,195.07179260253906,597.9600219726562,11.656822,13.475454,True
1103,44.08,4,0.8976953029632568,1164.5777587890625,513.1556396484375,23.182062,11.872996,True
1103,44.08,11,0.8464666604995728,405.1582336425781,421.50872802734375,14.167414,8.589413,True
1103,44.08,14,0.8314630389213562,356.72930908203125,453.1059875488281,13.535957,9.538132,True
1103,44.08,15,0.9171943068504332,748.6106872558594,356.1843566894531,18.838078,6.751428,True
1103,44.08,20,0.8272824883460999,440.03529357910156,222.38409423828125,14.76478,1.1862135,True
1103,44.08,23,0.9188178777694702,941.7279968261719,461.84075927734375,20.832916,10.27378,True
1103,44.08,24,0.8612383604049683,373.9728240966797,501.28509521484375,13.75926,10.981629,True
1103,44.08,25,0.8228143453598022,423.94732666015625,272.9706115722656,14.488859,3.2816815,True
1103,44.08,26,0.831146240234375,776.0260620117188,307.9907531738281,19.404669,5.0620613,True
1104,44.12,0,0.924056589603424,194.97543334960938,598.2338256835938,11.656059,13.482373,True
1104,44.12,4,0.8997048735618591,1167.51708984375,513.6697387695312,23.212688,11.888791,True
1104,44.12,11,0.8224278688430786,406.91497802734375,420.1756896972656,14.190862,8.548269,True
1104,44.12,14,0.8329529762268066,358.19798278808594,454.7420043945313,13.55517,9.589547,True
1104,44.12,15,0.9155704975128174,747.5176086425781,355.5365905761719,18.825966,6.7279973,True
1104,44.12,20,0.7995400428771973,435.71044921875,223.3557891845703,14.6979265,1.2222085,True
1104,44.12,23,0.9222527146339417,942.827392578125,459.5003356933594,20.857622,10.206204,True
1104,44.12,24,0.839901328086853,374.7923278808594,502.1352844238281,13.769474,11.006609,True
1104,44.12,25,0.8310500979423523,420.7114715576172,272.44598388671875,14.441617,3.2563796,True
1104,44.12,26,0.8312153816223145,772.9804077148438,309.03741455078125,19.358234,5.0972285,True
1105,44.16,0,0.9249411821365356,195.37364959716797,598.0706176757812,11.660554,13.478454,True
1105,44.16,4,0.8964832425117493,1166.6348266601562,515.2807006835938,23.192593,11.931406,True
1105,44.16,11,0.820807933807373,409.6619415283203,421.1196594238281,14.226655,8.581026,True
1105,44.16,14,0.8320885896682739,360.5455017089844,453.3021240234375,13.585187,9.547365,True
1105,44.16,15,0.9068135023117064,746.3309631347656,360.4986877441406,18.791584,6.8971395,True
1105,44.16,20,0.8066525459289551,430.47149658203125,225.31153869628903,14.616505,1.2996095,True
1105,44.16,23,0.9121885299682616,945.0880432128906,459.4013671875,20.885576,10.20508,True
1105,44.16,24,0.8161191344261169,374.62135314941406,502.8307495117188,13.767359,11.026393,True
1105,44.16,25,0.8529306650161743,417.2230529785156,272.4786682128906,14.390333,3.253146,True
1105,44.16,26,0.8312063217163086,770.8008422851562,308.8116149902344,19.32922,5.086388,True
1106,44.2,0,0.923178255558014,195.40924072265625,598.5186157226562,11.661595,13.489886,True
1106,44.2,4,0.8974137306213379,1166.9442138671875,515.0518798828125,23.19756,11.925482,True
1106,44.2,11,0.8335199356079102,408.786376953125,422.9001159667969,14.214615,8.637206,True
1106,44.2,14,0.8283002376556396,358.7190246582031,452.47369384765625,13.561508,9.520383,True
1106,44.2,15,0.8972805738449097,743.3200073242188,360.083251953125,18.75315,6.8798647,True
1106,44.2,20,0.8363279104232788,425.50257873535156,228.3461151123047,14.53874,1.4238904,True
1106,44.2,23,0.9096502065658568,947.3097229003906,460.0970458984375,20.909163,10.227184,True
1106,44.2,24,0.8378329277038574,375.54296875,502.839599609375,13.778818,11.027331,True
1106,44.2,25,0.8470152020454407,408.90769958496094,273.05908203125,14.267825,3.2656498,True
1106,44.2,26,0.8256351947784424,769.2330017089844,308.8642578125,19.30742,5.086532,True
1107,44.24,0,0.9199095964431764,195.10248565673828,600.625244140625,11.660872,13.543276,True
1107,44.24,4,0.9117881655693054,1169.2557373046875,515.651123046875,23.220402,11.9430895,True
1107,44.24,11,0.8401315808296204,410.43695068359375,425.5475158691406,14.235405,8.723127,True
1107,44.24,14,0.8078802824020386,358.6951904296875,452.3095397949219,13.561174,9.515317,True
1107,44.24,15,0.8395388722419739,729.6427001953125,355.2702331542969,18.58862,6.7004237,True
1107,44.24,20,0.8189181685447693,418.35963439941406,230.79005432128903,14.428595,1.5190258,True
1107,44.24,23,0.8960099220275879,952.6912841796876,460.79779052734375,20.971037,10.251881,True
1107,44.24,24,0.7956026792526245,376.5625,502.8728942871094,13.791492,11.029043,True
1107,44.24,25,0.8597545623779297,400.5666046142578,274.71063232421875,14.144636,3.321146,True
1107,44.24,26,0.8135071396827698,759.3940124511719,313.1713256835937,19.154043,5.2339053,True
1108,44.28,0,0.9177470207214355,195.3203582763672,601.7807006835938,11.665043,13.572727,True
1108,44.28,4,0.9142870306968688,1169.7565307617188,515.0994262695312,23.229568,11.928648,True
1108,44.28,11,0.8302925825119019,411.72637939453125,425.4385986328125,14.252312,8.720816,True
1108,44.28,14,0.8199484944343567,362.04627990722656,452.8143005371094,13.604463,9.53365,True
1108,44.28,15,0.8397512435913086,720.5287780761719,358.0191345214844,18.45731,6.7857804,True
1108,44.28,20,0.7955682277679443,416.69775390625,230.7385711669922,14.403339,1.5144016,True
1108,44.28,23,0.8927618265151978,956.3059997558594,461.9031372070313,21.0094,10.286966,True
1108,44.28,24,0.7338233590126038,377.30926513671875,503.1428527832031,13.800775,11.03732,True
1108,44.28,25,0.8718248605728149,395.3805236816406,277.4334411621094,14.067776,3.4234881,True
1108,44.28,26,0.8035069108009338,749.3609619140625,310.144287109375,19.028465,5.1109905,True
1109,44.32,0,0.9136716723442078,195.27059173583984,602.7919921875,11.665847,13.598325,True
1109,44.32,4,0.904019832611084,1173.485107421875,515.932373046875,23.267202,11.953457,True
1109,44.32,11,0.8440867066383362,413.49670410156256,424.3347473144531,14.275859,8.687238,True
1109,44.32,14,0.8292486667633057,363.8642883300781,453.2317810058594,13.627946,9.5479965,True
1109,44.32,15,0.850159227848053,715.1643371582031,360.5106201171875,18.377222,6.865857,True
1109,44.32,20,0.8183140754699707,413.84539794921875,231.9098052978516,14.359375,1.560717,True
1109,44.32,23,0.8859615325927734,958.7588500976562,462.4583129882813,21.03636,10.305059,True
1109,44.32,24,0.7646816372871399,377.2087707519531,502.55615234375,13.799528,11.020459,True
1109,44.32,25,0.8861817717552185,394.97528076171875,277.7540283203125,14.061759,3.435777,True
1109,44.32,26,0.809495210647583,745.1395263671875,304.8508605957031,18.991629,4.9098487,True
1110,44.36,0,0.9170600771903992,195.4172134399414,602.1334228515625,11.666674,13.581727,True
1110,44.36,4,0.8910490870475769,1172.3471069335938,513.5819702148438,23.268757,11.889695,True
1110,44.36,11,0.8626658320426941,413.54209899902344,424.408203125,14.276427,8.68962,True
1110,44.36,14,0.839171290397644,363.76983642578125,455.758544921875,13.627026,9.625325,True
1110,44.36,15,0.8265130519866943,710.3373718261719,359.4181213378906,18.316633,6.823444,True
1110,44.36,20,0.8396891355514526,412.5989532470703,231.458251953125,14.34063,1.5394784,True
1110,44.36,23,0.8899719715118408,960.9201965332031,462.9010925292969,21.060326,10.319637,True
1110,44.36,24,0.7940981388092041,376.0967254638672,502.461181640625,13.785701,11.016912,True
1110,44.36,25,0.8963965773582458,389.64691162109375,278.2649230957031,13.98348,3.4493134,True
1110,44.36,26,0.7764502763748169,737.2572937011719,310.8149719238281,18.858976,5.1218667,True
1111,44.4,0,0.9137166738510132,195.69387817382812,602.6404418945312,11.670641,13.594737,True
1111,44.4,4,0.8528975248336792,1170.206298828125,512.7861328125,23.249094,11.866872,True
1111,44.4,11,0.8586017489433289,413.3843231201172,425.6784057617188,14.273919,8.729933,True
1111,44.4,14,0.8376520872116089,366.83872985839844,456.33984375,13.666544,9.645656,True
1111,44.4,15,0.8348990082740784,706.0570678710938,357.80389404296875,18.26496,6.763538,True
1111,44.4,20,0.8321009874343872,410.10681152343756,235.283203125,14.301076,1.7001029,True
1111,44.4,23,0.8959335684776306,961.0646057128906,463.27044677734375,21.06023,10.330501,True
1111,44.4,24,0.837995707988739,374.806640625,502.90765380859375,13.769664,11.028731,True
1111,44.4,25,0.8953892588615417,388.5093688964844,280.5408935546875,13.966466,3.5385861,True
1111,44.4,26,0.7917203307151794,732.6787719726562,318.92010498046875,18.764591,5.4140496,True
1112,44.44,0,0.9198876023292542,195.7720947265625,604.30029296875,11.67384,13.63678,True
1112,44.44,4,0.8325623273849487,1171.8201293945312,509.1715087890625,23.290222,11.770594,True
1112,44.44,11,0.8448993563652039,415.30834960937506,428.19189453125,14.298163,8.811477,True
1112,44.44,14,0.8257603049278259,368.88389587402344,456.9714660644531,13.692872,9.666646,True
1112,44.44,15,0.8374034762382507,699.4011535644531,358.2831726074219,18.174479,6.7732162,True
1112,44.44,20,0.8154076933860779,405.93467712402344,234.35910034179688,14.238122,1.6545314,True
1112,44.44,23,0.912379026412964,962.1225891113281,464.0025939941406,21.06938,10.352616,True
1112,44.44,24,0.8428826928138733,373.3187561035156,504.11376953125,13.751198,11.06211,True
1112,44.44,25,0.8878511190414429,385.7878723144531,280.8573608398437,13.9265585,3.5476897,True
1112,44.44,26,0.8476266860961914,727.8472900390625,315.9375,18.709642,5.299554,True
1113,44.48,0,0.9209095239639282,195.6485366821289,604.6121215820312,11.672808,13.6445875,True
1113,44.48,4,0.8269625306129456,1172.1228637695312,503.9197692871094,23.326706,11.628504,True
1113,44.48,11,0.8402484655380249,416.7864685058594,429.8446350097656,14.316832,8.865115,True
1113,44.48,14,0.8257614374160767,369.54811096191406,456.8624267578125,13.701396,9.663871,True
1113,44.48,15,0.8238163590431213,699.144287109375,357.9554138183594,18.172123,6.7616634,True
1113,44.48,20,0.8142181038856506,403.7728881835938,238.16363525390625,14.203972,1.8140738,True
1113,44.48,23,0.9103578329086304,962.8246459960938,464.32818603515625,21.076244,10.362622,True
1113,44.48,24,0.837281346321106,374.03729248046875,504.28607177734375,13.760129,11.067565,True
1113,44.48,25,0.8901117444038391,380.82923889160156,280.28729248046875,13.853925,3.5186348,True
1113,44.48,26,0.8361217379570007,725.9184265136719,322.20849609375,18.659548,5.526121,True
1114,44.52,0,0.9198858141899108,195.6302261352539,604.7886352539062,11.672833,13.649035,True
1114,44.52,4,0.8387343883514404,1172.019287109375,500.83013916015625,23.345024,11.544254,True
1114,44.52,11,0.8325480818748474,417.66014099121094,430.5347900390625,14.327953,8.887701,True
1114,44.52,14,0.8262962102890015,371.21661376953125,456.83203125,13.722825,9.664333,True
1114,44.52,15,0.8295450210571289,696.4815673828125,359.395751953125,18.131859,6.8085103,True
1114,44.52,20,0.7983914613723755,401.98521423339844,239.0497131347656,14.176615,1.8492676,True
1114,44.52,23,0.9086766242980956,963.3771362304688,464.2406921386719,21.083363,10.360508,True
1114,44.52,24,0.843781054019928,374.63414001464844,504.755859375,13.76755,11.08142,True
1114,44.52,25,0.8811638951301575,379.68226623535156,281.0604858398437,13.837077,3.5479465,True
1114,44.52,26,0.842643678188324,724.3849792480469,314.94073486328125,18.665792,5.2590594,True
1115,44.56,0,0.9237657785415648,196.16863250732422,605.2364501953125,11.679799,13.66066,True
1115,44.56,4,0.8236704468727112,1171.209228515625,497.2029418945313,23.35863,11.444422,True
1115,44.56,11,0.8307639360427856,417.89051818847656,432.5499877929688,14.330174,8.951467,True
1115,44.56,14,0.8050544857978821,372.7037658691406,456.8669738769531,13.741924,9.666638,True
1115,44.56,15,0.8247814774513245,697.7705383300781,358.4485778808594,18.152157,6.77724,True
1115,44.56,20,0.8294413089752197,400.0042419433594,244.92919921875,14.1448965,2.0954916,True
1115,44.56,23,0.9019116163253784,963.6620483398438,464.471923828125,21.085651,10.367446,True
1115,44.56,24,0.8490957021713257,374.6273498535156,505.29400634765625,13.767475,11.096768,True
1115,44.56,25,0.8545793294906616,375.38665771484375,283.49737548828125,13.774138,3.6392453,True
1115,44.56,26,0.8472786545753479,719.8470458984375,314.8689270019531,18.603592,5.2512617,True
1116,44.6,0,0.9251274466514589,196.8704605102539,605.9074096679688,11.68899,13.678,True
1116,44.6,4,0.827021598815918,1174.149658203125,494.7878723144531,23.408201,11.3801365,True
1116,44.6,11,0.8272187113761902,417.7093505859375,433.020751953125,14.327637,8.966129,True
1116,44.6,14,0.7910801768302917,373.4935607910156,457.1233520507813,13.752073,9.6751175,True
1116,44.6,15,0.8453482389450073,697.5326538085938,356.6630249023437,18.154814,6.715434,True
1116,44.6,20,0.8079296946525574,397.5438995361328,249.92169189453125,14.1065235,2.3016522,True
1116,44.6,23,0.8966734409332275,964.1070556640625,463.9524230957031,21.093632,10.3526945,True
1116,44.6,24,0.8505241870880127,374.5703430175781,505.8951721191406,13.766778,11.113865,True
1116,44.6,25,0.8432223796844482,371.4570617675781,284.9727478027344,13.716707,3.6926787,True
1116,44.6,26,0.8372557759284973,714.4281005859375,314.5182189941406,18.530241,5.2322044,True
1117,44.64,0,0.9215187430381776,200.53936004638672,606.5953979492188,11.73316,13.69749,True
1117,44.64,4,0.8289006352424622,1174.10986328125,491.9017639160156,23.426233,11.300538,True
1117,44.64,11,0.8430582284927368,421.33921813964844,433.3938293457031,14.37468,8.981056,True
1117,44.64,14,0.7954785823822021,374.29112243652344,461.1892700195313,13.762398,9.799436,True
1117,44.64,15,0.7676754593849182,688.5308837890625,358.44708251953125,18.028683,6.7677107,True
1117,44.64,20,0.8020796179771423,393.290283203125,253.9552001953125,14.041846,2.4639091,True
1117,44.64,23,0.9045658111572266,965.4173278808594,460.88958740234375,21.124874,10.264499,True
1117,44.64,24,0.8594583868980408,375.22723388671875,505.9715270996094,13.77493,11.116526,True
1117,44.64,25,0.8087509274482727,364.3855743408203,289.1918640136719,13.613865,3.850149,True
1117,44.64,26,0.7880820035934448,709.9927673339844,313.7713317871094,18.471811,5.1996646,True
1118,44.68,0,0.9188275337219238,201.2479248046875,606.76123046875,11.741728,13.702081,True
1118,44.68,4,0.8185228109359741,1173.465576171875,492.9168090820313,23.412218,11.328101,True
1118,44.68,11,0.8407836556434631,421.57073974609375,434.201904296875,14.377349,9.006659,True
1118,44.68,14,0.7950936555862427,374.4106750488281,461.8298645019531,13.763941,9.818951,True
1118,44.68,15,0.8071288466453552,684.7820129394531,353.6005859375,17.993813,6.5962267,True
1118,44.68,20,0.8118064403533936,390.74549865722656,255.15386962890625,14.003554,2.510186,True
1118,44.68,23,0.9077240824699402,965.2857971191406,457.36328125,21.141085,10.161218,True
1118,44.68,24,0.8514479398727417,374.7607421875,506.5220947265625,13.769151,11.131864,True
1118,44.68,25,0.835146963596344,361.8042449951172,292.41729736328125,13.576771,3.9734206,True
1118,44.68,26,0.8063673973083496,707.2374572753906,313.95635986328125,18.43313,5.2033315,True
1119,44.72,0,0.9181291460990906,202.67093658447263,606.6993408203125,11.7584095,13.701354,True
1119,44.72,4,0.8148546814918518,1172.1712036132812,494.86474609375,23.384699,11.380856,True
1119,44.72,11,0.8336077928543091,422.06903076171875,434.3259887695313,14.383768,9.010992,True
1119,44.72,14,0.8233230710029602,376.3877868652344,462.96685791015625,13.789236,9.854993,True
1119,44.72,15,0.8362963199615479,681.7982482910156,350.7942199707031,17.962559,6.495476,True
1119,44.72,20,0.8120414018630981,388.22802734375006,255.580322265625,13.965847,2.5244312,True
1119,44.72,23,0.9073218703269958,966.0750427246094,454.83099365234375,21.163527,10.08744,True
1119,44.72,24,0.8454145193099976,373.6559143066406,506.7411193847656,13.755453,11.137284,True
1119,44.72,25,0.840294599533081,357.5890350341797,294.258056640625,13.515828,4.040093,True
1119,44.72,26,0.8042892217636108,704.185791015625,314.43475341796875,18.389317,5.217459,True
1120,44.76,0,0.9260687828063964,205.74742889404297,607.0899658203125,11.795148,13.712986,True
1120,44.76,4,0.8318545818328857,1173.1270751953125,494.7461242675781,23.396574,11.378265,True
1120,44.76,11,0.8338714838027954,422.5474090576172,436.8450012207031,14.388903,9.09038,True
1120,44.76,14,0.8098824620246887,375.6975555419922,463.6736450195313,13.78042,9.875793,True
1120,44.76,15,0.7836955785751343,683.5864868164062,354.4140014648437,17.975204,6.6232076,True
1120,44.76,20,0.8018692135810852,385.2501983642578,256.67266845703125,13.921202,2.5656183,True
1120,44.76,23,0.905637800693512,966.3781127929688,451.20068359375,21.18573,9.980567,True
1120,44.76,24,0.8455681204795837,372.60650634765625,507.6337585449219,13.742469,11.161906,True
1120,44.76,25,0.8432049751281738,353.86090087890625,295.1236267089844,13.461853,4.0692196,True
1120,44.76,26,0.8147758841514587,694.4113159179688,312.0770568847656,18.262562,5.1193166,True
1121,44.8,0,0.9183477759361268,208.5088348388672,607.651123046875,11.828366,13.728714,True
1121,44.8,4,0.8499283790588379,1174.2908935546875,495.3955383300781,23.405958,11.396951,True
1121,44.8,11,0.835976243019104,422.8100128173828,438.46917724609375,14.391608,9.141373,True
1121,44.8,14,0.7873121500015259,374.7074432373047,462.517578125,13.76775,9.84002,True
1121,44.8,15,0.7911213636398315,679.5527648925781,357.1136779785156,17.912708,6.7124753,True
1121,44.8,20,0.7976680994033813,382.69085693359375,258.8309326171875,13.882792,2.6513202,True
1121,44.8,23,0.9058563113212584,966.6465759277344,449.3331298828125,21.19857,9.92547,True
1121,44.8,24,0.8578340411186218,372.9077606201172,507.83306884765625,13.746209,11.167794,True
1121,44.8,25,0.8443612456321716,349.81800842285156,297.7266540527344,13.403898,4.165486,True
1121,44.8,26,0.799421489238739,694.0645751953125,316.5775756835937,18.242222,5.284695,True
1122,44.84,0,0.8982599377632141,215.41979980468753,608.4083862304688,11.910578,13.751765,True
1122,44.84,4,0.8552238941192627,1171.1328125,495.94183349609375,23.36576,11.409742,True
1122,44.84,11,0.828575849533081,424.3497009277344,439.1636047363281,14.411236,9.164373,True
1122,44.84,14,0.791751503944397,376.3426818847656,459.4021911621094,13.7886505,9.746871,True
1122,44.84,15,0.852080225944519,673.0325317382812,342.9219970703125,17.868767,6.209981,True
1122,44.84,20,0.7933973670005798,379.8302459716797,261.9744567871094,13.839982,2.776811,True
1122,44.84,23,0.9057055115699768,968.5699462890625,443.765869140625,21.250805,9.761297,True
1122,44.84,24,0.8482738137245178,371.8096466064453,509.4294128417969,13.732664,11.212316,True
1122,44.84,25,0.8502495288848877,343.4169464111328,298.1031799316406,13.311144,4.1722097,True
1122,44.84,26,0.8010884523391724,686.73681640625,313.75164794921875,18.150677,5.1723533,True
1123,44.88,0,0.9095064401626588,217.91223144531253,608.201416015625,11.939623,13.748017,True
1123,44.88,4,0.834998607635498,1167.9674072265625,495.1742858886719,23.33383,11.386406,True
1123,44.88,11,0.8223101496696472,425.84075927734375,440.2106628417969,14.430051,9.198288,True
1123,44.88,14,0.7877227663993835,377.68505859375,459.6661987304688,13.805848,9.756004,True
1123,44.88,15,0.8610058426856995,670.6371459960938,347.10107421875,17.82353,6.3545475,True
1123,44.88,20,0.7955178618431091,377.6358642578125,262.2876892089844,13.807307,2.7867172,True
1123,44.88,23,0.9134255647659302,970.12060546875,442.0001525878906,21.278994,9.709737,True
1123,44.88,24,0.849116861820221,370.9429931640625,509.4503784179688,13.721934,11.2122755,True
1123,44.88,25,0.8548436164855957,340.74037170410156,301.8350830078125,13.273838,4.313402,True
1123,44.88,26,0.8355013132095337,682.4042358398438,312.650634765625,18.094423,5.1267304,True
1124,44.92,0,0.9171538949012756,219.56771850585938,608.9462280273438,11.959956,13.767674,True
1124,44.92,4,0.8385506868362427,1165.3353881835938,493.5718078613281,23.31336,11.3404045,True
1124,44.92,11,0.8109821677207947,427.20092773437506,440.93890380859375,14.447293,9.222121,True
1124,44.92,14,0.7918956875801086,378.60362243652344,463.2101440429688,13.817551,9.864166,True
1124,44.92,15,0.8444802165031433,668.1932983398438,346.49383544921875,17.792355,6.330641,True
1124,44.92,20,0.7934775352478027,374.54864501953125,264.1587829589844,13.761391,2.859247,True
1124,44.92,23,0.9026475548744202,970.5010375976562,441.2933654785156,21.287346,9.688868,True
1124,44.92,24,0.8491475582122803,370.1873474121094,509.70404052734375,13.712592,11.218917,True
1124,44.92,25,0.8541058897972107,339.63584899902344,303.30474853515625,13.258475,4.368725,True
1124,44.92,26,0.8360090851783752,676.6669616699219,313.7611083984375,18.011322,5.1611705,True
1125,44.96,0,0.9143023490905762,219.73529052734375,609.4520263671875,11.962521,13.7804575,True
1125,44.96,4,0.8603090643882751,1164.8778076171875,490.61517333984375,23.326803,11.258383,True
1125,44.96,11,0.8066790103912354,428.87701416015625,440.4220581054688,14.469197,9.207487,True
1125,44.96,14,0.8015722036361694,379.14227294921875,462.5665893554688,13.824447,9.845144,True
1125,44.96,15,0.820953369140625,666.3328552246094,349.2332763671875,17.75898,6.424727,True
1125,44.96,20,0.7783836722373962,372.0598602294922,269.1536560058594,13.724659,3.0595021,True
1125,44.96,23,0.8973097801208496,971.1063842773438,441.2587890625,21.294954,9.688326,True
1125,44.96,24,0.8546448349952698,369.35020446777344,510.0914001464844,13.702251,11.229286,True
1125,44.96,25,0.8544895648956299,339.3250732421875,305.0624389648437,13.254734,4.435953,True
1125,44.96,26,0.8092189431190491,671.2911987304688,326.1377868652344,17.897459,5.607745,True
1126,45.0,0,0.8939589858055115,219.68500518798828,610.1842041015625,11.962791,13.798778,True
1126,45.0,4,0.8650854229927063,1162.7390747070312,482.4835205078125,23.35373,11.030461,True
1126,45.0,11,0.8178098797798157,428.6252136230469,440.7829284667969,14.46577,9.218497,True
1126,45.0,14,0.7907838821411133,378.3429412841797,460.1671752929688,13.814267,9.771764,True
1126,45.0,15,0.824397087097168,663.4173583984375,348.22247314453125,17.72264,6.3862557,True
1126,45.0,20,0.8032611608505249,372.16746520996094,270.6167297363281,13.726332,3.1189628,True
1126,45.0,23,0.9006847143173218,970.6456298828124,441.6805114746094,21.2871,9.700589,True
1126,45.0,24,0.8547543883323669,369.5608215332031,510.3193054199219,13.704871,11.235899,True
1126,45.0,25,0.8611986637115479,337.63916015625,305.9071960449219,13.230765,4.4663377,True
1126,45.0,26,0.7780808806419373,667.3173522949219,320.581298828125,17.860302,5.401079,True
1127,45.04,0,0.9042431116104126,220.50592041015625,610.896240234375,11.973259,13.817079,True
1127,45.04,4,0.8822979927062988,1161.307861328125,479.76568603515625,23.354376,10.953194,True
1127,45.04,11,0.812644898891449,428.42311096191406,441.60455322265625,14.462765,9.243864,True
1127,45.04,14,0.7807433605194092,378.41156005859375,462.4144287109375,13.815109,9.83994,True
1127,45.04,15,0.8996542096138,653.2718505859375,350.287109375,17.57963,6.4478607,True
1127,45.04,20,0.7929865121841431,368.88018798828125,277.3584899902344,13.678319,3.3862214,True
1127,45.04,23,0.9006786346435547,970.9396362304688,441.9101257324219,21.289509,9.707708,True
1127,45.04,24,0.8559661507606506,369.23260498046875,510.18365478515625,13.700801,11.231814,True
1127,45.04,25,0.86670982837677,335.74169921875,306.48309326171875,13.203647,4.4861274,True
1127,45.04,26,0.6781324744224548,662.3790588378906,326.6361389160156,17.773596,5.6158895,True
1128,45.08,0,0.8874230980873108,224.25411987304688,611.3465576171875,12.017731,13.830506,True
1128,45.08,4,0.879027783870697,1157.591552734375,477.9305419921875,23.322437,10.898831,True
1128,45.08,11,0.8150694966316223,429.7116394042969,441.8733215332031,14.47927,9.25332,True
1128,45.08,14,0.781242311000824,378.2817077636719,462.450439453125,13.813449,9.840923,True
1128,45.08,15,0.90265154838562,649.9710998535156,347.5248413085937,17.54289,6.347573,True
1128,45.08,20,0.794800341129303,366.92112731933594,270.9076232910156,13.64873,3.1238356,True
1128,45.08,23,0.9098942279815674,972.6059875488281,443.1916198730469,21.303247,9.7474165,True
1128,45.08,24,0.8336467742919922,369.9321746826172,511.5257873535156,13.709536,11.270326,True
1128,45.08,25,0.8825305104255676,334.47364807128906,307.4026794433594,13.185792,4.519823,True
1128,45.08,26,0.65482497215271,656.8788146972656,322.1788024902344,17.711498,5.4476686,True
1129,45.12,0,0.8878949880599976,224.29449462890625,611.4447631835938,12.018315,13.832985,True
1129,45.12,4,0.8591493368148804,1159.760009765625,474.3968200683594,23.370752,10.800644,True
1129,45.12,11,0.8153266310691833,430.7770233154297,442.14984130859375,14.492884,9.262819,True
1129,45.12,14,0.7679784893989563,377.6365661621094,466.2482604980469,13.805167,9.955026,True
1129,45.12,15,0.9169480800628662,648.3101806640625,349.23199462890625,17.515602,6.405708,True
1129,45.12,20,0.8041731119155884,366.34742736816406,274.0670166015625,13.640631,3.2506912,True
1129,45.12,23,0.9077919125556946,974.0032348632812,443.8416137695313,21.316969,9.767976,True
1129,45.12,24,0.8074108362197876,369.1869354248047,512.0720825195312,13.700355,11.285231,True
1129,45.12,25,0.8796351552009583,332.92347717285156,307.4308166503906,13.16345,4.51903,True
1129,45.12,26,0.7077212929725647,654.8640441894531,321.76226806640625,17.684978,5.4301944,True
1130,45.16,0,0.8939521312713623,225.43436431884766,611.5874633789062,12.031837,13.837209,True
1130,45.16,4,0.807619035243988,1164.2059326171875,475.495361328125,23.416065,10.835006,True
1130,45.16,11,0.7982426881790161,429.43603515625,442.6440124511719,14.475336,9.277002,True
1130,45.16,14,0.770467221736908,376.71165466308594,467.98291015625,13.793372,10.006431,True
1130,45.16,15,0.9119771122932434,647.3058166503906,351.4155578613281,17.495913,6.481036,True
1130,45.16,20,0.7972758412361145,364.46551513671875,281.6993103027344,13.613956,3.5538638,True
1130,45.16,23,0.9110363721847534,974.6107482910156,444.7172546386719,21.319828,9.794605,True
1130,45.16,24,0.8247547149658203,368.9620666503906,512.4572143554688,13.697599,11.295951,True
1130,45.16,25,0.8800009489059448,332.4114990234375,309.0216369628906,13.15687,4.579242,True
1130,45.16,26,0.6426045298576355,653.9356384277344,322.8414611816406,17.668947,5.468533,True
1131,45.2,0,0.8871060609817505,228.53164672851562,611.3751831054688,12.067896,13.833688,True
1131,45.2,4,0.8187419176101685,1165.6295776367188,476.1985778808594,23.428276,10.855917,True
1131,45.2,11,0.8212860226631165,427.05418395996094,442.2551879882813,14.444784,9.262893,True
1131,45.2,14,0.7850727438926697,377.6292419433594,460.0609130859375,13.805129,9.767948,True
1131,45.2,15,0.9166662096977234,645.2507629394531,352.4141540527344,17.465405,6.5137367,True
1131,45.2,20,0.8197041749954224,363.25794982910156,282.2985534667969,13.596331,3.5761547,True
1131,45.2,23,0.9070520401000975,975.9415283203125,444.9299011230469,21.335,9.802026,True
1131,45.2,24,0.8539595007896423,369.49798583984375,513.027099609375,13.704257,11.312434,True
1131,45.2,25,0.864118754863739,329.73301696777344,308.5585021972656,13.118033,4.5583253,True
1131,45.2,26,0.7945611476898193,651.9650268554688,320.80645751953125,17.64784,5.3919883,True
1132,45.24,0,0.8927018642425537,231.60665893554688,611.2362670898438,12.103773,13.831987,True
1132,45.24,4,0.8207467794418335,1164.7222900390625,476.1588439941406,23.417847,10.854125,True
1132,45.24,11,0.8373742699623108,424.70433044433594,442.5625915527344,14.414312,9.270417,True
1132,45.24,14,0.7665607929229736,377.80116271972656,457.6453247070313,13.807356,9.694612,True
1132,45.24,15,0.8899564146995544,643.5098571777344,353.33648681640625,17.439384,6.5440664,True
1132,45.24,20,0.8182566165924072,362.7514343261719,282.6464538574219,13.588959,3.5893364,True
1132,45.24,23,0.9027603268623352,976.3710021972656,445.0432739257813,21.33966,9.805754,True
1132,45.24,24,0.8646302223205566,369.12037658691406,512.9751586914062,13.699589,11.310694,True
1132,45.24,25,0.8787381052970886,328.361328125,309.1772766113281,13.098601,4.5803185,True
1132,45.24,26,0.8276094198226929,650.2332763671875,322.0240783691406,17.620333,5.4345417,True
1133,45.28,0,0.9212613701820374,235.24073791503906,610.4925537109375,12.145556,13.815485,True
1133,45.28,4,0.8279693722724915,1161.9013061523438,476.5351257324219,23.38218,10.862662,True
1133,45.28,11,0.846010684967041,427.4279479980469,441.9771118164063,14.449739,9.2545805,True
1133,45.28,14,0.7644162178039551,377.3936462402344,452.0290832519531,13.802168,9.522457,True
1133,45.28,15,0.8659828901290894,635.5533142089844,353.7353820800781,17.331009,6.549657,True
1133,45.28,20,0.833941638469696,359.459228515625,284.27313232421875,13.541001,3.649704,True
1133,45.28,23,0.8932058811187744,976.9906616210938,446.3364868164063,21.340464,9.844774,True
1133,45.28,24,0.8657745122909546,369.6538543701172,513.7684936523438,13.706225,11.333467,True
1133,45.28,25,0.8887616395950317,322.20298767089844,309.5440368652344,13.010064,4.5869246,True
1133,45.28,26,0.8354930281639099,643.0140075683594,328.7659912109375,17.501408,5.6714826,True
1134,45.32,0,0.918651044368744,236.81204223632812,609.6339111328125,12.163069,13.794902,True
1134,45.32,4,0.8474413156509399,1160.1512451171875,474.5120544433594,23.374622,10.804195,True
1134,45.32,11,0.8446496725082397,424.94384765625,442.6926879882813,14.417346,9.274659,True
1134,45.32,14,0.7565210461616516,377.351806640625,451.551513671875,13.801632,9.507749,True
1134,45.32,15,0.855549693107605,627.4034118652344,354.4525756835937,17.21918,6.566131,True
1134,45.32,20,0.8599156737327576,358.2960968017578,287.454345703125,13.524647,3.7740383,True
1134,45.32,23,0.8916590809822083,977.1696472167969,446.39459228515625,21.342348,9.846648,True
1134,45.32,24,0.8592780828475952,370.81365966796875,514.068603515625,13.720559,11.342768,True
1134,45.32,25,0.8813571929931641,320.2148132324219,309.1125183105469,12.981125,4.568048,True
1134,45.32,26,0.8538624048233032,640.0959777832031,315.9173889160156,17.497906,5.1988783,True
1135,45.36,0,0.9180392026901244,240.0832748413086,610.5571899414062,12.202354,13.819897,True
1135,45.36,4,0.8542713522911072,1161.045654296875,477.6584167480469,23.364855,10.893706,True
1135,45.36,11,0.854979395866394,424.6556091308594,443.833740234375,14.413119,9.309787,True
1135,45.36,14,0.7579361796379089,376.45904541015625,453.1013488769531,13.790132,9.554582,True
1135,45.36,15,0.8436038494110107,619.5966796875,354.6276550292969,17.113367,6.5640864,True
1135,45.36,20,0.8572885394096375,357.2843322753906,292.2519836425781,13.510946,3.9613054,True
1135,45.36,23,0.8908158540725708,976.856689453125,446.7281494140625,21.336777,9.856318,True
1135,45.36,24,0.8738865256309509,371.1947326660156,514.30810546875,13.725274,11.349793,True
1135,45.36,25,0.8795234560966492,318.4757080078125,309.9110717773437,12.956571,4.596462,True
1135,45.36,26,0.8252231478691101,635.261474609375,314.5614929199219,17.434656,5.143249,True
1136,45.4,0,0.8982401490211487,243.53721618652344,602.5256958007812,12.234768,13.620042,True
1136,45.4,4,0.8540035486221313,1160.3753662109375,476.7715759277344,23.362677,10.868207,True
1136,45.4,11,0.858046293258667,424.4510192871094,444.646728515625,14.410123,9.334782,True
1136,45.4,14,0.7579891681671143,377.2646026611328,456.8621215820313,13.800478,9.670288,True
1136,45.4,15,0.8493649959564209,612.4095153808594,355.2669677734375,17.014744,6.5788536,True
1136,45.4,20,0.8442459106445312,356.6949768066406,300.8647155761719,13.504355,4.295446,True
1136,45.4,23,0.8882929682731628,976.5486145019531,446.6890258789063,21.333218,9.854906,True
1136,45.4,24,0.8856405019760132,372.2325744628906,515.1724243164062,13.738112,11.374884,True
1136,45.4,25,0.8708149194717407,319.74037170410156,311.3241271972656,12.975715,4.651861,True
1136,45.4,26,0.7891421318054199,630.4146118164062,312.3089599609375,17.373568,5.054191,True
1137,45.44,0,0.8831969499588013,252.98196411132812,599.7259521484375,12.343269,13.554781,True
1137,45.44,4,0.8657114505767822,1155.7957153320312,473.9211120605469,23.32703,10.784229,True
1137,45.44,11,0.8559606671333313,424.14288330078125,444.4552917480469,14.406235,9.328594,True
1137,45.44,14,0.75738126039505,376.2279510498047,458.7213134765625,13.787178,9.7260685,True
1137,45.44,15,0.799639880657196,610.3401489257812,355.3107604980469,16.986689,6.5782213,True
1137,45.44,20,0.8414086103439331,356.84912109375,302.4537353515625,13.506946,4.356916,True
1137,45.44,23,0.8844773769378662,976.2420654296875,446.67327880859375,21.329554,9.854191,True
1137,45.44,24,0.8900012373924255,374.36370849609375,516.0831298828125,13.764409,11.402032,True
1137,45.44,25,0.8885499238967896,319.15956115722656,312.138916015625,12.967884,4.6821814,True
1137,45.44,26,0.8064097166061401,626.9478759765625,319.6685791015625,17.305153,5.321962,True
1138,45.48,0,0.8928794860839844,262.01637268066406,596.886474609375,12.447202,13.488082,True
1138,45.48,4,0.8899258971214294,1150.7156982421875,471.629150390625,23.281725,10.7154,True
1138,45.48,11,0.8671306371688843,425.3499298095703,445.2096252441406,14.421456,9.352958,True
1138,45.48,14,0.7657724618911743,376.1083984375,455.9542846679688,13.785632,9.641611,True
1138,45.48,15,0.7824908494949341,603.6066589355469,356.0049133300781,16.894085,6.5953665,True
1138,45.48,20,0.7978013157844543,355.1487731933594,307.5826110839844,13.483646,4.5516143,True
1138,45.48,23,0.8857581615447998,977.3027648925781,446.9602661132813,21.341013,9.863581,True
1138,45.48,24,0.8866339921951294,374.4427490234375,517.486328125,13.7654085,11.441487,True
1138,45.48,25,0.8609733581542969,318.1158752441406,313.109375,12.95351,4.717827,True
1138,45.48,26,0.8382835388183594,619.4493713378906,326.4891662597656,17.183332,5.5627084,True
1139,45.52,0,0.8890732526779175,265.1672592163086,595.957275390625,12.483573,13.46633,True
1139,45.52,4,0.8924418687820435,1149.272705078125,471.4150695800781,23.266026,10.708234,True
1139,45.52,11,0.8693462610244751,425.7544250488281,445.9958801269531,14.426312,9.377595,True
1139,45.52,14,0.7651639580726624,376.2617950439453,457.520263671875,13.787608,9.689522,True
1139,45.52,15,0.8267359733581543,601.1778869628906,357.892333984375,16.856907,6.658428,True
1139,45.52,20,0.8111610412597656,355.7118225097656,310.1012878417969,13.492346,4.648332,True
1139,45.52,23,0.8866117596626282,977.0169067382812,446.6656799316406,21.339062,9.854589,True
1139,45.52,24,0.8849608898162842,375.3308563232422,518.127685546875,13.776348,11.460106,True
1139,45.52,25,0.8492602705955505,318.00555419921875,312.9368591308594,12.951809,4.711141,True
1139,45.52,26,0.8264103531837463,617.0635681152344,331.18121337890625,17.13833,5.7300305,True
1140,45.56,0,0.8873844146728516,267.2150573730469,595.5267944335938,12.507373,13.456596,True
1140,45.56,4,0.8887088298797607,1147.3395385742188,470.1788330078125,23.25106,10.6715975,True
1140,45.56,11,0.8732146620750427,426.6199493408203,447.2483520507813,14.436881,9.41697,True
1140,45.56,14,0.7620306015014648,377.16937255859375,473.5991516113281,13.799174,10.174797,True
1140,45.56,15,0.8205196261405945,600.0432739257812,358.57696533203125,16.840027,6.681,True
1140,45.56,20,0.8511046171188354,356.8790740966797,313.1048889160156,13.509774,4.7637496,True
1140,45.56,23,0.8928197026252747,978.0557250976562,446.0509643554688,21.354979,9.837136,True
1140,45.56,24,0.8764721751213074,375.421142578125,518.7786865234375,13.777466,11.478407,True
1140,45.56,25,0.8392547369003296,317.3793487548828,316.7513427734375,12.945358,4.854902,True
1140,45.56,26,0.8268059492111206,615.2750854492188,332.0635070800781,17.111498,5.7598867,True
1141,45.6,0,0.9078251719474792,268.4512023925781,594.85400390625,12.521404,13.440202,True
1141,45.6,4,0.8926060199737549,1148.4461669921875,471.5545654296875,23.255352,10.711581,True
1141,45.6,11,0.8804314136505127,427.08453369140625,448.4269714355469,14.442312,9.45366,True
1141,45.6,14,0.7627519369125366,376.7757110595703,479.3601379394531,13.794173,10.345446,True
1141,45.6,15,0.8358814716339111,596.4923706054688,356.57110595703125,16.796658,6.607659,True
1141,45.6,20,0.855640709400177,355.6666564941406,315.2306213378906,13.492912,4.8426886,True
1141,45.6,23,0.8967576026916504,978.3582458496094,445.16455078125,21.363333,9.810978,True
1141,45.6,24,0.8700238466262817,376.51683044433594,519.7034301757812,13.790941,11.505065,True
1141,45.6,25,0.8358334302902222,317.18821716308594,321.53076171875,12.945808,5.0345182,True
1141,45.6,26,0.8391724824905396,612.3369750976562,329.9013977050781,17.076576,5.6785464,True
1142,45.64,0,0.9165325164794922,269.9233856201172,595.0105590820312,12.538907,13.44507,True
1142,45.64,4,0.8858513236045837,1150.3072509765625,472.7108154296875,23.26996,10.745821,True
1142,45.64,11,0.8672854900360107,426.36570739746094,448.9280090332031,14.432846,9.468465,True
1142,45.64,14,0.7309842109680176,375.1234130859375,470.79986572265625,13.773181,10.089582,True
1142,45.64,15,0.8433923721313477,594.2044372558594,356.3303527832031,16.766277,6.596901,True
1142,45.64,20,0.8553320169448853,355.172119140625,315.4845275878906,13.485902,4.8516874,True
1142,45.64,23,0.8939204216003418,978.0593872070312,444.320068359375,21.364117,9.785552,True
1142,45.64,24,0.877653181552887,376.69158935546875,519.5187377929688,13.793089,11.500025,True
1142,45.64,25,0.8361955881118774,316.0877227783203,324.13824462890625,12.931849,5.1307898,True
1142,45.64,26,0.807654082775116,609.6642456054688,325.7219543457031,17.050251,5.523843,True
1143,45.68,0,0.9321480393409728,274.41495513916016,594.0136108398438,12.591125,13.422356,True
1143,45.68,4,0.8598374128341675,1159.0401611328125,475.4669189453125,23.355352,10.830379,True
1143,45.68,11,0.8637945055961609,429.54014587402344,450.18157958984375,14.473019,9.509649,True
1143,45.68,14,0.7352190613746643,373.64288330078125,484.8959655761719,13.754729,10.506002,True
1143,45.68,15,0.8210218548774719,593.0339660644531,353.01763916015625,16.757862,6.480095,True
1143,45.68,20,0.8698121905326843,356.6168975830078,313.14361572265625,13.506027,4.764905,True
1143,45.68,23,0.8934598565101624,978.94384765625,440.3734130859375,21.395782,9.668184,True
1143,45.68,24,0.8705000877380371,377.74647521972656,520.5878295898438,13.806044,11.530656,True
1143,45.68,25,0.8191537857055664,315.5853576660156,331.85894775390625,12.929907,5.416753,True
1143,45.68,26,0.8121370077133179,606.3391418457031,322.47808837890625,17.012373,5.401638,True
1144,45.72,0,0.9320858716964722,275.2288589477539,592.5624389648438,12.599609,13.385811,True
1144,45.72,4,0.8559306263923645,1160.4880981445312,475.3808288574219,23.37298,10.829017,True
1144,45.72,11,0.8676873445510864,429.66949462890625,450.3325500488281,14.474605,9.514391,True
1144,45.72,14,0.7848262190818787,372.44342041015625,490.9690551757813,13.739849,10.682495,True
1144,45.72,15,0.8052868843078613,592.1986694335938,350.9417724609375,16.751184,6.406487,True
1144,45.72,20,0.8584360480308533,357.21527099609375,312.74542236328125,13.514509,4.750531,True
1144,45.72,23,0.8939840197563171,979.3383178710938,439.0070190429688,21.40787,9.627475,True
1144,45.72,24,0.8692767024040222,376.93946838378906,521.0205078125,13.796131,11.542161,True
1144,45.72,25,0.8162875175476074,315.06317138671875,328.5888061523437,12.920283,5.295208,True
1144,45.72,26,0.783815324306488,602.0677490234375,323.4946594238281,16.950712,5.434016,True
1145,45.76,0,0.927961528301239,276.7368469238281,591.383056640625,12.616524,13.356573,True
1145,45.76,4,0.8573606014251709,1160.1962280273438,475.0013122558594,23.371992,10.81807,True
1145,45.76,11,0.8617846965789795,430.7667541503906,450.9262390136719,14.48839,9.533521,True
1145,45.76,14,0.7801502346992493,370.0238494873047,491.6325988769531,13.709546,10.69994,True
1145,45.76,15,0.7908247709274292,589.0292358398438,350.3309631347656,16.709497,6.3816924,True
1145,45.76,20,0.8501324653625488,356.28147888183594,311.938232421875,13.500947,4.7188144,True
1145,45.76,23,0.8919833898544312,979.373779296875,438.11810302734375,21.413027,9.600767,True
1145,45.76,24,0.8681421875953674,377.09278869628906,521.8207397460938,13.798011,11.564594,True
1145,45.76,25,0.8240378499031067,317.071044921875,336.07879638671875,12.95372,5.5735884,True
1145,45.76,26,0.7890552282333374,601.8010559082031,325.78240966796875,16.94145,5.517232,True
1146,45.8,0,0.9234526753425598,279.57106018066406,589.9334106445312,12.648949,13.321173,True
1146,45.8,4,0.8498314619064331,1160.3765869140625,476.9215698242188,23.361725,10.872439,True
1146,45.8,11,0.8768234848976135,431.8476867675781,451.7857360839844,14.50182,9.560758,True
1146,45.8,14,0.7847272753715515,366.6075134277344,495.1588745117188,13.66702,10.799608,True
1146,45.8,15,0.8291138410568237,584.4924011230469,352.3113708496094,16.643564,6.4463897,True
1146,45.8,20,0.8455372452735901,355.17405700683594,311.76739501953125,13.48503,4.7110124,True
1146,45.8,23,0.8849624991416931,978.8758239746094,438.8331298828125,21.403112,9.621867,True
1146,45.8,24,0.868474006652832,378.3135223388672,522.3864135742188,13.812983,11.581225,True
1146,45.8,25,0.8450802564620972,316.2571563720703,340.7931213378906,12.945326,5.744809,True
1146,45.8,26,0.8109936118125916,603.9042358398438,327.3495483398437,16.96668,5.5766206,True
1147,45.84,0,0.9210801124572754,284.1671371459961,588.4764404296875,12.702277,13.286596,True
1147,45.84,4,0.8413652181625366,1162.106689453125,478.0779113769531,23.374638,10.906304,True
1147,45.84,11,0.8793960213661194,432.80560302734375,452.7752075195313,14.513589,9.591828,True
1147,45.84,14,0.7839898467063904,367.09495544433594,490.4201965332031,13.672726,10.662417,True
1147,45.84,15,0.8407304286956787,581.8105773925781,352.9744873046875,16.605747,6.4667935,True
1147,45.84,20,0.8522878289222717,354.3883514404297,312.3589172363281,13.473912,4.73252,True
1147,45.84,23,0.8863986134529114,978.4340515136719,439.0301208496094,21.39664,9.627426,True
1147,45.84,24,0.8646600246429443,379.38507080078125,522.4533081054688,13.826123,11.583849,True
1147,45.84,25,0.8512742519378662,317.2051086425781,343.0733642578125,12.9601345,5.8286676,True
1147,45.84,26,0.8105690479278564,601.9967346191406,330.4685363769531,16.9328,5.6876025,True
1148,45.88,0,0.8512362241744995,298.8406753540039,581.1266479492188,12.87145,13.106125,True
1148,45.88,4,0.8427705764770508,1162.1118774414062,477.4703674316406,23.378618,10.889193,True
1148,45.88,11,0.862769603729248,433.4314422607422,452.51123046875,14.521739,9.584281,True
1148,45.88,14,0.8019134402275085,364.04510498046875,486.9838562011719,13.63407,10.559736,True
1148,45.88,15,0.8449908494949341,576.6292724609375,353.2269592285156,16.534897,6.470186,True
1148,45.88,20,0.8428868651390076,351.73118591308594,317.0455322265625,13.437136,4.9064746,True
1148,45.88,23,0.893038809299469,979.1947937011719,440.0514831542969,21.400566,9.65873,True
1148,45.88,24,0.853234589099884,382.15098571777344,524.49169921875,13.859945,11.642497,True
1148,45.88,25,0.8417690396308899,319.41644287109375,342.6712646484375,12.990946,5.8165364,True
1148,45.88,26,0.7525246739387512,590.8418884277344,330.8838195800781,16.778116,5.690264,True
1149,45.92,0,0.8746625781059265,312.98297119140625,580.3937377929688,13.038974,13.095887,True
1149,45.92,4,0.8345094323158264,1159.75146484375,479.1122131347656,23.340271,10.933682,True
1149,45.92,11,0.8716450929641724,431.7266845703125,449.8060607910156,14.501264,9.499965,True
1149,45.92,14,0.7994098663330078,364.76715087890625,484.5718383789063,13.642905,10.489582,True
1149,45.92,15,0.8633045554161072,572.9212646484375,353.49041748046875,16.484018,6.4755125,True
1149,45.92,20,0.7765716910362244,350.34619140625,336.16259765625,13.422909,5.614051,True
1149,45.92,23,0.8903613686561584,979.2502746582031,440.4783630371094,21.398985,9.671584,True
1149,45.92,24,0.8490970730781555,383.32264709472656,524.3533935546875,13.874297,11.6394825,True
1149,45.92,25,0.8104504346847534,322.068359375,343.5557861328125,13.028717,5.851523,True
1149,45.92,26,0.7700369954109192,587.8027648925781,331.2427062988281,16.735403,5.6998806,True
1150,45.96,0,0.8679932355880737,320.5926055908203,578.4979248046875,13.128444,13.051461,True
1150,45.96,4,0.8332420587539673,1161.0314331054688,479.2528991699219,23.354422,10.938578,True
1150,45.96,11,0.8717271685600281,431.88282775878906,448.0835571289063,14.504137,9.447151,True
1150,45.96,14,0.7629673480987549,364.1413879394531,482.24554443359375,13.634764,10.420667,True
1150,45.96,15,0.858823299407959,568.8704528808594,353.1271057128906,16.429737,6.4585295,True
1150,45.96,20,0.8019123077392578,351.61572265625,330.5895080566406,13.43925,5.410925,True
1150,45.96,23,0.8829423189163208,979.1288757324219,441.0457458496094,21.394493,9.6884985,True
1150,45.96,24,0.8249620199203491,385.82997131347656,524.6258544921875,13.904971,11.648815,True
1150,45.96,25,0.8294682502746582,322.31837463378906,343.3033752441406,13.032078,5.842658,True
1150,45.96,26,0.7510189414024353,582.9147644042969,336.2054443359375,16.65707,5.8733697,True
1151,46.0,0,0.8764756917953491,323.8735046386719,578.2071533203125,13.167284,13.045953,True
1151,46.0,4,0.8448043465614319,1159.6209716796875,477.9710998535156,23.34607,10.901467,True
1151,46.0,11,0.871697723865509,431.34991455078125,447.73577880859375,14.497464,9.435995,True
1151,46.0,14,0.7428038716316223,363.82781982421875,483.05364990234375,13.630896,10.444218,True
1151,46.0,15,0.8973925113677979,565.0142211914062,354.3128662109375,16.375017,6.495989,True
1151,46.0,20,0.7927584648132324,350.94268798828125,343.5940856933594,13.4333725,5.884758,True
1151,46.0,23,0.8808333277702332,979.9234619140625,441.3135070800781,21.402819,9.697171,True
1151,46.0,24,0.8135488629341125,391.1591796875,526.1661376953125,13.969992,11.695271,True
1151,46.0,25,0.823876678943634,323.81861877441406,344.5516967773437,13.053847,5.8894854,True
1151,46.0,26,0.780592679977417,582.1116333007812,331.67266845703125,16.65598,5.7091284,True
1152,46.04,0,0.8779616951942444,327.66456604003906,575.3657836914062,13.211217,12.974451,True
1152,46.04,4,0.8716830015182495,1156.0609130859375,479.8311767578125,23.292257,10.951189,True
1152,46.04,11,0.8646515607833862,431.6521453857422,448.4323120117188,14.5009985,9.457686,True
1152,46.04,14,0.7303653955459595,361.4821319580078,485.1710510253906,13.601577,10.504616,True
1152,46.04,15,0.8763537406921387,562.0828247070312,355.71075439453125,16.33252,6.5417724,True
1152,46.04,20,0.8406736254692078,350.01258850097656,351.56597900390625,13.422629,6.1700096,True
1152,46.04,23,0.8832696676254272,980.7157897949219,441.8738098144531,21.409563,9.714599,True
1152,46.04,24,0.8406004905700684,388.0820770263672,528.4735107421875,13.932167,11.756924,True
1152,46.04,25,0.8276201486587524,325.9851531982422,345.6970520019531,13.084847,5.9332323,True
1152,46.04,26,0.7753647565841675,580.5857543945312,335.2232666015625,16.627197,5.8355136,True
1153,46.08,0,0.874402642250061,340.2747802734375,572.767822265625,13.360377,12.91461,True
1153,46.08,4,0.8666496872901917,1156.7125244140625,476.88873291015625,23.31877,10.86881,True
1153,46.08,11,0.8721392154693604,431.2500305175781,446.5655212402344,14.496767,9.399846,True
1153,46.08,14,0.737885057926178,362.2626953125,487.8391418457031,13.611748,10.583378,True
1153,46.08,15,0.8737630844116211,555.59619140625,359.16033935546875,16.238096,6.655173,True
1153,46.08,20,0.8134193420410156,351.55731201171875,338.0570983886719,13.440471,5.6845417,True
1153,46.08,23,0.8899115324020386,981.5959777832031,442.53851318359375,21.416822,9.735205,True
1153,46.08,24,0.8391816020011902,399.0991516113281,524.0693359375,14.06737,11.642717,True
1153,46.08,25,0.8260878324508667,324.7986297607422,342.787353515625,13.066601,5.8267035,True
1153,46.08,26,0.8348740935325623,575.5808715820312,343.074951171875,16.541782,6.1108813,True
1154,46.12,0,0.9123464822769164,349.60630798339844,570.3775634765625,13.470878,12.857998,True
1154,46.12,4,0.8623132109642029,1157.798828125,476.4025573730469,23.334694,10.85589,True
1154,46.12,11,0.8691959977149963,431.45945739746094,444.3004150390625,14.500603,9.33005,True
1154,46.12,14,0.7679367661476135,359.8493957519531,487.4097290039063,13.581328,10.568952,True
1154,46.12,15,0.8600741624832153,559.1844787597656,359.3443908691406,16.286337,6.6652913,True
1154,46.12,20,0.7847326397895813,352.43121337890625,341.58154296875,13.453674,5.8135815,True
1154,46.12,23,0.890283465385437,981.9767150878906,442.6912536621094,21.420675,9.740083,True
1154,46.12,24,0.8518120646476746,404.85447692871094,522.7593383789062,14.138036,11.61039,True
1154,46.12,25,0.8453992009162903,325.9401550292969,343.1324768066406,13.082815,5.8404713,True
1154,46.12,26,0.8570554256439209,565.9656066894531,342.1328430175781,16.412067,6.0669675,True
1155,46.16,0,0.9163309931755066,357.79774475097656,566.7944946289062,13.567869,12.769197,True
1155,46.16,4,0.8472760319709778,1158.4545288085938,476.2305908203125,23.34353,10.85152,True
1155,46.16,11,0.8547375202178955,430.15126037597656,448.3444519042969,14.481759,9.453714,True
1155,46.16,14,0.7551729679107666,361.8398742675781,478.0807189941406,13.605163,10.295783,True
1155,46.16,15,0.8750577569007874,556.7713928222656,358.78350830078125,16.254711,6.6432953,True
1155,46.16,20,0.8132946491241455,353.9830017089844,350.4477233886719,13.477571,6.1343627,True
1155,46.16,23,0.8967258930206299,982.6670837402344,442.6275024414063,21.42947,9.738738,True
1155,46.16,24,0.8327952027320862,411.68853759765625,525.3938598632812,14.220846,11.688291,True
1155,46.16,25,0.8308722972869873,325.90382385253906,344.99755859375,13.083325,5.907892,True
1155,46.16,26,0.8246584534645081,570.3794860839844,342.50128173828125,16.471785,6.0848594,True
1156,46.2,0,0.9101824164390564,364.3687438964844,565.041748046875,13.646063,12.727268,True
1156,46.2,4,0.8539735674858093,1158.4603881835938,475.91009521484375,23.345663,10.842472,True
1156,46.2,11,0.8538644909858704,428.70079040527344,456.7895202636719,14.45912,9.7107935,True
1156,46.2,14,0.7573385238647461,363.9943389892578,483.4078369140625,13.633036,10.454768,True
1156,46.2,15,0.8450380563735962,553.2069702148438,357.2582702636719,16.209202,6.5864863,True
1156,46.2,20,0.8030900359153748,353.45054626464844,353.89263916015625,13.471011,6.2565947,True
1156,46.2,23,0.8872683644294739,982.60888671875,442.4150695800781,21.429884,9.732338,True
1156,46.2,24,0.83721923828125,420.2401428222656,522.9160766601562,14.3260565,11.6256075,True
1156,46.2,25,0.8374446630477905,329.1766052246094,345.80224609375,13.129593,5.9405317,True
1156,46.2,26,0.8253825306892395,571.3853759765625,340.0087890625,16.490688,5.9970455,True
1157,46.24,0,0.8758631944656372,372.4631652832031,562.642578125,13.742563,12.66918,True
1157,46.24,4,0.8522869348526001,1160.76806640625,477.2692565917969,23.364094,10.882533,True
1157,46.24,11,0.8444328904151917,423.9341125488281,450.5813598632813,14.400887,9.517199,True
1157,46.24,14,0.8003219962120056,359.78497314453125,485.0961608886719,13.580177,10.501098,True
1157,46.24,15,0.8856933116912842,556.7306823730469,355.9140319824219,16.259499,6.54327,True
1157,46.24,20,0.7927396297454834,353.96128845214844,353.9299621582031,13.478108,6.25847,True
1157,46.24,23,0.8927530646324158,983.0171203613281,442.4633483886719,21.434628,9.734114,True
1157,46.24,24,0.7248697876930237,409.05535888671875,521.4903564453125,14.1897545,11.578062,True
1157,46.24,25,0.8191100358963013,329.75718688964844,345.55450439453125,13.137596,5.932233,True
1157,46.24,26,0.8230884671211243,570.4938049316406,336.3531188964844,16.485985,5.865067,True
1158,46.28,0,0.8305877447128296,385.8502197265625,559.4118041992188,13.902627,12.59234,True
1158,46.28,4,0.8686202764511108,1162.728759765625,475.16357421875,23.400805,10.824534,True
1158,46.28,11,0.8357468843460083,424.2798309326172,453.58197021484375,14.404021,9.609357,True
1158,46.28,14,0.8042078614234924,360.2654266357422,489.5260620117188,13.586865,10.631104,True
1158,46.28,15,0.8584601283073425,546.5995178222656,357.9244079589844,16.11837,6.6028094,True
1158,46.28,20,0.7831186056137085,359.4391174316406,351.9239196777344,13.5537405,6.192949,True
1158,46.28,23,0.885245144367218,983.2220458984376,442.2632141113281,21.438202,9.728295,True
1158,46.28,24,0.8025813698768616,428.4246520996094,522.0821533203125,14.426346,11.608224,True
1158,46.28,25,0.8325855731964111,330.4018859863281,346.8411560058594,13.147263,5.9793115,True
1158,46.28,26,0.8273676037788391,569.2519226074219,334.3802795410156,16.472954,5.7926917,True
1159,46.32,0,0.8231183290481567,393.3218994140625,557.3562622070312,13.992211,12.542649,True
1159,46.32,4,0.8662941455841064,1163.4989013671875,473.7072143554688,23.419338,10.7838955,True
1159,46.32,11,0.8310196399688721,422.5970916748047,452.73779296875,14.38282,9.582142,True
1159,46.32,14,0.818656861782074,357.8387145996094,489.2000732421875,13.556316,10.619722,True
1159,46.32,15,0.8736616373062134,543.3260192871094,358.72857666015625,16.072565,6.6274033,True
1159,46.32,20,0.7914355993270874,360.24830627441406,354.22381591796875,13.56538,6.2756557,True
1159,46.32,23,0.887628436088562,982.8556518554688,441.4002075195313,21.438303,9.702164,True
1159,46.32,24,0.828752338886261,434.42774963378906,522.0999145507812,14.499629,11.612956,True
1159,46.32,25,0.8289907574653625,330.8661804199219,345.84149169921875,13.153265,5.943802,True
1159,46.32,26,0.8594803214073181,566.3439331054688,332.3418884277344,16.437017,5.7158723,True
1160,46.36,0,0.8242061138153076,395.9321899414063,555.49853515625,14.0237255,12.494949,True
1160,46.36,4,0.8631393313407898,1162.7265014648438,471.9057922363281,23.421934,10.732232,True
1160,46.36,11,0.8232890367507935,423.0885772705078,452.2682189941406,14.3893175,9.568184,True
1160,46.36,14,0.8129187226295471,354.19464111328125,487.2263488769531,13.510114,10.559206,True
1160,46.36,15,0.8874784708023071,539.2131042480469,358.4661560058594,16.017206,6.613984,True
1160,46.36,20,0.7835411429405212,358.61134338378906,356.6396789550781,13.54314,6.3595634,True
1160,46.36,23,0.8888339996337891,983.1056823730469,439.972412109375,21.448975,9.65956,True
1160,46.36,24,0.8161042928695679,433.0828094482422,520.8917236328125,14.483777,11.5784235,True
1160,46.36,25,0.8343566060066223,331.2730407714844,345.6995849609375,13.158891,5.939131,True
1160,46.36,26,0.8565732836723328,566.8620300292969,332.3765563964844,16.4441,5.7177,True
1161,46.4,0,0.8183406591415405,400.4941101074219,554.0805053710938,14.078625,12.46015,True
1161,46.4,4,0.8507293462753296,1162.6495971679688,472.0015869140625,23.420403,10.734895,True
1161,46.4,11,0.8286425471305847,421.5783386230469,465.9294128417969,14.364412,9.981127,True
1161,46.4,14,0.818240225315094,357.99903869628906,488.1325073242188,13.558158,10.58866,True
1161,46.4,15,0.8830402493476868,536.387939453125,358.70147705078125,15.978468,6.619237,True
1161,46.4,20,0.6621798872947693,357.0973205566406,361.7456359863281,13.52323,6.5379825,True
1161,46.4,23,0.87557452917099,983.2027587890625,437.7102966308594,21.46225,9.591645,True
1161,46.4,24,0.8031845688819885,446.1237335205078,518.8722534179688,14.644165,11.531442,True
1161,46.4,25,0.8153771162033081,333.7623596191406,348.357421875,13.194956,6.0375047,True
1161,46.4,26,0.8602229952812195,566.1232604980469,327.28125,16.444294,5.53186,True
1162,46.44,0,0.8752915859222412,409.05494689941406,552.1602172851562,14.181675,12.41451,True
1162,46.44,4,0.8426962494850159,1161.5485229492188,474.3880920410156,23.39191,10.801724,True
1162,46.44,11,0.8502616286277771,419.1120147705078,462.9073791503906,14.334234,9.888169,True
1162,46.44,14,0.8177707195281982,357.45819091796875,489.5806579589844,13.551597,10.630536,True
1162,46.44,15,0.8685687780380249,534.7515106201172,359.12823486328125,15.955557,6.632391,True
1162,46.44,20,0.7723599672317505,357.4213409423828,362.5992126464844,13.527869,6.5682836,True
1162,46.44,23,0.8770670890808105,982.8710327148438,436.854248046875,21.462755,9.565584,True
1162,46.44,24,0.8178226947784424,451.41163635253906,513.8646850585938,14.711876,11.395199,True
1162,46.44,25,0.789646565914154,333.85108947753906,348.9254150390625,13.196455,6.0579896,True
1162,46.44,26,0.8577903509140015,565.0632629394531,327.2200927734375,16.429728,5.5284414,True
